"他喜歡音樂嗎?" "是的, 他喜歡。"	"Ele gosta de música?" "Sim, ele gosta."
"他昨天寫了一封信嗎?" "是的, 他寫了。"	"Ele escreveu uma carta ontem?" "Sim, ele escreveu."
"侏儒流氓"是德國導演韋納荷索在一九七零年的一部電影。	"Anão Malandro" é um filme de 1970 do diretor alemão Werner Herzog.
3Q！	3Q！
CNN纪录片当中探究皇室最新成员在适应的时候他们是如何支持她的。	CNN纪录片当中探究皇室最新成员在适应的时候他们是如何支持她的。
Johny以前是個化學家，但現在Johny不再是了。他以前所想的是水，是硫酸。	Johny以前是個化學家，但現在Johny不再是了。他以前所想的是水，是硫酸。
Linux系统的高手都会用命令行。	Linux系统的高手都会用命令行。
Luke，我是你的表妹。	Luke，我是你的表妹。
Shh！不要出聲……我們現在捉迷藏，要搞的話快點找一個地方躲藏一邊了。	Shh！不要出聲……我們現在捉迷藏，要搞的話快點找一個地方躲藏一邊了。
Tatoeba:凡辯論溫度超過兩隻兔子的會使嬰兒在襪子裡！	Tatoeba:凡辯論溫度超過兩隻兔子的會使嬰兒在襪子裡！
Tatoeba:聽過句子打架嗎？是啊，那是我們為好玩做的。	Tatoeba:聽過句子打架嗎？是啊，那是我們為好玩做的。
Tatoeba：比起没有句子，没有感觉更好。	Tatoeba：比起没有句子，没有感觉更好。
Tom喜欢之士。	Tom喜欢之士。
Tom处理了卡片。	Tom处理了卡片。
Tom并不觉得抱歉。	Tom并不觉得抱歉。
Tom承认了他摔了红酒。	Tom承认了他摔了红酒。
Tom是Mary的丈夫吗，是吗	Tom是Mary的丈夫吗，是吗
“Tom受不了我了。”“胡说八道！你在异想天开！”	“Tom受不了我了。”“胡说八道！你在异想天开！”
“pretty”怎么拼写？	“pretty”怎么拼写？
“上周你看电视了吗？”“没有，我没看。”	"Semana passada você assistiu televisão?" "Não, não assisti."
“两元店”是我最喜欢的商店。	“Dois reais” é minha loja favorita.
“什么宠物一直在地板上？”“地毯。”	“Qual animal de estimação fica sempre no chão?” “Tapete.”
“你漏写了一个撇号。it's和its是有分别的。” “我知道。是我打错了。”	“你漏写了一个撇号。it's和its是有分别的。” “我知道。是我打错了。”
“我不能抓我的主人。”猫说。	“Não posso agarrar meu dono.” disse o gato.
“我也那样觉得。”她附和道。	“Eu também acho isso.” ela concordou.
“我可以用电话吗？”“请便。”	“Posso usar o telefone?”“À vontade.”
“我明天再做。” “这话你昨天就说过了！”	“Eu faço amanhã.” “Você já disse isso ontem!”
“我的车不需要排队阿，”他提议。	“Meu carro não precisa ficar na fila,” ele sugeriu.
“我讨厌你！”“彼此彼此。”	“Eu te odeio!” “Idem, idem.”
“步行到 Vienon 需要多少时间？”他问。	“步行到 Vienon 需要多少时间？”他问。
“母亲是美国人，父亲是维族。”　“是真的吗？”　“不！开玩笑的！”	“A mãe é americana, o pai é uigur.” “É verdade?” “Não! É brincadeira!”
“汤姆怎么说？”“我不知道，我不说汤姆。”	“Tom como diz?” “Não sei, não digo Tom.”
“看啊！” 她说道。	“Olha!” ela disse.
“膟”是一種用牲法。	"Lǜ" é um método de sacrifício animal.
“这些是谁的裤子？”“它们是肯的.”	“De quem são essas calças?” “Elas são do Ken.”
“需要我为您留个口信儿吗？”“不用了，谢谢。”	“Precisa que eu deixe um recado para o senhor?” “Não precisa, obrigado.”
“騰”和“乘”是疊韻關係。	"Teng" e "Cheng" têm relação de rima repetida.
《Tom和Mary离开了。》《这是的从前的故事。》	《Tom和Mary离开了。》《这是的从前的故事。》
「Guitar」一字的重音在第二音節。	「Guitar」一字的重音在第二音節。
「他會來嗎？」「我看不會了。」	"Ele virá?" "Acho que não vai mais."
「你不會抽菸？」「怎麼可能不會！」	"Você não sabe fumar?" "Como assim não sei!"
「你們昨晚幾點睡的？」「我們大概兩點半才睡。」	"Que horas vocês dormiram ontem à noite?" "Nós só fomos dormir lá pelas duas e meia."
「你感覺怎麼樣？」「一點也不好！」	「Como você está se sentindo?」「Nada bem!」
「你能帶我去商店嗎？」「你的自行車呢？」「被人偷走了。」	"Você pode me levar à loja?" "E a sua bicicleta?" "Foi roubada."
「喂！這裏跑步很危險的。」「嗯？……啊、啊、啊！！」「唉，我剛才不是和你說了嗎？」	«Ei! Correr aqui é perigoso.» «Hã?... Ah, ah, ah!!» «Puxa, eu não acabei de te avisar?»
「她在說些甚麼？」「你連『祝詞』也不知道嗎？」「祝詞？」「就是神道咒語之類的東西。」	"O que ela está dizendo?" "Você nem sabe o que é 'norito'?" "Norito?" "É algo como encantamentos xintoístas."
「巧言令色，鮮矣仁」這句說話，用來形容他最適合不過了。他說的話，沒有一句是有誠意的。	A frase "Palavras hábeis e expressões fingidas, raramente têm benevolência" é a mais adequada para descrevê-lo. Não há uma única palavra dita por ele que tenha sinceridade.
「幹嘛呢？」「在看我養的植物生長呢。」	「O que está fazendo?」「Estou vendo as plantas que cultivo crescerem.」
「現在幾點鐘？」「三時二十分。」	“Que horas são agora?” “Três e vinte.”
「說到一百零八，這不就是代表煩惱的數字嗎。」「那麼你有甚麼煩惱呀？」「告訴你並不是不可以，但是內容會給河蟹掉的。」	"Falando em cento e oito, isso não é o número que representa os sofrimentos?" "Então, quais sofrimentos você tem?" "Não é que eu não possa te contar, mas o conteúdo será censurado."
「這些字母全都左右倒轉了！」「才不是呢，這是俄文，俄文的字母就是這樣寫的。」	"Essas letras estão todas viradas ao contrário!" "Não é nada disso, isso é russo, as letras do russo são escritas assim."
「這裡誰是老大？」「我是。」「想得美！」	「Aqui quem é o chefe?」「Sou eu.」「Pensa bem!」
一個球正順流而下。	Uma bola está descendo a correnteza.
一個都不留！	Nenhum vai escapar!
一個除了呼吸之外做任何事之前都要經過老婆同意的男人是一個怕老婆的男人。	Um homem que, além de respirar, precisa da aprovação da esposa antes de fazer qualquer coisa é um homem que tem medo da esposa.
一名空姐從飛機殘骸中被救出來了。	Uma comissária de bordo foi resgatada dos destroços do avião.
一年过去了，但仿佛我们昨天还见过面似的。	Um ano se passou, mas parece que nos vimos ontem.
一旦爆發核戰爭，受苦的將會是全人類。	Uma vez que uma guerra nuclear estoure, quem sofrerá será toda a humanidade.
一朝被蛇咬，十年怕井绳。	Quem já foi mordido por cobra, por dez anos tem medo de corda de poço.
一条受伤的鲸鱼在海滩边搁浅了。	Uma baleia ferida encalhou na praia.
一直往前走。	Siga sempre em frente.
一言既出，駟馬難追。	Uma palavra dita, nem quatro cavalos a alcançam.
一边站着。	Fique de um lado.
一頭熊攻擊了湯姆。	Um urso atacou o Tom.
一，二，三！	Um, dois, três!
七月一日入住對我們來說可以，但我們最早六月初也能入住。	Entrar no dia primeiro de julho é possível para nós, mas podemos entrar no início de junho também.
万一有紧急情况，联系我的代理人。	Se houver uma emergência, contate meu representante.
三十六计走为上。	Das trinta e seis estratégias, a melhor é fugir.
三把叉子是一家供應啤酒的酒吧，其目標客戶是旅行者。	Três Garfos é um bar que serve cerveja, cujo público-alvo são viajantes.
三振出局！	Três strikes e está fora!
三更半夜不睡觉，你在干嘛呢？	Não dormindo no meio da noite, o que você está fazendo?
上个月是十一月吗？	O mês passado foi novembro?
上個星期天天氣怎麼樣？	Como estava o tempo na semana passada?
上大學的時候，你得到的比付出的還多。	Na faculdade, você ganha mais do que perde.
上帝保佑你们！	Deus abençoe vocês!
上帝保佑你！	Deus abençoe você!
上帝保佑您！	Deus abençoe o senhor!
上帝賜予我健康的身體。	Deus me concedeu um corpo saudável.
上樓把我的旅行箱拿下來。	Suba e traga minha mala para baixo.
下下一站是上野站。	A próxima estação depois da próxima é a Estação Ueno.
下个QQ。	下个QQ。
下午好。	Boa tarde.
下雨天留客天留我不留。	Dia chuvoso retém hóspede, o céu me retém, não retenho.
下雨天留客，天留我不留。	Dia chuvoso retém hóspede, o céu me retém, não retenho.
下雨天留客，天留我不？留。	Dia chuvoso retém hóspede, o céu me retém? Retenho.
下雨天留客，天留我？不留。	Dia chuvoso retém hóspede, o céu me retém? Não retenho.
下雨天，留客天，留我不？留。	Dia chuvoso, dia de reter hóspede, retenho-me? Retenho.
下雨天，留客天，留我？不留。	Dia chuvoso, dia de reter hóspede, retenho-me? Não retenho.
下雨，天留客；天留我不留。	Chove, o céu retém hóspede; o céu me retém, não retenho.
不下雨則矣，一下一定是傾盆大雨。	Se não chover, tudo bem; se chover, com certeza será um toró.
不会看场合。	Não sabe ler o ambiente.
不共戴天的敵人是不朽的朋友。	Inimigo jurado é amigo imortal.
不只吃魚，也吃肉。	Não come só peixe, também come carne.
不只吃鱼，也吃肉。	Não come só peixe, também come carne.
不坐了。	Não vou ficar sentado.
不好意思，可以借過一下嗎？	Com licença, pode me deixar passar?
不好意思，請問這是什麼隊伍？	Com licença, que fila é esta?
不对。	Errado.
不對。	Errado.
不對？	Errado?
不干我的事！	Não é da minha conta!
不幸，这些美丽的此不是我写的。	Infelizmente, estas belas coisas não foram escritas por mim.
不必爭,沒有事情是只有壞處而沒有好處的.	Não precisa discutir, não há nada que só tenha desvantagens sem vantagens.
不怕被人利用，就怕你沒用。	Não tenha medo de ser usado, tenha medo de não ter utilidade.
不想做是原因；不能做仅仅是接口。	Não querer fazer é a causa; não poder fazer é apenas desculpa.
不敢当。	Não mereço.
不敢當。	Não mereço.
不是我告訴你不要去做的。	Não fui eu que te disse para não ir.
不求情意绵绵，但求天長地久。	Não busco afeto eterno, mas sim duradouro.
不然呢！	E então?!
不然這樣好不好？	Que tal assim?
不用害怕啦，這樣他才不會覺得你帶了什麼違禁品然後翻箱檢查耽誤時間。	Não precisa ter medo, assim ele não vai achar que você trouxe algo proibido e revirar tudo atrasando o tempo.
不留名或详细的参考什么都可以。	Não precisa deixar nome ou referências detalhadas, qualquer coisa serve.
不知道是那間？	Não sei qual é o quarto.
不能按时交付货款的话会给客户带来很大损失。	Se não pagar a mercadoria no prazo, vai causar grande prejuízo ao cliente.
不能相信她說的話。	Não pode acreditar no que ela diz.
不行！	Não pode!
不要亂搞!	Não faça bagunça!
不要做任何会让你后悔的事。	Não faça nada que vá te fazer se arrepender.
不要再忘做那个，好吗？	Não se esqueça mais de fazer aquilo, ok?
不要再打擊自己了，給我去打擊法西斯。	Pare de se criticar, vá criticar os fascistas.
不要再挖妳的鼻子了。	Não fique cutucando seu nariz de novo.
不要听风就是雨。	Não acredite em qualquer boato.
不要對人家送的禮物挑三揀四，嫌東嫌西的。	Não fique escolhendo e reclamando dos presentes que os outros dão.
不要恐慌！	Não entre em pânico!
不要慌張喔。	Não fique nervoso.
不要給警察發現你身上有槍。	Não deixe a polícia descobrir que você está com uma arma.
不要装蒜啊。	Não finja que não sabe.
不要让他碰它。	Não deixe ele tocar nisso.
不要走得那么快！我跟不上你们了。	Não ande tão rápido! Não consigo acompanhar vocês.
不要走得那麼快。我跟不上你。	Não ande tão rápido. Não consigo acompanhar você.
不要趕時髦。	Não siga a moda.
不要逃避后果，别怕它们；面对它们。	Não fuja das consequências, não tenha medo delas; enfrente-as.
不要随意在路边停车。	Não estacione o carro na beira da estrada sem cuidado.
不見、不聞、不言。	Não ver, não ouvir, não falar.
不謝！	De nada!
不许逐字逐句地翻译这个句子。	Não é permitido traduzir esta frase palavra por palavra.
不错。	Está bom.
不需要。	Não precisa.
不，我不买它。	Não, não vou comprar isso.
不，谢谢。我不需要塑料袋。	Não, obrigado. Não preciso de sacola plástica.
专心！	Concentre-se!
世上最好的小提琴是用雷击木造成的。	O melhor violino do mundo é feito de madeira atingida por raio.
世上沒有甚麼東西比泡熱水浴更舒服的了。	Não há nada no mundo mais confortável do que tomar um banho quente.
世界上並沒有所謂完美的句子。就好像沒有完美的絕望一樣。	No mundo não existem frases perfeitas. Assim como não existe desespero perfeito.
世界上的教育都讓我失望。	Todas as educações do mundo me decepcionam.
东京巨蛋的电话号码是多少？	Qual é o número de telefone do Tokyo Dome?
两军对敌，能战的当战，不能战的当守，不能守的当走，不能走的当降，不能降的当死。	Dois exércitos em confronto: quem pode lutar deve lutar, quem não pode lutar deve defender, quem não pode defender deve recuar, quem não pode recuar deve se render, quem não pode se render deve morrer.
两点可以。	Duas horas pode.
个子矮的人心眼多。	Pessoa de baixa estatura tem muitos truques.
中午十二点左右，到我们单位的饭厅去吃午饭。	Por volta do meio-dia, vá ao refeitório da nossa unidade almoçar.
中国处理于其他国家的联系中，我们欢迎他们重视国与国平等的原则。	No tratamento das relações da China com outros países, acolhemos que eles valorizem o princípio da igualdade entre nações.
中国欢迎你们！	A China acolhe vocês!
中国欢迎你！	A China acolhe você!
中国欢迎您！	A China acolhe o senhor!
中國是資本主義國家。	A China é um país capitalista.
中文学起来太容易了。	Chinês é muito fácil de aprender.
丹給了琳達一把刀，讓她自衛。	Dan deu uma faca para Linda para ela se defender.
为了养足精神，你应该早点去睡觉。	Para recuperar as energias, você deveria ir dormir mais cedo.
为了提高出生率，中国政府花了很多钱在大熊猫成功繁殖的研究上。	Para aumentar a taxa de natalidade, o governo chinês gastou muito dinheiro em pesquisas sobre a reprodução bem-sucedida de pandas gigantes.
为什么不呢？我很乐意。	Por que não? Eu adoraria.
为什么你不等等我就开始了？	Por que você começou sem me esperar?
为什么你要读这样一本书？	Por que você quer ler um livro assim?
为什么你这么喜欢黑中国？	Por que você gosta tanto de criticar a China?
为什么喝那么多药？	Por que tomar tanto remédio?
为什么我的翻墙软件速度很慢？	Por que meu software de VPN está tão lento?
么女長得特別漂亮。	A filha mais nova é especialmente bonita.
乔治和他爸爸做生意的方式一样。	George faz negócios do mesmo jeito que o pai dele.
乔治失恋了。	George está de coração partido.
乔纳森吃牌了，因为与对方球员打架。	Jonathan levou cartão amarelo por brigar com um jogador adversário.
乘机场大巴去机场要多久？	Quanto tempo leva para ir ao aeroporto de ônibus?
也就是說，我更加地了解了中國。	Ou seja, eu entendi melhor a China.
书和朋友应该是宁缺毋滥。	Livros e amigos devem ser poucos, mas bons.
了解這份文件。	Entenda este documento.
事先打个招呼，别叫我临时抓瞎。	Avise com antecedência, não me deixe despreparado de última hora.
事实上，她撒慌了。	Na verdade, ela mentiu.
事已至此。	As coisas já chegaram a este ponto.
事情难免会发生。	As coisas inevitavelmente acontecem.
事故过后，汤姆觉得停止滑冰了。	Depois do acidente, Tom decidiu parar de patinar.
二十美金等于一百四十元。	Vinte dólares equivalem a cento e quarenta reais.
亏你想到这种馊主意！	Que ideia horrível você teve!
五十步笑百步。	Cinquenta passos riem de cem passos.
五千元是一大笔钱。	Cinco mil reais é uma grande quantia de dinheiro.
五成熟牛排见了七成熟牛排为什么不打招呼？两个都不熟。	Por que um bife ao ponto para malpassado não cumprimenta um bife ao ponto para bem-passado? Porque nenhum dos dois está no ponto.
五的二次方是二十五。	Cinco ao quadrado é vinte e cinco.
亚娜在叶卡捷琳堡学习天体物理学。	Yana estuda astrofísica em Ecaterimburgo.
亞伯拉罕從那裡搬到南方，住在凱茲和蘇爾之間，並在格拉拉停留了一段時間。	Abraão mudou-se dali para o sul, habitou entre Cades e Sur, e permaneceu por um tempo em Gerar.
亞尼跟斯庫拉沒空。	Yani e Scylla não têm tempo.
亡羊补牢。	Consertar o curral depois que as ovelhas se perdem.
亲吧。	Beije.
人上课時安静意味着他尊重他人的睡眠。	Quando uma pessoa fica quieta na aula, significa que ela respeita o sono dos outros.
人不要怕穷，要穷中立志.	A pessoa não deve ter medo da pobreza, deve estabelecer seus objetivos na pobreza.
人之患，在好為人師。	O problema do ser humano é gostar de ser mestre dos outros.
人人讨厌自作聪明的人。	Todo mundo odeia pessoas que se acham espertas.
人人都好。	Todo mundo está bem.
人们常说拿在手里没有感觉的东西还是放手的好。	As pessoas costumam dizer que o que não se sente na mão é melhor largar.
人们有关心种族问题。	As pessoas se preocupam com questões raciais.
人们认为他是一名伟大的学者。	As pessoas acham que ele é um grande estudioso.
人們或可選擇何時開始戀愛，但它的終結卻不由人。	As pessoas podem escolher quando começar um amor, mas seu fim não depende delas.
人們都很壞，他們只想著他們自己，只剩下我爲自己著想。	As pessoas são muito más, só pensam em si mesmas, só eu penso em mim.
人必定要死的。	O ser humano certamente morrerá.
人為甚麼永遠不會滿足？因為他們總想得到不可能得到的東西。	Por que as pessoas nunca se satisfazem? Porque sempre querem o impossível.
人生總是在錯過。	A vida está sempre perdendo oportunidades.
人生良苦。	A vida é amarga.
人类的愚蠢行为艺无止境。	A estupidez humana não tem limites.
人群把傷者團團圍住，但醫生來到現場時都讓了路給他。	A multidão cercou os feridos, mas quando o médico chegou, todos abriram caminho para ele.
人获得自由，究竟意味着什么？难道就是从一个牢笼里巧妙地逃出来，其实只是置身于另一个更大的牢笼。	O que significa, afinal, a liberdade humana? Será que é escapar habilmente de uma jaula apenas para se colocar em outra maior?
人非圣贤，孰能无过。	Ninguém é sábio, quem não comete erros?
什么意思，他竟然一直在欺骗我！	O que significa isso? Ele estava me enganando o tempo todo!
什么是非死不可？	O que é o Facebook?
什么都改变了。	Tudo mudou.
什麼樣的人會將種族滅絕者，稱之為“英雄”？	Que tipo de pessoa chamaria um genocida de "herói"?
什麼練習？	Que exercício?
今天上午你们不在医院。	Vocês não estavam no hospital esta manhã.
今天上午你們不在醫院。	Vocês não estavam no hospital esta manhã.
今天上午很涼爽，不是嗎？	Esta manhã está muito fresca, não está?
今天下午下雨。	Esta tarde chove.
今天你们俩很让人印象深刻。我为你们感到骄傲。	Vocês dois estão muito impressionantes hoje. Estou orgulhoso de vocês.
今天傍晚做些事！	Faça algo no fim da tarde hoje!
今天可以借你的網球拍一用嗎？	Posso pegar sua raquete de tênis emprestada hoje?
今天咱各付各的。	Hoje cada um paga o seu.
今天在地上，明天在地下。	Hoje no chão, amanhã no subsolo.
今天夜晚去广州的火车票还有吗？	Ainda há bilhetes de trem para Guangzhou hoje à noite?
今天就做到這裡如何?	Que tal pararmos por aqui hoje?
今天就去把每日报告写好。	Vá escrever o relatório diário hoje mesmo.
今天很凉快。	Hoje está muito fresco.
今天您們在學校學到了什麼？	O que vocês aprenderam na escola hoje?
今天您在學校學到了什麼？	O que você aprendeu na escola hoje?
今天我们AA制吧。	Hoje vamos dividir a conta.
今天我休假，要不要一起玩游戏？	Hoje estou de folga, quer jogar junto?
今天我同学看到你们在欧尚买东西。	Hoje meu colega viu vocês comprando coisas no Auchan.
今天我有一個備件。	Hoje tenho uma peça de reposição.
今天我来请客。	Hoje eu convido.
今天我的筆記本掉了。	Hoje meu caderno caiu.
今天早上吃酸奶。	Hoje de manhã como iogurte.
今天早上起雾了。	Hoje de manhã houve neblina.
今天是我请客。	Hoje sou eu quem convida.
今天晚上吃糖醋排骨。	Hoje à noite como costela com molho agridoce.
今天晚上，我想到了她在美国过去一百年间所经历的种种：心痛和希望；斗争和进步；在那里时代，我们被告知我们办不到，一些人继续坚信着美国的信念——是的，我们能做到。	Hoje à noite, pensei em tudo que ela passou nos Estados Unidos nos últimos cem anos: dor e esperança; luta e progresso; naquela época, nos disseram que não conseguiríamos, mas alguns continuaram acreditando na fé americana — sim, nós conseguimos.
今天霧很大。	Hoje o nevoeiro está muito forte.
今晚一定是好天。	Esta noite certamente será um bom tempo.
今晚稍早，我接到馬侃參議員打來，態度非常懇切的電話。馬侃參議員已打完一場漫長艱苦的選戰。他為這個他所熱愛的國家所打的仗更久，更艱苦。他為美國的奉獻犧牲，是我們多數同胞難以想像的。因為有他這位勇敢無私的領袖的奉獻，我們才能過比較好的日子。	No início desta noite, recebi um telefonema muito sincero do senador McCain. O senador McCain já terminou uma campanha longa e difícil. A guerra que ele travou pelo país que ama foi mais longa e mais difícil. O sacrifício que ele fez pela América é algo que a maioria de nós mal pode imaginar. Graças à dedicação desse líder corajoso e altruísta, podemos ter dias melhores.
今祯子当时能做的就是折纸鹤并期盼奇迹。	Tudo que Sadako podia fazer na época era dobrar tsurus e esperar por um milagre.
从什么时候开始您就这里工作着的呢？	Desde quando você trabalha aqui?
从大阪到秋田的车费是多少？	Quanto custa a passagem de Osaka para Akita?
从日内瓦来的火车就要进站了。	O trem vindo de Genebra está prestes a chegar na estação.
从申请单中删除他的名字。	Remova o nome dele do formulário de inscrição.
他一來我們就開始比賽。	Assim que ele chegar, começaremos a competição.
他一直都说话算话。	Ele sempre cumpre o que diz.
他不奇怪。	Ele não é estranho.
他不知道这些东西的归属。	Ele não sabe a quem pertencem essas coisas.
他不算老得做不了。	Ele não é tão velho a ponto de não conseguir fazer.
他並沒有來，不是嗎？	Ele não veio, não é?
他为了她的钱取了她。	Ele casou-se com ela pelo dinheiro dela.
他举办了一场舞会。	Ele realizou um baile.
他也这么做了。	Ele também fez isso.
他买不起一辆汽车，更不要说一套房子了。	Ele não pode comprar um carro, quanto menos uma casa.
他买不起汽车，更不要说买房子了。	Ele não pode comprar um carro, quanto menos comprar uma casa.
他享年54岁。	Ele faleceu aos 54 anos.
他从不把工资带回家。	Ele nunca leva o salário para casa.
他从国内回来了。	Ele voltou do interior do país.
他以前愛我，她傷心地回答。	Ele antes me amava, ela respondeu tristemente.
他以君子之道生活。	Ele vive como um cavalheiro.
他以牺牲自己的健康为代价完成了这项工作。	Ele completou este trabalho ao custo de sacrificar a própria saúde.
他们一直闹笑话。	Eles sempre fazem papel de bobo.
他们不会允许我们进花园的。	Eles não vão nos permitir entrar no jardim.
他们不会让她跑了的。	Eles não vão deixá-la escapar.
他们不得不整天呆在家里。	Eles têm que ficar em casa o dia inteiro.
他们不是在演唱，他们在调情说爱。	Eles não estão cantando, estão flertando e namorando.
他们不都是穷人。	Eles não são todos pobres.
他们从巴西远道而来。	Eles vieram de longe, do Brasil.
他们会坚持要她逗留久一点。	Eles vão insistir para que ela fique um pouco mais.
他们传统的生活方式不再存在。	Seu modo de vida tradicional não existe mais.
他们似乎得罪了裁判。	Eles parecem ter ofendido o juiz.
他们保存了这建筑。	Eles preservaram este edifício.
他们到位了实行新概念的广告策略。	Eles implementaram a estratégia de publicidade do novo conceito.
他们卖了冰箱。	Eles venderam a geladeira.
他们变得很紧张。	Eles ficaram muito nervosos.
他们可能有点什么。	Eles podem ter alguma coisa.
他们在画展上授予了她一等奖。	Eles concederam a ela o primeiro prêmio na exposição de pintura.
他们在讨论谁？	Sobre quem eles estão discutindo?
他们在谈音乐。	Eles estão falando sobre música.
他们在这里。	Eles estão aqui.
他们在酒吧喝酒。	Eles estão bebendo no bar.
他们在问关于汤姆的事。	Eles estão perguntando sobre o Tom.
他们在餐厅里看菜单。	Eles estão olhando o cardápio no restaurante.
他们坚持认为日常锻练是必得表出的行为。	Eles insistem que o exercício diário é um comportamento que deve ser demonstrado.
他们奋斗的目标是消灭天花。	O objetivo da luta deles é erradicar a varíola.
他们想知道为什么邀请他们	Eles querem saber por que foram convidados.
他们服从了命令。	Eles obedeceram às ordens.
他们根据情报采取行动。	Eles agiram com base nas informações.
他们正向森林而去。	Eles estão indo em direção à floresta.
他们正在读她的书。	Eles estão lendo o livro dela.
他们没有一个人承认自己是犯人。	Nenhum deles admitiu ser o criminoso.
他们甚至没办法写自己的名字。	Eles nem conseguem escrever o próprio nome.
他们的旅行因为下雨延期了。	A viagem deles foi adiada por causa da chuva.
他们知道如何制造原子弹。	Eles sabem como fabricar bombas atômicas.
他们确认了风险因素。	Eles confirmaram os fatores de risco.
他们粗心大意，还没意识到危险。	Eles são descuidados e ainda não perceberam o perigo.
他们给图书馆提供了很多书。	Eles doaram muitos livros para a biblioteca.
他们给我们指示这个方向。	Eles nos indicaram esta direção.
他们试图把日本产品赶出市场。	Eles tentam expulsar os produtos japoneses do mercado.
他们送孩子去了幼儿园的半托班。	Eles colocaram o filho na creche de meio período.
他们逆流而上。	Eles remaram contra a corrente.
他们都不穷。	Nenhum deles é pobre.
他们队又输了。	O time deles perdeu de novo.
他会拿到一小笔钱。	Ele receberá uma pequena quantia de dinheiro.
他会说意第绪语。	Ele fala iídiche.
他伸长了脖子，希望能听到她们低声说的话。	Ele esticou o pescoço, esperando ouvir o que eles sussurravam.
他住院时，大部分太太给他写的信由护士读给他听。	Quando ele estava hospitalizado, a maioria das cartas que sua esposa escrevia eram lidas para ele pela enfermeira.
他倆穿著情侶襪。	Os dois usavam meias de casal.
他們坐車去芝加哥。	Eles vão de carro para Chicago.
他們坐車去車站。	Eles vão de carro para a estação.
他們大老遠趕來。	Eles vieram de longe correndo.
他們從巴西遠道而來。	Eles vieram do Brasil de longa distância.
他們想在艾菲爾鐵塔前面拍張結婚照。	Eles querem tirar uma foto de casamento na frente da Torre Eiffel.
他們想栽培新品種的米來增加糧食生產。	Eles querem cultivar novas variedades de arroz para aumentar a produção de alimentos.
他們打擾了米娜。	Eles incomodaram a Mina.
他們把我的好日子毀了。	Eles arruinaram meus bons dias.
他們星期五每晚都去喝酒。	Eles vão beber toda sexta-feira à noite.
他們曾經準時來過嗎？	Eles já vieram pontualmente alguma vez?
他們會感激。	Eles ficarão gratos.
他們會釣魚。	Eles sabem pescar.
他們正在廚房裡說話。	Eles estão conversando na cozinha.
他們正密謀要殺害國王。	Eles estão conspirando para matar o rei.
他們正玩得非常開心。。	Eles estão se divertindo muito.
他們沒來這裡，是嗎？	Eles não vieram aqui, não é?
他們為失敗放棄了他。	Eles o abandonaram por causa do fracasso.
他們認為當時是採取行動的最好時機。	Eles achavam que era a melhor hora para agir.
他們讓他簽約了。	Eles o fizeram assinar o contrato.
他們都食人，除了我，我只是被吃的。	Eles todos comem pessoas, exceto eu, eu só sou comido.
他們需要領導團隊。	Eles precisam liderar a equipe.
他假裝是個愚蠢的人。	Ele finge ser uma pessoa estúpida.
他八个月大了，已经开始长牙了。他很高兴且几乎不会哭。他吃得津津有味，长得还有点胖嘟嘟的。他已经开始尖叫了，现在又想说话了。	Ele tem oito meses de idade, já começou a nascer dentes. Ele está muito feliz e quase não chora. Ele come com gosto, e está um pouco gordinho. Ele já começou a gritar, e agora quer falar.
他到我期待。	Ele espera por mim.
他剛請假走了。	Ele acabou de pedir licença e foi embora.
他半夜給了我一枚戒指。	Ele me deu um anel à meia-noite.
他只會說英語和德語，這兩種語言我都不懂。	Ele só fala inglês e alemão, essas duas línguas eu não entendo.
他叫了一盘杂碎。	Ele pediu um prato de chop suey.
他叫了一盘炒什锦。	Ele pediu um prato de legumes salteados variados.
他可能還在世界的某一個角落裏生存着。	Ele pode ainda estar vivendo em algum canto do mundo.
他吃糖吃伤了。	Ele comeu tanto doce que passou mal.
他告诉她。	Ele conta para ela.
他告诉我他要去旅行。	Ele me disse que vai viajar.
他周一到周五上班。。	Ele trabalha de segunda a sexta.
他哥哥很认真学习。	O irmão mais velho dele estuda com muito empenho.
他哭了。	Ele chorou.
他唱最高音部。	Ele canta a parte mais aguda.
他問她她的母親在哪裡。	Ele pergunta a ela onde está a mãe dela.
他喜欢在花园里工作。	Ele gosta de trabalhar no jardim.
他喜欢看着鸟儿从头上飞过。	Ele gosta de ver os pássaros voando sobre a cabeça.
他喜歡建造模型飛機。	Ele gosta de construir aviões modelo.
他喜歡為家人做飯。	Ele gosta de cozinhar para a família.
他喜歡照顧花園。	Ele gosta de cuidar do jardim.
他喜歡穿短襪。	Ele gosta de usar meias curtas.
他因为生病了，所以不能来拜访。	Ele não pode vir visitar porque está doente.
他在他班里学习最努力。	Ele estuda com mais esforço na turma dele.
他在拖。	Ele está arrastando.
他在用伯伯尔语阅读圣经。	Ele está lendo a Bíblia em berbere.
他在科羅拉多州有一個大農場。	Ele tem uma grande fazenda no Colorado.
他在行竊的時後被發現。	Ele foi descoberto enquanto roubava.
他在这里。	Ele está aqui.
他大叫。	Ele grita alto.
他大叫起來。	Ele começou a gritar alto.
他学着学着就睡着了。	Ele foi estudando e acabou dormindo.
他害怕犧牲生命，不得不出賣組織。	Ele tem medo de sacrificar a vida, então teve que trair a organização.
他对一个生病的男人说这种事真是没良心。	Ele disse a um homem doente que isso é falta de coração.
他對女人沒有眼光。	Ele não tem bom gosto para mulheres.
他對她大灌迷湯。	Ele a encheu de bajulação.
他小時通常很早起床。	Quando pequeno, ele geralmente acordava muito cedo.
他小题大作。	Ele faz tempestade em copo d'água.
他就是王法。	Ele é a lei.
他已經離得太遠聽不到我們了。	Ele já está longe demais para nos ouvir.
他已经气息奄奄。	Ele já está moribundo.
他希望抹去不好的记忆。	Ele espera apagar as más lembranças.
他常常因他自己的笑話而笑。	Ele ri frequentemente das próprias piadas.
他常常在那裡吃早餐。	Ele costuma tomar café da manhã lá.
他常常抱怨牙痛。	Ele reclama frequentemente de dor de dente.
他常引用米爾頓。	Ele cita Milton com frequência.
他幫我佔了位子。	Ele guardou lugar para mim.
他年紀夠大可以開車。	Ele tem idade suficiente para dirigir.
他年轻的时候穷困潦倒。	Ele era pobre e miserável quando jovem.
他幾乎從來沒揭開過一本書。	Ele quase nunca abriu um livro.
他弹得多好啊！	Como ele toca bem!
他弹得很好。	Ele toca muito bem.
他彈奏卡農琴從不出錯。	Ele nunca erra ao tocar o cânone.
他很肯定可以达到目标。	Ele tem certeza de que pode alcançar a meta.
他得知了他的错误。	Ele ficou sabendo do seu erro.
他忘记给她买过一个礼物了。	Ele esqueceu que já tinha dado um presente a ela.
他怕得到肺癌。	Ele tem medo de ter câncer de pulmão.
他思考的方式缺乏深度，这个我们知道就好。	A maneira como ele pensa carece de profundidade, isso nós sabemos e guardamos para nós.
他急切地学习了日语。	Ele estudou japonês com afinco.
他总体上是个无可非议的学生。	Ele é, no geral, um aluno irrepreensível.
他想和我們一起去看電影。	Ele quer ir ao cinema conosco.
他想喝些冷飲。	Ele quer beber algo gelado.
他想成為有錢人，所以便從早到晚不斷地工作。	Ele quer se tornar rico, então trabalha sem parar de manhã à noite.
他想找一位金发碧眼的欧洲女人。	Ele quer encontrar uma mulher europeia de cabelos loiros e olhos azuis.
他想把這些襯衫洗乾淨。	Ele quer lavar essas camisas.
他想要减少进口品的税。	Ele quer reduzir os impostos sobre produtos importados.
他想要把他的襯衫洗乾淨。	Ele quer lavar a camisa dele.
他想，如果不好好学习，怎么对得起祖国的人民呢？	Ele pensa: se não estudar direito, como poderá honrar o povo da pátria?
他愛歡笑與享受生活。	Ele adora rir e aproveitar a vida.
他成了一个哏。	Ele virou uma piada.
他战胜了困难。	Ele venceu as dificuldades.
他戴著帽子在那裏站著。	Ele está ali parado de chapéu.
他打開了浴缸裡的水龍頭。	Ele abriu a torneira da banheira.
他把东西留给了他的儿子。	Ele deixou as coisas para o filho dele.
他把它藏在了门后。	Ele escondeu atrás da porta.
他把感冒传给我了。	Ele me passou o resfriado.
他把蒼蠅拍走了。	Ele espantou a mosca.
他拒绝相信我们。	Ele se recusa a acreditar em nós.
他提出了一个勇敢而孤独的斗争，但这些沉重的打击，他的赔率不能得到他的商业计划接受。	Ele propôs uma luta corajosa e solitária, mas com esses golpes pesados, as chances dele não conseguem fazer o plano de negócios dele ser aceito.
他搖了搖兒子的肩。	Ele balançou o ombro do filho.
他搭错了车。	Ele pegou o carro errado.
他摘下了面具，卸下了偽裝。極右翼候選人的意圖已昭然若揭。	Ele tirou a máscara, largou o disfarce. As intenções do candidato de extrema direita já estão claras.
他撞车是因为有人在刹车上做了手脚。	Ele bateu o carro porque alguém mexeu nos freios.
他放我鸽子；我等了他一整晚！	Ele me deu o bolo; esperei por ele a noite inteira!
他昨天看了一部最有趣的小说。	Ele leu ontem o romance mais interessante.
他昨晚很晚回家。	Ele voltou para casa tarde ontem à noite.
他昨晚遲了回家。	Ele voltou para casa tarde ontem à noite.
他是个慢性子。	Ele é uma pessoa devagar.
他是个绝对不会偷工减料的人。	Ele é uma pessoa que nunca faz serviço malfeito.
他是个音乐家之类的人。	Ele é uma espécie de músico.
他是個膽小怕事的人。	Ele é uma pessoa medrosa e que evita problemas.
他是倒数第三个到的。	Ele foi o penúltimo a chegar.
他是医生来的。	Ele é médico.
他是我最好的女性朋友。	Ele é minha melhor amiga.
他是我的手下。	Ele é meu subordinado.
他是教區委員會的成員。	Ele é membro do conselho paroquial.
他是權威的經濟學家。	Ele é um economista de autoridade.
他是这里附近酒吧和酒馆的常客。	Ele é frequentador dos bares e tavernas aqui perto.
他显摆自己能说6种语言。	Ele se gaba de conseguir falar 6 línguas.
他最后一本小说的主题是什么？	Qual é o tema do último romance dele?
他最多能拿到第三名。	Ele no máximo consegue ficar em terceiro lugar.
他最終變成了吸血鬼。	Ele acabou se transformando em vampiro.
他會告訴我真想嗎？	Ele vai me contar a verdade?
他會彈吉他。	Ele sabe tocar violão.
他會步行。	Ele vai a pé.
他會說中文。	Ele sabe falar chinês.
他會酒後失控。	Ele perde o controle depois de beber.
他會開車。	Ele sabe dirigir.
他會開車嗎？	Ele sabe dirigir?
他有一个妻子和两个孩子要养活。	Ele tem uma esposa e dois filhos para sustentar.
他有一個有力的不在場證據。	Ele tem um álibi forte.
他有一本關於物理學的書被出版了。	Ele tem um livro sobre física que foi publicado.
他有三个哥哥。	Ele tem três irmãos mais velhos.
他有三个姐姐。	Ele tem três irmãs mais velhas.
他有三個兒子，全都成了音樂家。	Ele tem três filhos, todos se tornaram músicos.
他有三名兄长。	Ele tem três irmãos mais velhos.
他有两个女儿都嫁给了医生。	Ele tem duas filhas que se casaram com médicos.
他有了一個重要的發現。	Ele teve uma descoberta importante.
他有事要問她。	Ele tem algo para perguntar a ela.
他有很多具有影响力的朋友。	Ele tem muitos amigos influentes.
他有抱負，所以他很努力工作。	Ele tem ambição, por isso trabalha muito duro.
他有没有儿子？	Ele tem filhos?
他望進門內。	Ele olhou para dentro da porta.
他朝警卫亮出了一把刀子。	Ele mostrou uma faca para o guarda.
他来了。	Ele chegou.
他来试试。	Ele vem tentar.
他欺骗了她。	Ele a enganou.
他正在思考这个难题。	Ele está pensando neste problema difícil.
他正在打电话。	Ele está ao telefone.
他正在抽泣。	Ele está soluçando.
他正睡着，像个婴儿一样。	Ele está dormindo, como um bebê.
他正遭受严重头痛的困扰。	Ele está sofrendo com fortes dores de cabeça.
他每天晚上打電話給她。	Ele liga para ela toda noite.
他每天祈祷好几次。	Ele reza várias vezes por dia.
他每天都给她打电话。	Ele liga para ela todos os dias.
他每次來東京的時候都會在我們這兒過夜。	Toda vez que vem a Tóquio, ele passa a noite aqui em casa.
他比以前学得更努力了。	Ele estuda com mais esforço do que antes.
他沒想打擊她的。	Ele não queria magoá-la.
他没带钥匙，用铁丝拨动了两下，门居然开了。	Ele não trouxe a chave, mexeu duas vezes com um arame, e a porta se abriu.
他没要去日本。	Ele não vai ao Japão.
他溺水而亡。	Ele morreu afogado.
他满脑子想的都是立刻得到鹅体内的金蛋，所以他杀了鹅，然后他发现鹅身体里没有任何东西。	A cabeça dele só pensava em obter imediatamente o ovo de ouro dentro do ganso, então ele matou o ganso, e depois descobriu que não havia nada dentro do corpo do ganso.
他為了成名，沒有錯失過半個機會。	Para se tornar famoso, ele não perdeu metade de uma oportunidade.
他為了替死去的父親報仇而殺了他。	Ele o matou para vingar o pai falecido.
他父母搬回鄉下去了。	Os pais dele se mudaram de volta para o interior.
他犧牲生命，出賣組織。	Ele sacrificou a vida e traiu a organização.
他现在马上做。	Ele faz agora imediatamente.
他環遊世界旅行。	Ele viaja pelo mundo.
他白白犧牲生命，忘了出賣組織。	Ele sacrificou a vida em vão, esqueceu de trair a organização.
他的口音显露出他是外国人。	O sotaque dele revela que ele é estrangeiro.
他的心臟病要發作了。	O ataque cardíaco dele vai acontecer.
他的性格很消极。	A personalidade dele é muito negativa.
他的想法是对的。	A ideia dele está certa.
他的現金總是不夠用。	O dinheiro dele nunca é suficiente.
他的薪金很高，所以生活也過得很舒適。	O salário dele é muito alto, por isso a vida dele é muito confortável.
他的課讓我們失望了。	A aula dele nos decepcionou.
他的话里有文章。	As palavras dele têm segundas intenções.
他的軍階比我高一級。	A patente militar dele é um nível acima da minha.
他的音乐会非常好。	O concerto dele foi muito bom.
他目前住在巴黎。	Ele atualmente mora em Paris.
他看到了一位內科醫師。	Ele viu um médico clínico geral.
他真的讓我很反感。	Ele realmente me dá repulsa.
他碰巧發現了寶藏。	Ele por acaso descobriu o tesouro.
他竟然还给我装傻。	Ele ainda tem a cara de pau de fingir que não sabe comigo.
他第一次來台北，就指名要去西門町逛街。	Ele veio a Taipei pela primeira vez e já pediu para ir passear em Ximending.
他答應給他打電話。	Ele prometeu ligar para ele.
他細細地品了一口咖啡。	Ele provou o café com cuidado, um gole de cada vez.
他給自己投了保險。	Ele fez um seguro para si mesmo.
他經常引用莎士比亞。	Ele frequentemente cita Shakespeare.
他緊握她的手。	Ele apertou a mão dela com força.
他總是把他的看法強加給我。	Ele sempre impõe a opinião dele para mim.
他總是把孩子的教育問題留給他的妻子。	Ele sempre deixa os problemas de educação dos filhos para a esposa.
他總是把父親的話當作耳邊風。	Ele sempre ignora as palavras do pai como vento passando pela orelha.
他總是搞丟了他的傘。	Ele sempre perde o guarda-chuva dele.
他總是支持她。	Ele sempre a apoia.
他總是與他的妻子吵架。	Ele sempre briga com a esposa dele.
他總是跟她站在同一邊。	Ele sempre fica do lado dela.
他经常翘课。	Ele costuma matar aula.
他给我们带来了令人难过的消息。	Ele nos trouxe notícias tristes.
他老是开夜车。	Ele vive virando a noite.
他老是把我和我姐姐搞错。	Ele sempre me confunde com minha irmã.
他聽到了叫聲。	Ele ouviu um grito.
他背週期表只是為了好玩。	Ele decora a tabela periódica só por diversão.
他自以为是。	Ele se acha.
他被卷进了是非中。	Ele se envolveu em fofocas.
他被數字征服了。	Ele foi dominado pelos números.
他被殴打得快死。	Ele foi espancado até quase morrer.
他被稱為Kenchan。	他被称为Kenchan。
他被竞争公司挖去了。	Ele foi roubado pela empresa concorrente.
他要去图书馆占位。	Ele vai à biblioteca guardar lugar.
他要撫養一大家人。	Ele precisa sustentar uma família grande.
他要養活一個大家庭。	Ele precisa sustentar uma família grande.
他觉得我理所应当知道答案。	Ele acha que eu deveria saber a resposta por obrigação.
他觉得自己病了。	Ele acha que está doente.
他解释了这个计划的主要目标。	Ele explicou os principais objetivos do plano.
他解释事故是怎么发生的。	Ele explicou como o acidente aconteceu.
他設法使收支平衡。	Ele conseguiu equilibrar receitas e despesas.
他說他很高興。	Ele disse que está muito feliz.
他說話很沒分寸。	Ele fala sem nenhum senso de limite.
他讓我違背了我的意願。	Ele me fez ir contra minha vontade.
他认为他不需要他们的保护。	Ele acha que não precisa da proteção deles.
他该那样做完了。	Ele já deveria ter terminado aquilo.
他说地就像之前度过这本书一样。	Ele falou como se já tivesse lido este livro antes.
他说话咬舌。	Ele fala com a língua presa.
他賣掉了他的事業並且退休。	Ele vendeu seu negócio e se aposentou.
他走了那麼遠的路，腳力一定很不錯。	Ele andou tão longe que sua força nas pernas deve ser muito boa.
他跑得比他哥哥快。	Ele corre mais rápido que o irmão mais velho dele.
他跟我借一百块。	Ele me pediu cem reais emprestados.
他跟我過不去。	Ele está me provocando.
他这个人嘴很严。	Essa pessoa é muito discreta.
他送她一個洋娃娃。	Ele deu a ela uma boneca.
他這次測驗不合格可不是開玩笑的。	Ele não passar neste teste não é brincadeira.
他進入了名人堂。	Ele entrou para o Hall da Fama.
他遭受長頸鹿攻擊。	Ele sofreu um ataque de girafa.
他问了我的妈妈。	Ele perguntou sobre minha mãe.
他需要參加柏柏爾語沉浸式課程。	Ele precisa participar de um curso intensivo de berbere.
以上。	Acima.
仲有五日就放暑假喇。	Faltam cinco dias para as férias de verão.
休息好嗎？	Descansou bem?
会议很快就开始了，我们进去看看有谁来了。	A reunião vai começar logo, vamos entrar para ver quem chegou.
伤口流血不止。	O ferimento sangra sem parar.
但我们从哪儿弄到那些句子？我们又要如何翻译呢？	Mas de onde vamos conseguir aquelas frases? E como vamos traduzi-las?
但是我不会烤烤肉串！	Mas eu não sei assar espetinhos!
但这咖啡并不好。	Mas este café não é bom.
但願我們贏了這場比賽就好了。	Quem dera tivéssemos vencido essa partida.
住手。	Pare.
住手！	Pare!
住院醫生們所有時間都在工作，所以他們不常出外。	Os médicos residentes trabalham o tempo todo, então eles não saem com frequência.
你一定要注意他的建议。	Você deve prestar atenção aos conselhos dele.
你不久前有见到汤姆吗？	Você viu o Tom há pouco tempo?
你不如去死好了。	É melhor você morrer.
你不如跟我一起來。	É melhor você vir comigo.
你不妨告訴我一切。	Você pode muito bem me contar tudo.
你不怕鬼，不是麼？	Você não tem medo de fantasmas, não é?
你不懂这句句子，不是吗？	Você não entende esta frase, não é?
你不應該做的。	Você não deveria ter feito.
你不是加拿大人，是吗？	Você não é canadense, é?
你不用告诉汤姆该怎么做。他已经知道了。	Você não precisa dizer ao Tom o que fazer. Ele já sabe.
你不能睡着。	Você não pode dormir.
你不要命啦！	Você não quer mais a vida!
你不要学习了。	Você não deve estudar.
你不要死心。	Você não deve desistir.
你不要自甘堕落。	Você não deve se rebaixar.
你不该吃太多冰激淋和太多意大利面。	Você não deveria comer muito sorvete e muito macarrão.
你不需要告诉我，我对这件事情没兴趣。	Você não precisa me contar, não tenho interesse nesse assunto.
你为什么不他的劝告？	Por que você não ouviu o conselho dele?
你为什么不在里面？	Por que você não está lá dentro?
你为什么卖了它？	Por que você vendeu isso?
你之下在整些喃样？	O que você está fazendo agora?
你也不是省油灯。	Você também não é flor que se cheire.
你也知道那句話，「善有善報，惡有惡報」。我搧的風，現在火就來了。	Você também conhece aquela frase: "Quem faz o bem tem boa recompensa, quem faz o mal tem má recompensa." O vento que soprei, agora o fogo chegou.
你书中提出了个有意思的命题。	Você propôs uma proposição interessante no livro.
你买了什么书？	Que livro você comprou?
你了解它吗	Você entende isso?
你二了。	Você foi idiota.
你五点钟还没睡觉！刚从酒吧回来了，是不是？	Você não dormiu até as cinco horas! Acabou de voltar do bar, não é?
你什么时候回来？请你吃一顿饭。	Quando você volta? Vou te convidar para uma refeição.
你什么时候看见过冰雹吗？	Quando você já viu granizo?
你什么时候看那部电影？	Quando você vai ver aquele filme?
你什麼時候才要給門上油?	Quando você vai finalmente lubrificar a porta?
你今兒個應當留守。	Hoje você deve ficar de plantão.
你今天下午去圖書館的話，可以順道替我還兩本書嗎？	Se você for à biblioteca esta tarde, pode devolver dois livros para mim no caminho?
你今天乖嗎？	Você se comportou bem hoje?
你今天早上非常早。	Você estava muito cedo esta manhã.
你今天看西语了吗？	Você estudou espanhol hoje?
你以为我造钱啊？	Você acha que eu fabrico dinheiro?
你们一般几点下班？	A que horas vocês geralmente saem do trabalho?
你们一起走吗？	Vocês vão juntos?
你们不会死。	Vocês não vão morrer.
你们不想吃饭吗？	Vocês não querem comer?
你们不累吗？	Vocês não estão cansados?
你们不能这么做。	Vocês não podem fazer isso.
你们不需要害怕犯错。	Vocês não precisam ter medo de errar.
你们为什么想今天走？	Por que vocês querem ir hoje?
你们习惯吃日本的食物了吗？	Vocês se acostumaram com a comida japonesa?
你们什么时候开始学英语的？	Quando vocês começaram a aprender inglês?
你们今天下午在学校做些什么？	O que vocês fizeram na escola esta tarde?
你们今天下午想不想去动物园？	Vocês querem ir ao zoológico esta tarde?
你们今天下午有空吗？	Vocês têm tempo esta tarde?
你们会用电脑是为了学习，不是为了玩游戏。	Vocês usam computador para estudar, não para jogar.
你们会讲加泰罗尼亚语吗？	Vocês sabem falar catalão?
你们会说波兰语吗？	Vocês sabem falar polonês?
你们住这里。	Vocês moram aqui.
你们做什么？	O que vocês fazem?
你们做饭用天然气还是用电？	Vocês cozinham com gás natural ou eletricidade?
你们准备参加会议吗？	Vocês se preparam para participar da reunião?
你们准备好了吗？	Vocês estão prontos?
你们准备如何达到你们制定的目标？	Como vocês planejam alcançar os objetivos que estabeleceram?
你们几乎什么都没有吃。	Vocês quase não comeram nada.
你们几点关门？	A que horas vocês fecham?
你们出门了吗？	Vocês já saíram de casa?
你们到底对我做了什么？	O que vocês fizeram comigo, afinal?
你们刷牙去！	Vão escovar os dentes!
你们午饭吃了什么？	O que vocês comeram no almoço?
你们去哪儿?	Para onde vocês vão?
你们去哪里?	Para onde vocês vão?
你们去哪里？	Para onde vocês vão?
你们去过非洲吗？	Vocês já foram à África?
你们可以乘火车从华盛顿去纽约。	Vocês podem ir de trem de Washington a Nova York.
你们可以搜索含有某个词的句子并得到这些句子的翻译。	Vocês podem pesquisar frases que contenham uma certa palavra e obter a tradução dessas frases.
你们可以搜索词并得到翻译。但这真不是一本寻常的字典。	Vocês podem pesquisar palavras e obter traduções. Mas este realmente não é um dicionário comum.
你们吃饭了吗？	Vocês já comeram?
你们哪里的？	De onde vocês são?
你们回来了吗？	Vocês já voltaram?
你们在医院。	Vocês estão no hospital.
你们在听吗？	Vocês estão ouvindo?
你们在听我说吗？	Vocês estão me ouvindo?
你们在哪找到我的雨伞的？	Onde vocês encontraram meu guarda-chuva?
你们在喝什么？	O que vocês estão bebendo?
你们在家吗	Vocês estão em casa?
你们在工作。	Vocês estão trabalhando.
你们在巴黎看到了什么？	O que vocês viram em Paris?
你们在暗示什么？	O que vocês estão insinuando?
你们在读书。	Vocês estão lendo.
你们学校有多少学生？	Quantos alunos tem a escola de vocês?
你们学校有多少老师？	Quantos professores tem a escola de vocês?
你们学校真好，还帮你们报销来回的机票。	A escola de vocês é tão boa que ainda reembolsa as passagens de ida e volta de vocês.
你们害怕。	Vocês têm medo.
你们家去北海道旅游是真的么？我羡慕你。	É verdade que a sua família vai viajar para Hokkaido? Eu tenho inveja de você.
你们对外语感兴趣吗？	Vocês se interessam por línguas estrangeiras?
你们已经把工作结束了吗？	Vocês já terminaram o trabalho?
你们应该实行你们最初的计划。	Vocês devem executar o plano inicial de vocês.
你们应该收集进一步的信息。	Vocês devem coletar mais informações.
你们庭院里有桌子吗？	Tem uma mesa no pátio de vocês?
你们很久前就应该完成了。	Vocês já deveriam ter terminado há muito tempo.
你们很容易就能看出区别。	Vocês conseguem ver a diferença facilmente.
你们很幸运有这样的朋友们。	Vocês têm muita sorte por terem esses amigos.
你们必须回家。	Vocês precisam voltar para casa.
你们怎么做的？	Como vocês fizeram?
你们怎么得出这个结论的？	Como vocês chegaram a essa conclusão?
你们怎么读这个词？	Como vocês leem esta palavra?
你们怎么进来的？	Como vocês entraram?
你们想不想知道我的秘密？它很简单……	Vocês querem saber o meu segredo? É muito simples...
你们想吃什么？	O que vocês querem comer?
你们想吃几串烤羊肉？	Quantos espetos de cordeiro grelhado vocês querem comer?
你们想喝什么？	O que vocês querem beber?
你们想坐一下吗？	Vocês querem sentar um pouco?
你们想送汤姆什么圣诞礼物？	Que presente de Natal vocês querem dar ao Tom?
你们懂吗？	Vocês entendem?
你们打汤姆的小报告了吗？	Vocês deduraram o Tom?
你们把自行车留下，明天带着身份证和20块钱到交通局领自行车。	Deixem as bicicletas aqui, amanhã tragam o documento de identidade e 20 reais para pegar as bicicletas no departamento de trânsito.
你们放假的时候做了什么？	O que vocês fizeram durante as férias?
你们明白他想说些什么吗？	Vocês entendem o que ele quer dizer?
你们是哪里人？	De onde vocês são?
你们有什么不吃的吗？	Tem alguma coisa que vocês não comem?
你们有什么菜？	Quais pratos vocês têm?
你们有兄弟姐妹吗？	Vocês têm irmãos?
你们有吗?	Vocês têm?
你们有哪一种红酒？	Que tipo de vinho tinto vocês têm?
你们有大麻烦了。	Vocês estão em grandes apuros.
你们有很多书。	Vocês têm muitos livros.
你们有没有米饭？	Vocês têm arroz?
你们有没有素抓饭？	Vocês têm pilaf vegetariano?
你们有没有纸？	Vocês têm papel?
你们来这儿干嘛？	O que vocês vieram fazer aqui?
你们死了。	Vocês estão mortos.
你们比较喜欢什么，苹果还是香蕉？	O que vocês preferem, maçã ou banana?
你们永远不会一个人的。	Vocês nunca ficarão sozinhos.
你们父亲是日本人。	O pai de vocês é japonês.
你们用INS吗？	Vocês usam o INS?
你们的优点和缺点是什么？	Quais são os pontos fortes e fracos de vocês?
你们的房间很大。	O quarto de vocês é muito grande.
你们的目标变了吗？	O objetivo de vocês mudou?
你们的计划很好，可是我的更好。	O plano de vocês é bom, mas o meu é melhor.
你们知道他住在哪里么？	Vocês sabem onde ele mora?
你们知道谁发明了火药吗？	Vocês sabem quem inventou a pólvora?
你们这些家伙想去干什么？	O que vocês, esses caras, querem fazer?
你们这些家伙真不懂事。	Vocês, esses caras, são mesmo imaturos.
你住在筱山多久了？	Há quanto tempo você mora em Sasayama?
你住在筱山市嗎?	Você mora na cidade de Sasayama?
你住薩拉曼卡嗎？	Você mora em Salamanca?
你來吧。	Venha.
你們不能相信湯姆。	Vocês não podem confiar no Tom.
你們不認識他們。	Vocês não os conhecem.
你們他媽的下地獄!	Vocês, vão para o inferno!
你們做夢。	Vocês estão sonhando.
你們先去哪裡？	Para onde vocês vão primeiro?
你們公司幾點下班?	A que horas a empresa de vocês sai do trabalho?
你們冷靜下來，從頭開始跟我說。	Vocês se acalmem e me contem desde o começo.
你們別信他。	Vocês não acreditem nele.
你們別和任何人說。	Vocês não contem para ninguém.
你們去哪幾個城市？	Para quais cidades vocês vão?
你們可以在這兒學習。	Vocês podem estudar aqui.
你們可以幫我們叫出租車嗎？	Vocês podem nos chamar um táxi?
你們可以幫我們嗎？	Vocês podem nos ajudar?
你們可以把車停到旅館背後。	Vocês podem estacionar o carro atrás do hotel.
你們可嚇不到我。	Vocês não me assustam.
你們吃過了嗎？	Vocês já comeram?
你們吃飯了嗎？	Vocês comeram?
你們喂鸚鵡了嗎？	Vocês alimentaram o papagaio?
你們喜歡學校嗎？	Vocês gostam da escola?
你們喜歡棒球嗎？	Vocês gostam de beisebol?
你們喝多了。	Vocês beberam demais.
你們在做夢。	Vocês estão sonhando.
你們在哭嗎？	Vocês estão chorando?
你們在用的那枝筆是我的。	A caneta que vocês estão usando é minha.
你們在聽他說話。	Vocês estão ouvindo ele falar.
你們在這兒工作嗎？	Vocês trabalham aqui?
你們失望嗎？	Vocês estão decepcionados?
你們好嗎？	Vocês estão bem?
你們學習嗎？	Vocês estudam?
你們家在哪？	Onde fica a casa de vocês?
你們家燈没亮，所以我以爲你們不在家。	A luz da casa de vocês não estava acesa, então achei que vocês não estivessem em casa.
你們對佛教有興趣嗎？	Vocês têm interesse no budismo?
你們對此有什麼看法嗎？	Vocês têm alguma opinião sobre isso?
你們很幸運。	Vocês têm muita sorte.
你們很獨特。	Vocês são muito únicos.
你們得快點。	Vocês precisam se apressar.
你們得走了。	Vocês precisam ir embora.
你們從前很好，現在更好了。	Vocês eram bons antes, agora estão melhores.
你們怎麼可以搶別人的東西？	Como vocês podem roubar coisas dos outros?
你們想吃什麼？	O que vocês querem comer?
你們想看看我的臥室嗎？	Vocês querem ver meu quarto?
你們想要吃些什麼嗎？	Vocês querem comer alguma coisa?
你們打高爾夫球嗎？	Vocês jogam golfe?
你們採取什麼措施避孕？	Que medidas vocês tomam para evitar gravidez?
你們明天不會來嗎？	Vocês não virão amanhã?
你們昨天在學校嗎？	Vocês estavam na escola ontem?
你們是什麼時候開始戴隱形眼鏡的呀？	Quando vocês começaram a usar lentes de contato?
你們最喜歡什麼水果？	Qual é a fruta que vocês mais gostam?
你們會做飯嗎？	Vocês sabem cozinhar?
你們會待在日本到什麼時候？	Até quando vocês vão ficar no Japão?
你們會說英語嗎？	Vocês falam inglês?
你們會開車嗎？	Vocês sabem dirigir?
你們有什麼不吃的嗎？	Vocês têm alguma coisa que não comem?
你們有冷牛奶嗎？	Vocês têm leite frio?
你們有小孩嗎?	Vocês têm filhos?
你們有幾個姐妹呀？	Quantas irmãs vocês têm?
你們有聞到煙味兒嗎？	Vocês sentem cheiro de fumaça?
你們有蠟燭嗎？	Vocês têm velas?
你們有販賣水果嗎 ?	Vocês vendem frutas?
你們每天都讀書嗎？	Vocês leem todos os dias?
你們比她高。	Vocês são mais altos que ela.
你們比我還高。	Vocês são ainda mais altos que eu.
你們沒看見那個人嗎？	Vocês não viram aquela pessoa?
你們没來。	Vocês não vieram.
你們為什麼喜歡澳大利亞？	Por que vocês gostam da Austrália?
你們為什麼怕湯姆呀？	Por que vocês têm medo do Tom?
你們為什麼想殺我？	Por que vocês querem me matar?
你們為什麼有那樣的想法？	Por que vocês têm esse pensamento?
你們為什麼這麼生氣？	Por que vocês estão tão bravos?
你們為何不回家呢？	Por que vocês não voltam para casa?
你們現在在哪兒呀？	Onde vocês estão agora?
你們的效率太低了。	A eficiência de vocês é muito baixa.
你們的書什麽時候會出版呢？	Quando o livro de vocês será publicado?
你們的東西在哪裡？	Onde estão as coisas de vocês?
你們的演說很出色。	O discurso de vocês foi excelente.
你們的演說爛透了。	O discurso de vocês foi péssimo.
你們的講詞爛透了。	O discurso de vocês foi péssimo.
你們的隊伍比我們的強。	O time de vocês é mais forte que o nosso.
你們看起來不緊張。	Vocês não parecem nervosos.
你們看電視嗎？	Vocês assistem televisão?
你們能在外頭等嗎？	Vocês podem esperar lá fora?
你們能幫我們嗎？	Vocês podem nos ajudar?
你們能走嗎？	Vocês conseguem andar?
你們藏了什麼東西？	O que vocês esconderam?
你們被邀請了嗎？	Vocês foram convidados?
你們要去哪裡？	Para onde vocês vão?
你們要和我一起去嗎？	Vocês querem ir comigo?
你們要帶我去哪？	Para onde vocês vão me levar?
你們要幾輛出租車？	Quantos táxis vocês querem?
你們要米飯嗎？	Vocês querem arroz?
你們覺得我不知道自己在幹什麼嗎？	Vocês acham que eu não sei o que estou fazendo?
你們覺得誰會贏金牌？	Quem vocês acham que vai ganhar a medalha de ouro?
你們認識嗎？	Vocês se conhecem?
你們說得對。	Vocês estão certos.
你們賣水果嗎？	Vocês vendem frutas?
你們這款鞋子有我的尺寸嗎?	Este modelo de sapato tem meu tamanho aqui?
你們這裡有可愛動物區嗎？	Vocês têm uma área de animais fofos aqui?
你們這裡有禮品店嗎？	Vocês têm uma loja de presentes aqui?
你們這裡賣什麼？	O que vocês vendem aqui?
你們還在家裡嗎？	Vocês ainda estão em casa?
你們還希望我們幫湯姆嗎？	Vocês ainda esperam que a gente ajude o Tom?
你們還年輕。	Vocês ainda são jovens.
你們還想要些橙汁嗎？	Vocês ainda querem um pouco de suco de laranja?
你們還有牛奶嗎？	Vocês ainda têm leite?
你們醉了。	Vocês estão bêbados.
你們！過來。	Vocês! Venham aqui.
你借它了吗？	Você pegou emprestado?
你去哪儿？	Para onde você vai?
你去過西班牙以外的地方嗎？	Você já foi a algum lugar além da Espanha?
你只是做了你的功课。	Você só fez sua lição de casa.
你可能該動一動。	Você talvez deva se mexer um pouco.
你吃薯片。	Você come batatas fritas.
你告訴她你已經在三天前完成這個工作了。	Você disse a ela que já terminou este trabalho há três dias.
你和我其中一個要出席這次的會議。	Um de nós, você ou eu, precisa comparecer a esta reunião.
你和我有相同的想法。	Você e eu temos o mesmo pensamento.
你和汤姆之间发生了什么？	O que aconteceu entre você e Tom?
你咕咕哝哝的来着。	Você estava resmungando.
你哥哥不會買它。	Seu irmão mais velho não vai comprar isso.
你問我怎麼想？……好吧，那我就把我的心底話說出來吧。	Você me pergunta o que acho? ... Bem, então vou falar o que realmente penso.
你問過湯姆那件事與這件事有任何關係嗎？	Você perguntou ao Tom se aquilo tem alguma relação com isso?
你喜欢吗 ?	Você gosta?
你喜欢跟汤姆交往吗	Você gosta de conviver com Tom?
你喜歡吃牛肉麵嗎?	Você gosta de comer macarrão com carne bovina?
你喝水吗？	Você bebe água?
你喝點甚麼嗎？	Você quer beber alguma coisa?
你回家了。	Você voltou para casa.
你在东京如何维持生计？	Como você se sustenta em Tóquio?
你在你的厨房里烤东西。	Você está assando algo na sua cozinha.
你在做什么？	O que você está fazendo?
你在吗？	Você está aí?
你在哪兒寫？	Onde você escreve?
你在哪裡學網球？	Onde você aprendeu tênis?
你在哪里和他们握的手？	Onde você apertou a mão deles?
你在哪里找打了这个皮夹？	Onde você encontrou esta carteira?
你在哪里说世界语？	Onde você fala esperanto?
你在家什麼時候吃飯？	A que horas você come em casa?
你在家吗	Você está em casa?
你在工作。	Você está trabalhando.
你在巴黎生活得好嗎？	Você está vivendo bem em Paris?
你在找什么吗？	Você está procurando algo?
你在搞什么鬼。	O que diabos você está fazendo?
你在睡觉。	Você está dormindo.
你在这里是要见谁吧？	Você está aqui para encontrar alguém?
你在那边玩吧。	Divirta-se por lá.
你在開玩笑吧！	Você está brincando!
你多久后需要它？	Em quanto tempo você precisa disso?
你多重啊！	Como você é pesado!
你如何學習外語？	Como você aprende línguas estrangeiras?
你完全没有理由去试图和那些中国女孩子交流，或者至少那些人。他们非常的粗鲁！	Você não tem motivo nenhum para tentar conversar com aquelas garotas chinesas, ou pelo menos com aquelas pessoas. Elas são muito rudes!
你完全没错。	Você não está errado de jeito nenhum.
你家很容易发现。	Sua casa é muito fácil de encontrar.
你对不起我。	Você me deve uma.
你将会和我一起去购物吗？	Você vai fazer compras comigo?
你将拥有什么？	O que você vai ter?
你就只告诉我一个人，你对她的意见如何？	Você só me conta, qual é a sua opinião sobre ela?
你帮妈妈做事了？	Você ajudou a mãe nas tarefas?
你干脆也来吧。	Você vem também, de uma vez.
你并不满意，对吧？	Você não está satisfeito, não é?
你应该告诉汤姆你可能会迟到。	Você deveria dizer ao Tom que pode se atrasar.
你往前走，然后往右转，过了红绿灯就到了。	Você vai em frente, depois vira à direita, passa o semáforo e chega.
你很像我姐姐。	Você se parece muito com minha irmã.
你很好。	Você é muito bom.
你很容易把母语说得通顺流畅，却很容易把非母语说得不自然。	Você fala sua língua materna com fluência natural, mas fala uma língua não materna de forma artificial.
你很快就會相信我是對的了。	Você logo vai acreditar que estou certo.
你很漂亮。	Você é muito bonita.
你得检查一下眼睛。	Você precisa examinar os olhos.
你得走一陣子。	Você precisa andar um pouco.
你從來不聽我們的建議。	Você nunca ouve nossos conselhos.
你從哪裡跑進來的？	De onde você entrou correndo?
你從那裡就看得到了。	Você já consegue ver daí.
你必須吃什麼?	O que você precisa comer?
你必須堅持完成治療。	Você precisa insistir em completar o tratamento.
你必须要肯定。	Você precisa ter certeza.
你怎么减压？	Como você alivia o estresse?
你怎么在太空里找到食物？	Como você encontra comida no espaço?
你怎么能容忍他呢？	Como você consegue tolerar ele?
你怎么这么要紧哪！	Como você é tão importante!
你怎麼回答他們的？	Como você respondeu a eles?
你怎麼說這樣的口吃？	Como você fala essa gagueira?
你怎麼說？	Como você diz?
你想喝点什么吗？	Você quer beber alguma coisa?
你想喝點什麼嗎？	Você quer beber alguma coisa?
你想喝點東西嗎？	Você quer beber alguma coisa?
你想要電玩嗎？	Você quer videogame?
你想說柏柏語嗎？	Você quer falar berbere?
你懂的，對吧？	Você entende, certo?
你應該保密的。	Você deveria manter segredo.
你應該參加這個會議的。	Você deveria participar desta reunião.
你應該幫他工作的。	Você deveria ajudá-lo no trabalho.
你應該很快那樣做。	Você deveria fazer isso rapidamente.
你應該想想你退休。	Você deveria pensar na sua aposentadoria.
你應該拒絕他的提議的。	Você deveria recusar a proposta dele.
你應該早點來的。	Você deveria ter vindo mais cedo.
你應該早點做的。現在沒人可以幫你。	Você deveria ter feito isso mais cedo. Agora ninguém pode te ajudar.
你應該要更快警告他的。	Você deveria tê-lo avisado mais rápido.
你應該覺得不難。	Você deveria achar que não é difícil.
你才昨天谁来找我了？	Quem veio me procurar ontem?
你找錯人了。	Você procurou a pessoa errada.
你把襪子脫在哪兒了？	Onde você tirou as meias?
你拿了些牛奶嗎？	Você pegou um pouco de leite?
你拿吗?	Você pega?
你明天想去那里？	Onde você quer ir amanhã?
你明天有事吗？	Você tem compromisso amanhã?
你星期一下午五點在做什麼？	O que você está fazendo às cinco da tarde de segunda-feira?
你是個大號手嗎?	Você é um trompetista?
你是個香蕉人。	Você é um banana.
你是对的。	Você está certo.
你是带着相机去吗？	Você vai levando a câmera?
你是怎么避开这酷暑的？	Como você está evitando esse calor intenso?
你是我的一切。	Você é tudo para mim.
你曾經生過火嗎?	Você já acendeu uma fogueira?
你最壞的日子怎麽樣？	Como são seus piores dias?
你最好記住，在美國給小費是必須的。	É melhor você lembrar que dar gorjeta nos Estados Unidos é obrigatório.
你會做什麼？	O que você vai fazer?
你會坐火車還是汽車呢？	Você vai de trem ou de carro?
你會希望你從來沒有看過它。	Você vai desejar nunca ter visto isso.
你會把它扔掉嗎？	Você vai jogar isso fora?
你會教我彈吉他嗎？	Você vai me ensinar a tocar violão?
你會穿這件和服嗎？	Você vai vestir este quimono?
你有一个死胎吗？	Você teve um natimorto?
你有一个电话。	Você tem um telefone.
你有什麼不開心的事	O que te deixa infeliz?
你有嗎？	Você tem?
你有火柴嗎？很抱歉，我不抽菸。	Você tem fósforos? Desculpe, eu não fumo.
你本不该把人卖了的。	Você não deveria ter vendido as pessoas.
你来得了吗？	Você consegue vir?
你根本沒有注意。	Você não prestou atenção nenhuma.
你死路上了？	Você morreu no caminho?
你每個月的瓦斯費多少錢？	Quanto custa a sua conta de gás por mês?
你永远猜不到汤姆带来了什么。	Você nunca vai adivinhar o que Tom trouxe.
你為什麼不戒掉Facebook？	Por que você não para de usar o Facebook?
你現在那又是什麼意思？	O que você quer dizer com isso agora?
你用什么方式释放压力？	De que forma você libera o estresse?
你用什么方法解压?	Com que método você alivia a pressão?
你用跑的。	Você vai correndo.
你留在这儿，其余的人去外面	Você fica aqui, o resto vai para fora.
你的三腳架在我的辦公室裏。	O seu tripé está no meu escritório.
你的书是什么：这本还是那本？	Qual é o seu livro: este ou aquele?
你的傷風要快點好啊，下個禮拜你就又要準備好了啦，我們沒了你是不行的。	Seu resfriado precisa melhorar rápido, semana que vem você já tem que estar pronto de novo, não podemos viver sem você.
你的家人好么？	Sua família está bem?
你的护照在你的夹克里吗。	Seu passaporte está no seu casaco.
你的理由我都聽夠了。	Já chega de ouvir suas desculpas.
你的老师们之一打电话了我告诉你今天不上学了。	Um dos seus professores me ligou para dizer que hoje não tem aula.
你的脑袋坏了吗？	Você perdeu a cabeça?
你的蛋要怎麼做?	Como você quer os ovos?
你的袋子在這裡。	Sua bolsa está aqui.
你的邮箱为什么发不过去邮件呢，奇怪。	Por que seu e-mail não está sendo enviado, que estranho.
你的鞋在这儿。	Seu sapato está aqui.
你的？	O seu?
你目前做了很好。	Você está indo muito bem até agora.
你看到它了吗？	Você viu isso?
你看我是不是很酷？	Você acha que eu sou legal?
你看箇毛呢？	O que você está olhando, porcaria?
你看起來很無聊。	Você parece muito entediado.
你看起来很困了。	Você parece estar com muito sono.
你真的不介意我一个人去吗？	Você realmente não se importa se eu for sozinho?
你真的應該來的。	Você realmente deveria ter vindo.
你知道那么多关于中文的东西，就好像你是中国人一样啊。	Você sabe tantas coisas sobre chinês, como se fosse chinês.
你确定吗？	Você tem certeza?
你確定你不想睡在它上面嗎？	Você tem certeza de que não quer dormir em cima disso?
你答對了。	Você acertou.
你能受到教育，對我來說很重要。	Que você possa receber educação é muito importante para mim.
你能告訴我跳蚤市場在哪裡嗎？	Você pode me dizer onde fica o mercado de pulgas?
你能拿到架子上的书吗？	Você consegue pegar o livro na estante?
你能看到屋顶的那栋房子是贝克先生的。	A casa que você consegue ver o telhado é a do Sr. Baker.
你能看吗？	Você consegue ver?
你能請個醫生來嗎？	Você pode chamar um médico?
你能走嗎？	Você consegue andar?
你自己拿蛋糕吃吧。	Pegue o bolo você mesmo e coma.
你花太多钱了。	Você gasta dinheiro demais.
你要做什么？	O que você vai fazer?
你要去哪个高中读书？	Em qual escola de ensino médio você vai estudar?
你要和幸子出去嗎？	Você vai sair com Sachiko?
你要喝點什麼嗎?	Você quer beber alguma coisa?
你要我们做什么？	O que você quer que a gente faça?
你說有幾個？	Quantos você diz que tem?
你计划去大学后主修什么吗？	Você planeja se especializar em quê depois de entrar na faculdade?
你计划去大学后主修什么？	Você planeja se especializar em quê depois de entrar na faculdade?
你记得了你父亲的生日吗？	Você se lembrou do aniversário do seu pai?
你该安静几天。	Você deveria ficar quieto por alguns dias.
你说吗?	Você fala?
你说吧.	Fale logo.
你说新俄罗斯人？太棒了！这正是我们所需要的！	Você disse novos russos? Ótimo! É exatamente disso que precisamos!
你说的有几分是真实的。	O que você disse tem um pouco de verdade.
你買了多少東西？	Quantas coisas você comprou?
你買了輛好自行車嗎？	Você comprou uma boa bicicleta?
你贴吗?	Você cola?
你走。	Vá embora.
你躺下來。	Deite-se.
你这孩子！别老是接触一些陌生人，很危险的！	Esse menino! Não fique sempre encostando em estranhos, é muito perigoso!
你这种人差劲吗！	Que pessoa horrível você é!
你這週末在波士頓過嗎？	Você vai passar o fim de semana em Boston?
你週日下午忙嗎？	Você está ocupado no domingo à tarde?
你遇到了我。	Você me encontrou.
你還想擁抱我一下嗎？	Você ainda quer me dar um abraço?
你還知道花聞起來是怎樣的嗎？	Você ainda sabe como uma flor cheira?
你離開的這段時間，關於怎麼照顧你的寵物，可以麻煩你留一份說明給我們嗎？	Durante o tempo que você estiver fora, pode nos deixar uma instrução sobre como cuidar do seu animal de estimação?
來了。	Chegou.
例如，在保加利亚摇头表示同意而点头表示不同意。	Por exemplo, na Bulgária balançar a cabeça significa concordar e acenar significa discordar.
便利店出兑。	Loja de conveniência à venda.
俄語動詞的一個特徵是存在體的範疇。	Uma característica dos verbos russos é a existência da categoria de aspecto.
借用他的思想。	Pegue emprestado as ideias dele.
借錢還得快，友情永不壞。	Empréstimo pago rápido, amizade nunca se estraga.
假期期間銷售業績暢旺，但之後就下滑了。	As vendas foram fortes durante o período de férias, mas depois caíram.
假期期間，中心的志工提供「送餐到府」服務，為行動不便的長者和無家可歸者提供餐食。	Durante o período de férias, os voluntários do centro oferecem o serviço "entrega de refeições em casa" para idosos com mobilidade reduzida e pessoas sem-teto.
假期過得開心嗎？	As férias foram divertidas?
假設得很大。	A suposição foi muito grande.
做人是最难的。	Ser humano é o mais difícil.
做什麼事都不能讓湯姆知道。	Não se pode fazer nada sem que Tom saiba.
做你所想的是最好的。	Fazer o que você pensa é o melhor.
做個桶滾。	Faça um barrel roll.
做多少算多少。	Faça o quanto der.
做得好！	Muito bem!
停手！	Pare com as mãos!
停止玩遊戲。	Pare de jogar.
停止！	Pare!
停火。	Cessar-fogo.
傻瓜。	Idiota.
儘快	O mais rápido possível.
兄弟，你找箇毛呢？	Irmão, o que você está procurando?
先生，请出示护照或者身份证，让我登记一下。	Senhor, por favor, mostre o passaporte ou identidade para eu registrar.
光是聽那個樂團的歌就會染病。	Só de ouvir as músicas daquela banda já pega doença.
光看表面是不足夠的。	Só olhar a superfície não é suficiente.
光陰飛似箭，水果飛似蕉。	O tempo voa como flecha, a fruta voa como banana.
克勞迪奧留著長髮，而且抽大麻。	Cláudio usa cabelo comprido e fuma maconha.
克勞迪歐似乎有點擔心。	Cláudio parece um pouco preocupado.
克林伊斯威特當選為卡梅爾市市長。	Clint Eastwood foi eleito prefeito de Carmel.
党为自己的利益追求势力。我们对别人不体贴；我们只追求势力。	O partido busca poder para seus próprios interesses. Não somos atenciosos com os outros; só buscamos poder.
全押。	All-in.
全純函數在其定義域內任意一點的鄰域中都可以表示為收斂的冪級數。	Uma função holomorfa pode ser representada como uma série de potências convergente em uma vizinhança de qualquer ponto de seu domínio.
全都靠它了。	Tudo depende disso.
兩個小時內太陽就下山了。	Em duas horas o sol vai se pôr.
兩好球！	Duas bolas boas!
公交车站里我们很近。	O ponto de ônibus fica perto de nós.
六点之前要回家。	Tenho que voltar para casa antes das seis horas.
六点您行吗？	Às seis horas, o senhor pode?
关上窗户！	Feche a janela!
关于用什么方式和那些人说话，你要谨慎一些。	Sobre a maneira de falar com aquelas pessoas, você precisa ter cuidado.
关于该问题的答复，我两天后再回答你可以吗？	Sobre a resposta para essa questão, posso responder daqui a dois dias?
关门。	Feche a porta.
其中我最常用的是一种抽认卡系统。	Entre eles, o que eu mais uso é um sistema de flashcards.
其實有沒有這個字的？	Na verdade, existe essa palavra ou não?
再不早点睡觉，明天醒来就会有黑眼圈。	Se não dormir cedo, amanhã ao acordar vai ter olheiras.
再告訴我點湯姆的情況。	Conte-me mais sobre a situação do Tom.
再折磨他也没用，他不会招供的。	Não adianta torturá-lo mais, ele não vai confessar.
写的没错，不过很少那么说。	Escrito está correto, mas raramente se fala assim.
冬天经常下雪。	No inverno, neva com frequência.
冰淇淋会融化所以我把它放在冰箱里。	O sorvete derrete, então coloquei na geladeira.
冰箱装满了调味品。	A geladeira está cheia de temperos.
冰箱里什么也没有了。	Não sobrou nada na geladeira.
冰箱里什么都没剩下。	Não restou nada na geladeira.
冷空氣疾風席捲整棟房子。	O vento frio varre a casa inteira.
冷静下来！	Acalme-se!
冷静点。	Acalme-se um pouco.
冷靜點！	Acalme-se!
凯特在厨房里做的作业。	Kate fez o dever de casa na cozinha.
凱倫在跳蚤市場買了很多東西。	Karen comprou muitas coisas no mercado de pulgas.
凱特不比安高。	Kate não é mais alta que Ann.
凱特幾乎從未慶祝她的生日。	Kate quase nunca comemora o aniversário dela.
凱特還沒到嗎？	Kate ainda não chegou?
出來吧！	Saia!
出去吃飯嗎？	Vamos comer fora?
出去！	Saia!
出售。	À venda.
出国不到一个月，他就生病了。	Em menos de um mês no exterior, ele ficou doente.
出来。	Saia.
出来，我需要帮助。	Saia, preciso de ajuda.
切！	Xi!
別上車。	Não entre no carro.
別咳嗽了，都要聽不見電視了。	Pare de tossir, não dá mais para ouvir a televisão.
別在馬路上玩。	Não brinque na rua.
別謝我，謝湯姆。	Não me agradeça, agradeça ao Tom.
別這樣說話。	Não fale assim.
別開玩笑了。	Não brinque.
别混淆美洲和美国，美洲人和美国人。	Não confunda América com Estados Unidos, americanos com estadunidenses.
别管我的事。	Não se meta nos meus assuntos.
别紧张。	Não fique nervoso.
别见外。	Não se sinta um estranho.
别让他人干你自己不喜欢的事。	Não faça os outros fazerem o que você mesmo não gosta.
别跟着来啊。	Não venha atrás, hein.
别逼我！	Não me force!
刮完胡子感觉很舒服。	Depois de fazer a barba, sinto-me muito confortável.
刮脸吗？	Vai fazer a barba?
到了那時，我才發現自己錯了。	Naquela hora, foi que percebi que estava errado.
到底躲到哪裏去了？	Onde diabos você se escondeu?
到村莊只有兩英里。	São apenas duas milhas até a vila.
到的有我的信吗？	Chegou alguma carta para mim?
前600年凯尔特人是先来到的人。	No ano 600 a.C., os celtas foram os primeiros a chegar.
前幾天我遇到了珍。	Há alguns dias encontrei a Jen.
前方的道路将很漫长，我们攀登的脚步会很艰辛。我们可能无法在一年甚至一个任期内实现这些目标，但我从未像今晚这样满怀希望，我们将实现我们的目标。	O caminho à frente será longo, e nossos passos de escalada serão árduos. Talvez não consigamos alcançar esses objetivos em um ano ou mesmo em um mandato, mas nunca estive tão cheio de esperança como esta noite de que alcançaremos nossos objetivos.
剛剛敲過了八點鐘，不是嗎？	Acabou de bater oito horas, não é?
加布里埃爾打擾了莉瑪。	Gabriel interrompeu Lima.
加拿大努納武特地區的阿勒特是世界上最北端的永久居住地。	Alert, em Nunavut, Canadá, é o assentamento permanente mais ao norte do mundo.
勞拉英戈爾斯是在草原上長大的。	Laura Ingalls cresceu na pradaria.
医生把他叫了回来。	O médico o chamou de volta.
医生治疗了他们的降低体温。	O médico tratou da hipotermia deles.
十二点到不了。	Não consigo chegar ao meio-dia.
十二生肖是由十一種源於自然界的動物即鼠、牛、虎、兔、蛇、馬、羊、猴、雞、狗、豬以及傳說中的龍組成的，用於紀年。	O zodíaco chinês é composto por onze animais originários da natureza, ou seja, rato, boi, tigre, coelho, cobra, cavalo, ovelha, macaco, galo, cachorro, porco e o dragão lendário, sendo usado para marcar os anos.
十几棵树很快就种好了。	Uma dezena de árvores logo foi plantada.
千斤頂在桌上。	O macaco hidráulico está em cima da mesa.
南希看起來很疲憊。	Nancy parece muito cansada.
南西邀請他去派對。	Nancy o convida para a festa.
卡羅下個月將參觀邁阿密。	Carlo visitará Miami no mês que vem.
卡羅常常看恐怖電影。	Carol costuma assistir filmes de terror.
卡羅正在學習西班牙語。	Carol está aprendendo espanhol.
卡羅每天早上早起。	Carol acorda cedo todas as manhãs.
卡羅非常用功，亨利也是。	Carol é muito esforçada, Henry também é.
危險！	Perigo!
厕所在哪里？	O banheiro fica onde?
原來如此。	Entendo.
原因呢？	E o motivo?
原来如此。	Entendi.
原来如此！	Então é assim!
去你們的。	Vão para o inferno.
去你的破網站。	Vá para o seu maldito site.
去外國旅行不能不帶護照。	Não se pode viajar para o exterior sem levar o passaporte.
去年他的爸爸死。	No ano passado, o pai dele morreu.
去死吧！	Vá morrer!
去義大利讀書感覺不錯。	Ir estudar na Itália parece bom.
口袋里的钱摸空了没关系，去找自动取款机吧。	Ficar sem dinheiro no bolso não tem problema, vá procurar um caixa eletrônico.
只有你一个人能做到，但你独自一个人是做不到的。	Só você consegue fazer isso, mas sozinho você não consegue.
只有她們自己明白她們在說什麼。	Só elas mesmas entendem o que estão dizendo.
叫Ishmael。	叫Ishmael。
叫你的姐妹們。	Chame suas irmãs.
可憐!	Pobre!
可憐的人民任憑殘暴的獨裁者處置。	O povo pobre é deixado à mercê do ditador cruel.
可笑!	Ridículo!
可能帶來誤解的情況都是不可避免的。	Situações que podem trazer mal-entendidos são inevitáveis.
台湾是一个国家。	Taiwan é um país.
台灣不是中國的一部分。	Taiwan não é parte da China.
台灣是一個多山的國家。	Taiwan é um país montanhoso.
台灣是一個島國。	Taiwan é um país insular.
台灣是一個島嶼國家。	Taiwan é um país insular.
台灣是一個民主國家。	Taiwan é um país democrático.
台灣是個位於太平洋西岸的島國，人口約兩千三百萬。	Taiwan é um país insular localizado na costa oeste do Oceano Pacífico, com uma população de cerca de 23 milhões.
台灣是我最愛的國家。	Taiwan é meu país favorito.
台灣是我的家鄉。	Taiwan é minha terra natal.
史密斯先生不會說英語，是嗎？	O Sr. Smith não fala inglês, não é?
史庫拉和奴迦很高興。	Skula e Nuka estão felizes.
史蒂芬·科拜尔是一个好疯狂的家伙。	Stephen Colbert é um cara muito louco.
史蒂芬給了麗瑪一個素食漢堡。	Stephen deu a Lima um hambúrguer vegetariano.
史高比耶是馬其頓共和國的首都。	Skopje é a capital da República da Macedônia.
吃了没。	Já comeu?
吃好晚饭讲个故事。	Depois de jantar, conte uma história.
吃掉它。	Coma isso.
各位想喝果汁还是水？	Vocês querem suco ou água?
吊带是最安全的。	O suspensório é o mais seguro.
同意。	Concordo.
同样感谢你。	Agradeço também a você.
向上！	Para cima!
向左转。	Vire à esquerda.
听着。	Escute.
听起来不错。	Parece bom.
听那些只看CCAV的老百姓进行全球经济的个人分析一直是很有趣的。	Ouvir as análises econômicas pessoais globais das pessoas comuns que só assistem à CCAV sempre foi muito interessante.
听！	Escute!
吸我𣬠𣬶。	Chupe meu pênis.
告訴她們我不喝酒。	Diga a elas que não bebo.
告訴我湯姆拿了什麼。	Diga-me o que Tom pegou.
告诉他们我爱他。	Diga a eles que eu o amo.
告诉我你对湘南做了什么。	Diga-me o que você fez com Xiangnan.
告诉我考试结果。	Diga-me o resultado do exame.
告诉我！	Diga-me!
周圍的地區非常安靜。	A área ao redor é muito tranquila.
咕噜！这食物太好吃了，但我担心它会很贵。	Glub! Esta comida é tão deliciosa, mas temo que seja cara.
咖啡裏加了甚麼呀？	O que foi colocado no café?
咬紧牙关坚持到底！	Aperte os dentes e persista até o fim!
咳嗽什么帮好起来？	Que tipo de xarope para tosse ajuda a melhorar?
哇啊啊啊⋯	Uaaaaa...
哈利今年才四十歲。	Harry tem apenas quarenta anos este ano.
哈哈	Haha
响了。	Tocou.
哎呀......	Ai...
哎呀！	Ai!
哎！	Ei!
哦。	Ah.
哪位要热巧克力？	Quem quer chocolate quente?
哪裡哪裡！	Onde, onde!
哲学不是书面上的学问，而是一种生活的方式。	Filosofia não é um conhecimento de livros, mas um modo de vida.
啊！差点忘了。今天是扔垃圾的日子！	Ah! Quase esqueci. Hoje é dia de jogar o lixo!
問她他把他的車給停哪兒了。	Pergunte a ela onde ele estacionou o carro dele.
問心無愧是一個非常柔軟的枕頭。	Uma consciência tranquila é um travesseiro muito macio.
啤酒杯差一点比你还大。	O copo de cerveja quase é maior que você.
啥也不對勁兒。	Nada está certo.
喀提林，你還會濫用我們的耐心多久呀？	Catilina, até quando você vai abusar da nossa paciência?
喔喔喔！	Uou uou uou!
喝吧。	Beba.
喝點兒什麼。	Beba alguma coisa.
喬治在一個大農場上工作。	George trabalha em uma grande fazenda.
喬治很傷心。	George está muito triste.
嗯，但是你必须等我。	Hum, mas você precisa esperar por mim.
嘿，你們看什麼呢？	Ei, o que vocês estão olhando?
嘿，瑪麗，妳總是綁馬尾。為什麼不偶爾試試雙馬尾呢？	Ei, Mary, você sempre usa rabo de cavalo. Por que não tenta um rabo duplo de vez em quando?
噪音愈來愈大。	O barulho está ficando cada vez maior.
回來。	Volte.
回來！	Volte!
回去找他。	Volte para encontrá-lo.
回去找湯姆。	Volte para encontrar Tom.
回头看！	Olhe para trás!
回家。	Vá para casa.
回家吧。	Vá para casa.
回家！	Vá para casa!
回来的路上买点牛奶。	No caminho de volta, compre um pouco de leite.
回答這個問題很容易。	Responder a esta pergunta é muito fácil.
因为保险公司的需要，我能够留下您的姓名，您的地址和您的电话号码么？	Por necessidade da seguradora, posso obter seu nome, seu endereço e seu número de telefone?
因为啤酒会根据麦芽含量去征税，所以发泡酒会比较便宜。	Porque a cerveja é taxada de acordo com o teor de malte, a cerveja com espuma é mais barata.
因为是那儿。	Porque é lá.
因为缺乏的政府的关注，这个区域还不发达。	Por falta de atenção do governo, esta região ainda não é desenvolvida.
因為天氣不好，不能打高爾夫球，所以母親的心情很差。	Por causa do mau tempo, não se pode jogar golfe, então o humor da mãe está muito ruim.
因為我們愛你，我們正在更新Tatoeba以便為您帶來更好的用戶體驗。看吧？我們愛你吧？	因為我們愛你，我們正在更新Tatoeba以便為您帶來更好的用戶體驗。看吧？我們愛你吧？
园丁后来发现就是凶手。	O jardineiro depois descobriu que era o assassino.
国际野生动物基金在一九六一年创办的时候，以熊猫为象征。	Quando o Fundo Mundial para a Vida Selvagem foi fundado em 1961, adotou o panda como símbolo.
图像和视频被转换为GIF和哏。	图像和视频被转换为GIF和哏。
在哪里发生？	Onde acontece?
在哪里能借到车？	Onde se pode pegar um carro emprestado?
在壁球遊戲中，球員用手擊球後，球必須先彈地一次，再打到牆上。若彈地超過一次，或未經彈地直接打到牆上，則該球員即告出局。	No jogo de squash, após o jogador bater na bola com a mão, a bola deve quicar no chão uma vez antes de atingir a parede. Se quicar mais de uma vez, ou atingir a parede sem quicar, o jogador é eliminado.
在學校我喜歡閱讀日本文學的英文翻譯，特別是夏目漱石的我是一隻貓和心，和芥川龍之介的鼻子和河童。	Na escola eu gosto de ler traduções para o inglês de literatura japonesa, especialmente "Eu Sou um Gato" e "Kokoro", de Natsume Sōseki, e "O Nariz" e "Kappa", de Akutagawa Ryūnosuke.
在家裡我們說卡拜爾語。	Em casa nós falamos a língua cabila.
在我的世界上，人人都是小馬駒，他們吃了彩虹之後就會啪地一下拉出蝴蝶。	No meu mundo, todo mundo é um potrinho; depois que comem um arco-íris, eles puf! soltam borboletas.
在我開始聊天之前，我寧願不說話。	Antes de eu começar a conversar, prefiro não falar.
在更極端的變體中，順性別意識形態可能包括否認陰陽人和跨性別者的現實經歷。	Em variantes mais extremas, a ideologia cisgênero pode incluir a negação das experiências reais de pessoas intersexo e transgênero.
在沒有水和氧氣的狀態下是不可能存活的。	Em um estado sem água e oxigênio, é impossível sobreviver.
在波士顿正发生着什么事。	Algo está acontecendo em Boston.
在美国说英语。	Nos Estados Unidos se fala inglês.
在莱斯特的时候很明显她们有很热烈的关系。	Em Leicester era óbvio que elas tinham uma relação muito intensa.
在这个城市，很难打到的。	Nesta cidade, é difícil pegar um táxi.
在这里吗？	Aqui?
在這個電郵的年代裏，我一收到朋友寄給我的信，就會高興得不得了。	Nesta era de e-mails, fico extremamente feliz sempre que recebo uma carta de um amigo.
在那灘冰淇淋的周圍，有一群螞蟻在爬來爬去。	Em volta daquela poça de sorvete, há um grupo de formigas rastejando para lá e para cá.
在酒吧有没有美女找你搭讪？	No bar, alguma garota bonita veio puxar papo com você?
坐得舒服。	Sente-se confortavelmente.
坚持。	Persista.
埃翁多语是客麦隆埃翁多部落所说的语言。	A língua ewondo é a língua falada pela tribo ewondo dos Camarões.
塔夫斯是世界上最危险的一所大学。	A Universidade Tufts é a universidade mais perigosa do mundo.
夏里斯太太對她兒子的前途沒有甚麼信心。	A Sra. Harris não tem muita confiança no futuro do filho dela.
外表并不是全部。	Aparência não é tudo.
外表未必可信。	Aparência nem sempre é confiável.
外面起霧了。	Está formando neblina lá fora.
多亏了你。	Graças a você.
多多談論。	Conversem bastante.
多少錢？	Quanto custa?
多麼冷了！	Que frio!
多麼冷啊!	Que frio!
大卫在家里。	Davi está em casa.
大家都是企業家。	Todo mundo é empreendedor.
大家都欢呼了。	Todos aplaudiram.
大家都笑我。	Todos riram de mim.
大家都要结婚了吗？	Todos vão se casar?
大家開始笑	Todos começam a rir.
大熊猫只住在中国里。	O panda gigante só mora na China.
大約吧。	Mais ou menos.
大约。	Aproximadamente.
大约下一星期的雨。	Vai chover aproximadamente na próxima semana.
大衛有如此多的女朋友，以至於他無法記得他們所有的人的名字。	Davi tem tantas namoradas que não consegue lembrar o nome de todas elas.
天快黑了。	O céu está quase escuro.
太空跑步是历史上激动人心的时刻。	Correr no espaço é um momento emocionante na história.
太郎是三人之中最有名的。	Taro é o mais famoso entre os três.
太陽出來了。	O sol saiu.
奇怪。	Estranho.
奚落谁呢？	De quem está zombando?
奥地利的首都是悉尼。	A capital da Áustria é Sydney.
奧列格去了洗手間，麗瑪在那裡。	Oleg foi ao banheiro, e Lima estava lá.
女人在大石头前。	A mulher está na frente da grande pedra.
女人食用水牛肉導致暈厥。	A mulher comeu carne de búfalo e desmaiou.
女孩与我擦肩而过。	A garota passou por mim de raspão.
女孩總是跟隨在母親背後。	A garota sempre segue atrás da mãe.
她一個小時後回來。	Ela volta em uma hora.
她一定很用功讀書。	Ela deve estudar muito.
她上學幾乎遲到。	Ela quase se atrasou para a escola.
她不会乘飞机因为害怕坠机。	Ela não vai de avião porque tem medo de cair.
她不会开车。	Ela não sabe dirigir.
她不像她看起来那么年轻。	Ela não é tão jovem quanto parece.
她不喜歡他。	Ela não gosta dele.
她不困。	Ela não está com sono.
她不在是因为病了。	Ela não está porque está doente.
她不在，我很孤独。	Ela não está, e estou muito solitário.
她不必自己做。	Ela não precisa fazer isso sozinha.
她不想。	Ela não quer.
她不想吃午飯。	Ela não quer almoçar.
她不是去了伦敦就是巴黎。	Ela foi para Londres ou Paris.
她不理他，这被证明是不明智的。	Ela o ignorou, e isso se mostrou imprudente.
她不能写字也不能看书。	Ela não sabe escrever nem ler.
她从不害怕。	Ela nunca tem medo.
她们不会死。	Elas não vão morrer.
她们买了一盒饼干。	Elas compraram uma caixa de biscoitos.
她们只是胡说八道。	Elas estão só falando besteira.
她们吃这些东西。	Elas comem essas coisas.
她们在说什么？	O que elas estão dizendo?
她们在读书。	Elas estão lendo livros.
她们嫉妒我们的成功。	Elas têm inveja do nosso sucesso.
她们害怕。	Elas estão com medo.
她们是孩子。	Elas são crianças.
她们死了。	Elas morreram.
她们没有心吗？	Elas não têm coração?
她们被抛弃在一座荒岛上。	Elas foram abandonadas em uma ilha deserta.
她们达到目标了。	Elas alcançaram o objetivo.
她们闭住眼睛。	Elas fecharam os olhos.
她会把娃娃放到她的床上。	Ela vai colocar a boneca na cama dela.
她会是他的好妻子。	Ela será uma boa esposa para ele.
她似乎比以往任何时候都漂亮。	Ela parece mais bonita do que nunca.
她們上了火車。	Elas entraram no trem.
她們不可能是對的。	Elas não podem estar certas.
她們不是想讓我那樣做嗎？	Elas não querem que eu faça aquilo?
她們不是敵人，而是朋友。	Elas não são inimigas, mas amigas.
她們不會說韓語。	Elas não sabem falar coreano.
她們住在樓下。	Elas moram no andar de baixo.
她們兩個人都是好學生。	As duas são boas alunas.
她們想瞭解。	Elas querem entender.
她們想知道。	Elas querem saber.
她們想要瞭解。	Elas desejam entender.
她們想要知道。	Elas desejam saber.
她們更願意留下。	Elas preferem ficar.
她們有酒。	Elas têm vinho.
她們的講詞好好笑。	O discurso delas é muito engraçado.
她停下來抽煙。	Ela parou para fumar.
她偷東西。	Ela rouba coisas.
她允許了我對她的訪問紀錄。	Ela permitiu meu registro de visita a ela.
她只说到时候你们就知道了。	Ela só disse que vocês saberão na hora.
她吃。	Ela come.
她吃蘋果。	Ela come maçã.
她吃麵包。	Ela come pão.
她和她結婚了。	Ela se casou com ela.
她在抽煙。	Ela está fumando.
她在樹林裏散步。	Ela está passeando na floresta.
她在浴室。	Ela está no banheiro.
她在玩俄羅斯方塊。	Ela está jogando Tetris.
她在看一本娛樂雜誌。	Ela está lendo uma revista de entretenimento.
她在看奥运会。	Ela está assistindo às Olimpíadas.
她在等的那個男孩是我的一個朋友。	O menino que ela está esperando é um amigo meu.
她在練鋼琴上花了很多時間。	Ela gastou muito tempo praticando piano.
她在自己的房间里听音乐。	Ela está ouvindo música no próprio quarto.
她在花园里种玫瑰。	Ela está plantando rosas no jardim.
她在花園裡摘花。	Ela está colhendo flores no jardim.
她在花園裡種了玫瑰。	Ela plantou rosas no jardim.
她在试一件外衣。	Ela está experimentando um casaco.
她在趕時間。	Ela está com pressa.
她在车子里睡觉。	Ela está dormindo no carro.
她大惊小怪地皱了皱鼻子。	Ela franziu o nariz com espalhafato.
她婚前是布朗家的。	Antes do casamento, ela era da família Brown.
她工作了。	Ela trabalhou.
她很瞧不起我，认为我没有幽默细胞。	Ela me despreza muito, achando que não tenho senso de humor.
她很确定她没怀孕。	Ela tem muita certeza de que não está grávida.
她悄悄地去了。	Ela foi discretamente.
她想到了一个好的解决办法。	Ela pensou em uma boa solução.
她想我來。	Ela quer que eu venha.
她想要頂新帽子。	Ela quer um chapéu novo.
她懷念自己的青春歲月。	Ela sente saudade dos seus tempos de juventude.
她找到了什麼？	O que ela encontrou?
她把信成碎片。	Ela rasgou a carta em pedaços.
她把我认作我弟弟了。	Ela me confundiu com meu irmão.
她把頭從窗戶外縮回來。	Ela recolheu a cabeça para dentro da janela.
她抓緊時間地閱讀一本暢銷小說。	Ela lê um romance best-seller aproveitando o tempo.
她提出了一連串的醫學發現。	Ela propôs uma série de descobertas médicas.
她昨天得到了一個新的CD播放機。	Ela ganhou um novo CD player ontem.
她是一個妓女。	Ela é uma prostituta.
她是一個安靜的女人。	Ela é uma mulher quieta.
她是個中年胖女人。	Ela é uma mulher de meia-idade e gorda.
她是個又高又瘦, 留著一頭又長又軟的褐色頭髮的女孩。	Ela é uma garota alta e magra, com cabelos castanhos longos e macios.
她是個美麗的女孩，有著金色頭髮和藍色眼睛。	Ela é uma garota bonita, com cabelos dourados e olhos azuis.
她是啃老族。	Ela é uma parasita dos pais.
她是正确的吗？	Ela está correta?
她是生气了，还是累了。	Ela está brava ou cansada.
她會彈鋼琴為我伴奏。	Ela tocará piano para me acompanhar.
她正在找她不見了的皮夾。	Ela está procurando a carteira que perdeu.
她正要出去。	Ela está prestes a sair.
她正要去购物。	Ela está indo fazer compras.
她正要离开家。	Ela está saindo de casa.
她比他大三岁。	Ela é três anos mais velha que ele.
她比玛丽聪明，但她却没玛丽漂亮。	Ela é mais inteligente que Maria, mas não é tão bonita quanto Maria.
她永远也做不到保守秘密。	Ela nunca conseguirá guardar segredo.
她沒想打擊他的。	Ela não pretendia magoá-lo.
她沒有票。	Ela não tem ingresso.
她没有让我们帮忙。	Ela não deixou a gente ajudar.
她没看到你的话就没有什么担心的。	Se ela não viu suas palavras, não há motivo para preocupação.
她温柔地唱了。	Ela cantou suavemente.
她為甚麼問了你？	Por que ela te perguntou?
她無法把鋼琴彈得很好。	Ela não consegue tocar piano muito bem.
她照顧我的孩子。	Ela cuida do meu filho.
她爱慕她哥哥。	Ela admira o irmão dela.
她爹是日本人。	O pai dela é japonês.
她特别想去。	Ela quer muito ir.
她班上的每個人都喜歡她。	Todo mundo na turma dela gosta dela.
她甜點想吃哈密瓜。	Ela quer comer melão como sobremesa.
她生活得很舒適。	Ela vive confortavelmente.
她生自己的气。	Ela está brava consigo mesma.
她用词很粗鲁。	Ela usa palavras muito rudes.
她的卡拜爾裙在浴室地板上。	O vestido kabyle dela está no chão do banheiro.
她的口袋裡塞滿了核桃。	O bolso dela está cheio de nozes.
她的女朋友真算飞机场。	A namorada dela é realmente um aeroporto (peito chato).
她的眼泪已经告诉了发生了什么。	As lágrimas dela já contaram o que aconteceu.
她的這件吊帶蕾絲睡衣很漂亮。	Esta camisola de alças de renda dela é muito bonita.
她看不起他。	Ela despreza ele.
她看不起这个小伙子。	Ela despreza esse rapaz.
她站在镜子前。	Ela está em frente ao espelho.
她給了女生一些蘋果。	Ela deu algumas maçãs para as meninas.
她给客人看了她的宝宝。	Ela mostrou o bebê dela para os convidados.
她羨慕她表哥的成功。	Ela inveja o sucesso do primo dela.
她老爹是日本人。	O pai dela é japonês.
她要去鮑伯家。	Ela vai para a casa do Bob.
她說她們是她的好朋友。	Ela diz que elas são as melhores amigas dela.
她讓我坐在她的身邊。	Ela me fez sentar ao lado dela.
她走。	Ela anda.
她跑。	Ela corre.
她輕輕地推了門。	Ela empurrou a porta suavemente.
她过去的生活仅够糊口。	A vida passada dela mal dava para sobreviver.
她进来。	Ela entrou.
她邀請我和湯姆去派對。	Ela convidou eu e Tom para a festa.
她雙手冰冷。	As mãos dela estão geladas.
好像我快要昏倒了。	Parece que estou prestes a desmaiar.
好像我成电灯泡了。我该走了。	Parece que estou sendo um vela. Já vou indo.
好巧，我下午和你说过的一句话，刚才有人添加了。	Que coincidência, uma frase que eu disse à tarde, alguém acabou de adicionar.
如你所知。	Como você sabe.
如无必要我也不会打的。	Se não for necessário, também não vou ligar.
如果一個男生愛你，他會時時刻刻想著你。	Se um garoto te ama, ele vai pensar em você a todo momento.
如果今天是星期日，我會去釣魚。	Se hoje fosse domingo, eu iria pescar.
如果你们不想帮我们可以不用帮。	Se vocês não quiserem nos ajudar, podem não ajudar.
如果你唱歌的話一定很棒。	Se você cantar, com certeza será ótimo.
如果你喜欢。	Se você gostar.
如果你在洋娃娃腹部的側面上鏈的話，它就會扭動手臂，翻著筋斗向前前進。	Se você der corda na lateral da barriga da boneca, ela vai mexer os braços e dar cambalhotas para frente.
如果你早点出门的话，你就能赶上了。	Se você tivesse saído mais cedo, teria conseguido pegar.
如果你有问题，请来我的办公室几小时。	Se você tiver problemas, por favor, venha ao meu escritório por algumas horas.
如果你没有其它可说的，那对我说“嗨，你怎么样？”就毫无意义。	Se você não tem mais nada a dizer, então dizer "Oi, como vai?" para mim não tem sentido.
如果你發現有錯的話請幫忙改正。	Se você encontrar algum erro, por favor, ajude a corrigir.
如果你的孩子很辛苦你觉得日子很漫长。	Se seu filho está sofrendo, você acha os dias longos.
如果你能忍受我们.	Se você puder nos tolerar.
如果可能的话，这周末。	Se possível, neste fim de semana.
如果我們早點開始的話，就能在午飯時間之前完成。	Se tivéssemos começado mais cedo, poderíamos terminar antes do almoço.
如果我可以像那樣的話...	Se eu pudesse ser assim...
如果我够钱的话，就能出国了。	Se eu tivesse dinheiro suficiente, poderia ir para o exterior.
如果我拼錯了的話，請你糾正。	Se eu soletrar errado, por favor, corrija.
如果我有时间有钱，我要到欧洲去旅游。	Se eu tivesse tempo e dinheiro, iria viajar para a Europa.
如果我有錢，我會買一個新房子。	Se eu tivesse dinheiro, compraria uma casa nova.
如果我有钱了，我就出国。	Se eu tivesse dinheiro, iria para o exterior.
如果我有钱，我马上就买这台电脑。	Se eu tivesse dinheiro, compraria este computador imediatamente.
如果我没忘了的话，我会叫汤姆做那件事。	Se eu não esquecer, vou pedir ao Tom para fazer aquilo.
如果我没有给予任何回答，我不会说话。	Se eu não der nenhuma resposta, não vou falar.
如果我现在有100万日元，我会买辆车。	Se eu tivesse 1 milhão de ienes agora, compraria um carro.
如果我用简体中文输入“什么”，我希望找到的结果里也有“甚麼”。	Se eu digitar "什么" em chinês simplificado, espero que nos resultados também apareça "甚麼".
如果我的大腦在大桶裡，我就不會寫這個了。	Se meu cérebro estivesse num balde, eu não escreveria isso.
如果我知道他的地址，就能寫信給他了。	Se eu soubesse o endereço dele, poderia escrever uma carta para ele.
如果我知道你生病了，我会去医院看望你。	Se eu soubesse que você estava doente, teria ido ao hospital te visitar.
如果时间充裕，我可以做得更好的。	Se houvesse tempo suficiente, eu poderia fazer melhor.
如果时间够了，我会做得更好。	Se o tempo fosse suficiente, eu faria melhor.
如果明天下雨，我們就搭車。	Se chover amanhã, vamos de carro.
如果有了足够的钱，我会把这台电脑买上了。	Se eu tiver dinheiro suficiente, vou comprar este computador.
如果有人支持的話，生意是會成功的。	Se houver apoio, o negócio terá sucesso.
如果有帐户，你就能通过一个系统发送和接收邮件了。	Se tiver uma conta, você pode enviar e receber e-mails através de um sistema.
如果有錢的話，我要環遊世界。	Se tiver dinheiro, quero viajar pelo mundo.
如果沒人幫點忙的話，湯姆是沒辦法移動書櫃的。	Se ninguém ajudar um pouco, o Tom não consegue mover a estante.
如果玛丽愿意，她就会继续这么做。	Se a Mary quiser, ela continuará fazendo isso.
如果这两个文化有真实的不同，我认为最大的准是在关于外国人学习自己的母语的意见。	Se essas duas culturas têm diferenças reais, acho que a maior está na opinião sobre estrangeiros aprenderem a própria língua materna.
如果进行尝试，任何人都可以做。	Se tentar, qualquer um pode fazer.
如果雨停了我就走。	Se a chuva parar, eu vou.
如果，错过太阳的时候你在流泪，那么你也将错过群星。	Se, ao perder o sol, você está chorando, então também perderá as estrelas.
妈妈周日烤曲奇。	A mãe assa biscoitos no domingo.
妈妈骂马的麻吗?	A mãe xinga o cavalo, a maconha é macia?
妳們可以幫我們嗎？	Vocês podem nos ajudar?
妳們很獨特。	Vocês são muito únicas.
妳們的演說很出色。	O discurso de vocês é excelente.
妳們的演說爛透了。	O discurso de vocês é horrível.
妳們的講詞爛透了。	O texto de vocês é horrível.
妳們能幫我們嗎？	Vocês podem nos ajudar?
妳的演說很出色。	Seu discurso é excelente.
妳的演說爛透了。	Seu discurso é horrível.
妳的講詞爛透了。	Seu texto é horrível.
妳能幫我們嗎？	Você pode nos ajudar?
威斯特夫人正在忙碌地準備早餐。	A Sra. West está ocupada preparando o café da manhã.
威爾遜先生對丹尼斯很生氣。	O Sr. Wilson está muito bravo com o Dennis.
媽媽快把晚餐準備好了。	A mãe está quase terminando o jantar.
媽媽總是告訴我晚上不要熬夜太晚。	A mãe sempre me diz para não ficar acordado até tarde à noite.
学友正在拿中国地图。	O colega de estudos está pegando o mapa da China.
学友的手里正拿着北京地图呢。	Xueyou está segurando um mapa de Pequim na mão.
学友看着人美在北京照的新照片。	Xueyou está olhando as fotos novas que Renmei tirou em Pequim.
学生们别明白了老师的解释。	Os alunos não entenderam a explicação do professor.
学生们崇拜新的英语老师。	Os alunos admiram o novo professor de inglês.
学生们站着等巴士。	Os alunos estão em pé esperando o ônibus.
学生们表演哈姆雷特。	Os alunos encenam Hamlet.
孩子们都充满了活力。	As crianças estão todas cheias de energia.
孩子們吃蘋果。	As crianças comem maçãs.
孩子們在聖誕節的早上打開禮物。	As crianças abrem os presentes na manhã de Natal.
孩子們想要果汁。	As crianças querem suco.
孩子在这条河里游泳太危险了。	É muito perigoso para as crianças nadarem neste rio.
孩子的成长快得令人吃惊。	O crescimento da criança é tão rápido que surpreende.
孩子需要你。	A criança precisa de você.
孫子是誰？	Quem é Sun Tzu?
學生不得在校園範圍內吸煙。	Os alunos não podem fumar dentro do campus escolar.
它不匹配的拉丁之一。	Ele não corresponde a um dos latinos.
它不见了。	Ele desapareceu.
它是什麼什麼時候蓋的？	Foi construído quando?
它是封长信。	É uma carta longa.
它是我們的錯誤。	É nosso erro.
它會讓你思考起在你思想裡考慮的事情。	Isso vai fazer você pensar sobre as coisas que estão sendo consideradas na sua mente.
它有危险。	Ele é perigoso.
它根本不是夢。	Não é um sonho de jeito nenhum.
它没有超过十二个孩子少。	Não tem menos de doze crianças.
它現代化的程度遠遠超乎我的預料。	Seu grau de modernização superou em muito minhas expectativas.
它花了我三天时间去阅读这本书。	Levei três dias para ler este livro.
它花了我三年。	Isso me levou três anos.
安下樓來了。	An desceu as escadas.
安畫完了這幅畫。	An terminou de pintar este quadro.
安總是把她的房間保持乾淨。	Ann sempre mantém o quarto dela limpo.
实践出真知。	A prática gera o verdadeiro conhecimento.
家里的洗碗机算是厨房水槽旁洗碗工的对手。	A máquina de lavar louça de casa é rival do lavador de pratos ao lado da pia da cozinha.
富士山被雪所覆蓋。	O Monte Fuji está coberto de neve.
富士山顶盖满了雪。	O topo do Monte Fuji está coberto de neve.
寶貝。	Querido.
寶貝！	Querido!
对不起......	Desculpe......
对不起。	Desculpe.
对不起！	Desculpe!
对他熟悉	Conheço ele bem.
对！	Isso!
射！	Atire!
将死了。	Foi xeque-mate.
將軍。	Xeque.
尋找工作！	Procurar emprego!
對。	Certo.
對不起, 我錯開了你的信。	Desculpe, abri sua carta por engano.
對不起……	Desculpe...
對不起！	Desculpe!
對不起，我來晚了，我沒找到汽車站。	Desculpe, cheguei tarde, não encontrei o ponto de ônibus.
對不起，我拿錯了號碼。	Desculpe, peguei o número errado.
對不起，我沒有聽到你說話。	Desculpe, não ouvi o que você disse.
對事情比較正經嚴肅。	Leva as coisas a sério e com seriedade.
對什麼？毛毛先生是服務性動物。	O quê? O senhor Mao é um animal de serviço.
小丁拿着一张照片问林老师：“您的这张照片是在北大图书馆照的吗？”	Xiao Ding segura uma foto e pergunta ao professor Lin: "Esta sua foto foi tirada na biblioteca da Universidade de Pequim?"
小偷從後門爬窗走進了房子裏。	O ladrão entrou na casa pela porta dos fundos, escalando a janela.
小女孩害怕从屋顶上跳下来。	A menininha tem medo de pular do telhado.
小心!	Cuidado!
小心踫頭。	Cuidado com a cabeça.
小心！	Cuidado!
小木屋沐浴在月光之中。	A cabana de madeira está banhada pelo luar.
少來了！	Para com isso!
少管闲事!	Não se meta!
尤巴看起來很誠實。	Yuba parece muito honesto.
就当在家一样。	Fique à vontade como se estivesse em casa.
就您把您的髒衣服放到籃子裡我還需要說幾次呀？	Quantas vezes ainda preciso dizer para você colocar sua roupa suja no cesto?
就是！	Exato!
就要说出口了。	Estava prestes a dizer.
尽管提问。	Pode perguntar à vontade.
屁话！	Besteira!
展望未来！	Olhando para o futuro!
希望你们以后严格遵守交通规则。	Espero que daqui em diante vocês cumpram rigorosamente as regras de trânsito.
希瑟相信我。	Heather confia em mim.
幫助我們達成目標。	Ajudar-nos a alcançar o objetivo.
幫助是我們的義務。	Ajudar é nossa obrigação.
幫我削一下土豆。	Ajude-me a descascar as batatas.
幫我搓一下背好嗎？	Pode me esfregar as costas?
干杯！	Saúde!
年輕就是本錢。	Juventude é capital.
年轻人伸出他的手，接着我和他握了手。	O jovem estendeu a mão dele, e então eu apertei a mão dele.
幾乎所有的學生喜歡英語。	Quase todos os alunos gostam de inglês.
应该试图这个。	Deveria tentar isto.
庸人自擾。	Gente medíocre se preocupa à toa.
开什么国际玩笑。	Que piada internacional.
开始！	Começa!
弗雷德將於星期一飛往木衛二。	Fred voará para Europa no sábado.
弱肉强食。	O forte come o fraco.
当他问道是谁打碎了玻璃时，所有的男孩子们都装作一副无辜的样子。	Quando ele perguntou quem quebrou o vidro, todos os meninos fingiram estar inocentes.
当在餐馆里时，不能点炒鱿鱼。	Quando estiver em um restaurante, não pode pedir lula salteada.
当您登记美国大学时，您考TOEFL获得的分数只是所选因素的其中一个。	当您登记美国大学时，您考TOEFL获得的分数只是所选因素的其中一个。
当汤姆开着他破旧的雷泽车来接女儿放学时，他的女儿假装不认识他。	Quando Tom foi buscar a filha na escola dirigindo seu velho carro Lasier, a filha fingiu não conhecê-lo.
当然。	Claro.
当然是的。	Claro que sim.
彼得是誰？	Quem é Pedro?
待在家裡。	Fique em casa.
待著。	Fique parado.
很多!	Muitos!
很多的谣言失败。	Muitos boatos fracassaram.
很奇怪，他失败了。	Muito estranho, ele fracassou.
很好看。	Muito bonito.
很容易感冒。	É muito fácil pegar um resfriado.
很快就會放睛了吧。	Vai clarear logo, né?
很快电就又来了。	Logo a eletricidade voltou.
很抱歉那个问题我不赞成你。	Sinto muito, não concordo com você nessa questão.
很明顯的，他們房前的樹上築巢。	É muito óbvio, eles estão fazendo ninho na árvore na frente da casa.
很显然我们是豆荚里的俩颗豆子。	É muito claro que somos duas ervilhas na mesma vagem.
很遗憾你们不能来。	É uma pena que vocês não possam vir.
從來沒有人因為工作過度而累死，但為什麼要冒這個險呢？	Nunca ninguém morreu de tanto trabalhar, mas por que correr esse risco?
從草地裏出來。	Sair do gramado.
從這來看，你能因此論定女权主義還是必要的。	Por isso, você pode concluir que o feminismo ainda é necessário.
從那到布爾諾多遠？	Daí até Brno, qual a distância?
從飛機上看，那是個非常美麗的島嶼。	Visto do avião, é uma ilha muito bonita.
德国是危险吗？	A Alemanha é perigosa?
德國有加拿大冷嗎？	A Alemanha é tão fria quanto o Canadá?
德米特里很喜歡透過客服學習。	Dmitri gosta muito de aprender através do atendimento ao cliente.
德米特里很欣賞風景。	Dmitri aprecia muito a paisagem.
心灵与心之间的关系，通常如同一个城堡的图书馆与城堡主人之间的关系一样。	A relação entre a mente e o coração é geralmente como a relação entre a biblioteca de um castelo e o dono do castelo.
心靈應該當一個好僕人，但心應該是主人。	A mente deve ser um bom servo, mas o coração deve ser o mestre.
忘了今天的事儿吧。	Esqueça o assunto de hoje.
快一点好吧！	Mais rápido, está bem!
快一点，你就能赶上火车了。	Mais rápido, e você conseguirá pegar o trem.
快去找。	Vá procurar rápido.
快快談論。	Conversem rapidamente.
快来吧！	Venha logo!
快点。	Rápido.
快点干你的活。	Rápido, faça o seu trabalho.
快点！	Rápido!
快点，我们要加把劲了。	Rápido, temos que nos esforçar mais.
快點!	Rápido!
快點。	Rápido.
快點啦！	Rápido, vai!
快點穿。	Vista-se rápido.
快點走！	Vá rápido!
快！	Rápido!
怎麼會有警察？	Como é que tem polícia?
思念又祈禱。	Saudade e oração.
思念和祈禱。	Saudade e oração.
总线速度逐步回升。	A velocidade do ônibus está se recuperando gradualmente.
恐怕今晚會下雨。	Receio que vai chover esta noite.
恐怕他永远也不会承认自己的罪行。	Receio que ele nunca admitirá seus próprios crimes.
恐龍！	Dinossauro!
恭喜你的臉。	Parabéns pelo seu rosto.
恶心！	Nojento!
您不能炒了我们。	O senhor não pode nos demitir.
您为什么惩罚他们？	Por que o senhor os pune?
您也来参加吧！	Você também venha participar!
您吃了什麼樣的膳食？	O que o senhor comeu de refeição?
您在找什么吗？	Você está procurando algo?
您有火柴吗？	O senhor tem fósforos?
您的家族史跟中医有没有关系？	A história da sua família tem relação com a medicina tradicional chinesa?
您真是太热情了。	O senhor é realmente muito caloroso.
您真的點了地瓜片來搭配素食漢堡嗎？	O senhor realmente pediu batata-doce frita para acompanhar o hambúrguer vegetariano?
您遠足嗎？	O senhor faz caminhadas?
悲哉失敗者!	Tristeza, perdedor!
想長命百歲有一個萬無一失的方法：每天吃一顆獅子頭，吃一百年。	Para viver cem anos, há um método infalível: comer uma cabeça de leão todos os dias, por cem anos.
意大利面！	Macarrão italiano!
愚蠢骑着没有闸的单车。	A estupidez anda de bicicleta sem freio.
愛喜歡愛。	O amor gosta do amor.
愛屋及烏。	Amar a casa e também os corvos.
愛是騙局。	Amor é uma farsa.
感謝您的回電。	Agradeço pelo seu retorno de chamada.
懷特說，人們會帶給工人路易斯安那風格的美食——鹿肉義大利麵和當地特色菜什錦飯，來表達他們的感激之情。	White disse que as pessoas trariam aos trabalhadores comidas ao estilo da Louisiana — espaguete de veado e o prato típico local, jambalaya — para expressar sua gratidão.
我三年前见过他。	Eu o vi há três anos.
我上中學的時候天天六點起床。	Quando eu estava no ensino médio, eu acordava às seis horas todos os dias.
我上中學的時候有寫日記的習慣。	Quando eu estava no ensino médio, eu tinha o hábito de escrever um diário.
我上星期在这里玩。	Eu brinquei aqui na semana passada.
我上週買了它。	Eu comprei na semana passada.
我下個月刷我的房子。	No mês que vem, vou pintar minha casa.
我下週四前要這份工作。	Preciso deste trabalho até quinta-feira que vem.
我不会乱动的。	Não vou me mexer.
我不会唱那首歌的。	Não vou cantar aquela música.
我不信宗教。	Não acredito em religião.
我不吃蘋果核。	Não como o caroço da maçã.
我不喜欢你嘲笑她的方式。	Não gosto do jeito que você zomba dela.
我不喜欢喝酒。	Eu não gosto de beber álcool.
我不喜欢虚伪的信徒。	Eu não gosto de crentes hipócritas.
我不喜欢那幅画儿。	Eu não gosto daquele quadro.
我不喜歡他說的話。	Eu não gosto do que ele disse.
我不喜歡這番話。	Eu não gosto dessas palavras.
我不喜歡那件夾克。	Eu não gosto daquela jaqueta.
我不喜歡那頂帽子。	Eu não gosto daquele chapéu.
我不在乎花多少钱。	Eu não me importo de gastar quanto dinheiro for.
我不後悔。	Eu não me arrependo.
我不得不照顧小孩們。	Eu tenho que cuidar das crianças.
我不想來這裡。	Eu não quero vir aqui.
我不想做那件事，但湯姆說我必須做。	Eu não quero fazer aquilo, mas Tom disse que eu tenho que fazer.
我不想去那儿，他也不想。	Eu não quero ir para lá, e ele também não quer.
我不想打這架。	Eu não quero brigar.
我不想让你伤害。	Eu não quero deixar você se machucar.
我不拍手他们。	Eu não aplaudo eles.
我不敢走在前面，太黑了。	Eu não ouso andar na frente, está muito escuro.
我不明白为什么我得跟着去。	Eu não entendo por que tenho que ir junto.
我不明白你们在说什么。	Eu não entendo o que vocês estão dizendo.
我不是个意愿自由主义着。	Eu não sou um liberal voluntarista.
我不是在說他。	Eu não estou falando dele.
我不是正在寫信。	Eu não estou escrevendo uma carta.
我不是爲此而做的。	Eu não fiz isso por isso.
我不會吃冰淇淋。	Eu não vou comer sorvete.
我不期待去上班	Eu não estou ansioso para ir trabalhar.
我不清楚湯姆是甚麼意思。	Eu não entendo o que Tom quer dizer.
我不理解你	Eu não te entendo.
我不知道Tom是否和我们一起吃饭。	Eu não sei se Tom vai jantar conosco.
我不知道什么时候要在那里。	Eu não sei quando tenho que estar lá.
我不知道他是日本人。	Eu não sei que ele é japonês.
我不知道他来这里的确切时间。	Eu não sei a hora exata em que ele vem aqui.
我不知道你在看東西。	Eu não sei que você está olhando alguma coisa.
我不知道我應該用哪把鑰匙。	Eu não sei qual chave devo usar.
我不知道汤姆会告诉我们该怎么做。	Eu não sei que Tom vai nos dizer o que fazer.
我不禁想我的儿子一直都在生。	Eu não consigo deixar de pensar que meu filho sempre esteve vivo.
我不習慣辛辣的食物。	Eu não estou acostumado com comida apimentada.
我不能一小時內徹底的了解那堂課程。	Eu não consigo entender completamente aquela aula em uma hora.
我不能和你们一起去，因为我很忙。	Eu não posso ir com vocês, porque estou muito ocupado.
我不能等你。	Eu não posso esperar por você.
我不覺得我可以相信他所說的。	Eu não acho que posso acreditar no que ele disse.
我不覺得湯姆知道瑪麗對他有什麼期待。	Não acho que Tom saiba o que Maria espera dele.
我不觉得汤姆和玛丽知道约翰认为他们愚蠢。	Não acho que Tom e Maria saibam que João pensa que eles são estúpidos.
我不讨厌听你说些下流的话。	Não odeio ouvir você dizer palavras obscenas.
我不跟他讲这件事。	Não vou falar com ele sobre isso.
我不跟你要好了。	Não vou mais ficar bem com você.
我不高兴看电视。	Não estou feliz em assistir televisão.
我为自己的错误自怨自艾。	Fico me lamentando pelos meus próprios erros.
我乘车去学校。	Vou para a escola de carro.
我也不知道为什么聚会会延期。	Também não sei por que a festa foi adiada.
我也不知道为什么聚会被推迟了。	Também não sei por que a festa foi adiada.
我也喝两杯茶。	Também bebo dois copos de chá.
我也很想要学法语。	Também quero muito aprender francês.
我也知道汤姆不很笨蛋的。	Também sei que Tom não é muito burro.
我也紧张。	Também estou nervoso.
我买了很多笔记本。	Comprei muitos cadernos.
我五點在家。	Estou em casa às cinco horas.
我仅仅是在和Tom交谈。	Estou apenas conversando com Tom.
我今天下午帶我兒子去動物園。	Hoje à tarde vou levar meu filho ao zoológico.
我今天下午用电邮发。	Hoje à tarde vou enviar por e-mail.
我今天晚上死掉。	Hoje à noite vou morrer.
我今天有點不舒服。那戶井水是許多疾病的源頭。	Hoje estou um pouco indisposto. A água daquele poço é a fonte de muitas doenças.
我今天碰上你很高兴。	Hoje estou muito feliz em encontrar você.
我们一起在学校。	Estamos juntos na escola.
我们不能嘲笑穷人。	Não podemos zombar dos pobres.
我们不能愁闷地看着这个城市就这样衰退下去。	Não podemos ficar angustiados vendo esta cidade declinar assim.
我们不能让对方钻空子。	Não podemos deixar a outra parte tirar vantagem.
我们乐意帮你做。	Estamos dispostos a ajudar você a fazer.
我们也同意。	Também concordamos.
我们互相不了解。	Não nos entendemos mutuamente.
我们今天去一所中学监考了。	Hoje fomos a uma escola secundária supervisionar o exame.
我们会做饭的。	Nós sabemos cozinhar.
我们只能滥用善良的。	Só podemos abusar da bondade.
我们喜欢你们。	Nós gostamos de vocês.
我们在厦威夷一年到头都可以享受在海里游泳的乐趣。	No Havaí, podemos aproveitar o prazer de nadar no mar o ano todo.
我们在天上的父，愿人都尊你的命为圣。愿你的国降临。愿你的旨意行在地上如同行在天上。我们日用的饮食，今日赐给我们，免我们的债，如同我们免了人的债，不叫我们遇见试探，救我们脱离凶恶。	Pai nosso que estás nos céus, santificado seja o teu nome. Venha o teu reino. Seja feita a tua vontade, assim na terra como no céu. O pão nosso de cada dia nos dá hoje; perdoa as nossas dívidas, assim como perdoamos aos nossos devedores; e não nos deixes cair em tentação, mas livra-nos do mal.
我们坐着谈很久以前的事。	Sentamos e conversamos sobre coisas de muito tempo atrás.
我们大概去了，不过要看天气怎么样再决定。	Provavelmente vamos, mas depende do clima para decidir.
我们小声谈话以免被人听到。	Conversamos baixinho para não sermos ouvidos.
我们希望世界和平。	Esperamos pela paz mundial.
我们希望应聘者能有4年工作经验。	Esperamos que o candidato tenha 4 anos de experiência de trabalho.
我们应该不够时间在今天之内完成它。	Não devemos ter tempo suficiente para terminar isso hoje.
我们应该买三瓶酒的。	Devíamos ter comprado três garrafas de vinho.
我们得让她睡觉。	Temos que fazê-la dormir.
我们怎么来这的？	Como viemos parar aqui?
我们有一只猫。我们都喜欢猫。	Nós temos um gato. Todos nós gostamos de gatos.
我们有一节关于环境污染的讲座。	Nós temos uma palestra sobre poluição ambiental.
我们有情况了。	Temos uma situação.
我们来讨论下明天吧。	Vamos discutir o amanhã.
我们欠你个道歉。	Devemos a vocês um pedido de desculpas.
我们正要进房间。	Estávamos prestes a entrar no quarto.
我们没怕。	Não estamos com medo.
我们真的不知道，下次我们再也不这样了。	Nós realmente não sabemos, da próxima vez não faremos mais isso.
我们真的感激他们的努力。	Nós realmente agradecemos pelo esforço deles.
我们第一次参观了他的家乡。	Visitamos a terra natal dele pela primeira vez.
我们被要求不再这么做。	Fomos instruídos a não fazer mais isso.
我们要回去啦，你托我们的事情一定留心着。	Vamos voltar, com certeza ficaremos de olho no que você nos pediu.
我们觉得他一会儿就会回来。	Achamos que ele vai voltar daqui a pouco.
我们觉得他一会儿就回来了。	Achamos que ele voltou daqui a pouco.
我们觉得这地方很耳熟。	Achamos este lugar muito familiar.
我们认为这份报告是假的。	Consideramos que este relatório é falso.
我们走，尽可能多看点东西。	Vamos, vejamos o máximo de coisas possível.
我会叫汤姆回来。	Vou mandar Tom voltar.
我会开车送你们去机场。	Vou levá-los de carro até o aeroporto.
我会打电话给你。	Vou ligar para você.
我会把它看作一个征兆。	Vou considerar isso um sinal.
我会给你回电话的。	Vou retornar sua ligação.
我会让你搭个便车。	Vou te dar uma carona.
我会说一点儿。	Falo um pouquinho.
我住在提比里斯。	Moro em Tbilisi.
我住的那家旅館的床太軟了。	A cama do hotel onde fiquei era mole demais.
我來幫你弄張演唱會門票吧。	Vou te ajudar a conseguir um ingresso para o show.
我依然會夢見德國。	Ainda sonho com a Alemanha.
我們可以。	Nós podemos.
我們可以游到幾點？	Até que horas podemos nadar?
我們可以用到幾點？	Até que horas podemos usar?
我們四月要搬回阿爾及爾。	Em abril vamos nos mudar de volta para Argel.
我們在兩點鐘吃了晚午餐。	Almoçamos tarde às duas horas.
我們在吃晚餐。	Estamos jantando.
我們坐那兒吧。	Vamos sentar ali.
我們將移交至島上的機場。	Vamos transferir para o aeroporto da ilha.
我們已經想好了。	Nós já pensamos bem.
我們已經收到了很多回應我們廣告的申請。	Nós já recebemos muitos pedidos respondendo ao nosso anúncio.
我們常常在放學後下棋。	Nós costumamos jogar xadrez depois da escola.
我們幾乎像兄弟一樣。	Nós somos quase como irmãos.
我們很匆忙。	Nós estamos com muita pressa.
我們很快修好了。	Nós consertamos rapidamente.
我們得體諒她年輕。	Nós devemos compreender que ela é jovem.
我們從馬來西亞得到材料。	Nós obtemos materiais da Malásia.
我們想你。	Nós sentimos sua falta.
我們想要對湯姆致上特別的感謝。	Nós queremos expressar um agradecimento especial ao Tom.
我們想要糖。	Nós queremos açúcar.
我們應該告訴他真相的。	Nós deveríamos ter contado a verdade a ele.
我們成親家了, 因為我們的孩子們結婚了。	Nós nos tornamos parentes por casamento, porque nossos filhos se casaram.
我們或多或少對這次的選舉感到失望。	Nós estamos mais ou menos decepcionados com esta eleição.
我們把活動延期了。	Nós adiamos o evento.
我們搭那輛公車上學。	Nós pegamos aquele ônibus para ir à escola.
我們明天去跳蚤市場吧。	Vamos ao mercado de pulgas amanhã.
我們會一起來。	Nós viremos juntos.
我們會按照你的工作量付錢給你。	Nós pagaremos você de acordo com seu volume de trabalho.
我們會認證支票。	Nós autenticaremos o cheque.
我們有幫忙。	Nós ajudamos.
我們的車誤點了。	Nosso carro atrasou.
我們的飛機準時在六時正起飛了。	Nosso avião decolou pontualmente às seis horas em ponto.
我們稱一斤花枝吧。	Vamos pedir meio quilo de lula.
我們突然向下望去，只見一個杯狀的窪地，上麵點綴著矮小的橡樹和被多年風暴肆虐扭曲變形的蕨類植物。兩座高聳狹窄的塔樓聳立在樹梢之上。車夫用鞭子指著前方。他說：「巴斯克維爾莊園。」	De repente olhamos para baixo e vimos uma depressão em forma de taça, salpicada de carvalhos baixos e samambaias retorcidas e deformadas por anos de tempestades. Duas torres altas e estreitas erguiam-se acima das copas das árvores. O cocheiro apontou com o chicote para a frente. Ele disse: "A Mansão Baskerville."
我們要去這裡。	Nós queremos ir para cá.
我們要走到山上，還沒走到一半的路，你真的已經那麼累了嗎？	Vamos caminhar até a montanha, ainda nem chegamos na metade do caminho, você já está tão cansado assim?
我們視健康為理所當然, 直到疾病侵襲。	Nós consideramos a saúde como garantida, até que a doença nos atinge.
我們說到哪裡了？	Onde paramos na conversa?
我們誰也不認識。	Nós não conhecemos ninguém.
我們電話裡說。	Conversamos por telefone.
我們需要等她嗎？	Precisamos esperar por ela?
我全靠自己。	Eu dependo totalmente de mim mesmo.
我六个月前戒地烟。	Eu parei de fumar há seis meses.
我凑到你耳边说。	Eu chego perto do seu ouvido e falo.
我出门的时候，你来了。	Quando eu saí, você chegou.
我切開一顆蘋果。	Eu corto uma maçã.
我刚刚见到汤姆了。	Eu acabei de ver o Tom.
我刚才在喝牛奶。	Eu estava bebendo leite agora há pouco.
我刚才还碰到他来着。	Eu até encontrei com ele agora há pouco.
我前一天遇見了他。	我前一天遇見了他。 → No dia anterior, encontrei-o.
我剛吃了個法拉費。	我剛吃了個法拉費。 → Acabei de comer um falafel.
我勸了他戒煙。	我勸了他戒煙。 → Aconselhei-o a parar de fumar.
我十一点上床。	我十一点上床。 → Deitei-me às onze horas.
我十一點鐘的時候在等你。	我十一點鐘的時候在等你。 → Às onze horas, estava esperando por você.
我厭煩了他對我說教。	我厭煩了他對我說教。 → Estou farto de ele me dar sermões.
我去上汉语课。	我去上汉语课。 → Vou para a aula de chinês.
我去东京站见他。	我去东京站见他。 → Vou à estação de Tóquio vê-lo.
我去了公共游泳池應徵當救生員。	我去了公共游泳池應徵當救生員。 → Fui à piscina pública me candidatar a salva-vidas.
我去公園。	我去公園。 → Vou ao parque.
我去商店。	我去商店。 → Vou à loja.
我去学校。	我去学校。 → Vou à escola.
我去學校。	我去學校。 → Vou à escola.
我去帮助他们。	我去帮助他们。 → Vou ajudá-los.
我去弄飲料給你。	我去弄飲料給你。 → Vou pegar uma bebida para você.
我去玩了！	我去玩了！ → Fui me divertir!
我去英國玩兩個星期。	我去英國玩兩個星期。 → Vou para a Inglaterra passear por duas semanas.
我去註冊一家健身房。	我去註冊一家健身房。 → Vou me inscrever em uma academia.
我去跟湯姆解釋。	我去跟湯姆解釋。 → Vou explicar para o Tom.
我去那里看望她。	我去那里看望她。 → Vou até lá visitá-la.
我去银行取钱。	我去银行取钱。 → Vou ao banco sacar dinheiro.
我又转念，见日光之下，快跑的未必能赢，力战的未必得胜，智慧的未必得粮食，明哲的未必得资财，灵巧的未必得喜悦，所临到众人的，是在乎当时的机会。	我又转念，见日光之下，快跑的未必能赢，力战的未必得胜，智慧的未必得粮食，明哲的未必得资财，灵巧的未必得喜悦，所临到众人的，是在乎当时的机会。 → Refleti novamente e vi que, debaixo do sol, nem sempre o rápido vence a corrida, nem o forte vence a batalha; nem o sábio tem pão, nem o prudente tem riquezas, nem o habilidoso tem favor; mas o tempo e o acaso acontecem a todos.
我受够了。	我受够了。 → Estou farto.
我受够了你的反科学贫穷。	我受够了你的反科学贫穷。 → Estou farto da sua pobreza anticientífica.
我受够了！	我受够了！ → Estou farto!
我只想到你。	我只想到你。 → Só penso em você.
我只是听到了一些消息。	我只是听到了一些消息。 → Só ouvi algumas notícias.
我只是在写一封信给我的女友。	我只是在写一封信给我的女友。 → Estou apenas escrevendo uma carta para minha namorada.
我只知道你一位加拿大人。	我只知道你一位加拿大人。 → Só sei que você é um canadense.
我只能走路，因为打不到出租车。	我只能走路，因为打不到出租车。 → Só posso andar, porque não consigo pegar um táxi.
我只跟你说，我很快就要辞掉我现在的工作了。	我只跟你说，我很快就要辞掉我现在的工作了。 → Só digo a você que vou pedir demissão do meu emprego atual em breve.
我叫服務員。	我叫服務員。 → Chamei o garçom.
我叫汤姆弹吉他。	我叫汤姆弹吉他。 → Pedi ao Tom para tocar violão.
我可以看看你的行李條嗎？	我可以看看你的行李條嗎？ → Posso ver sua etiqueta de bagagem?
我可以聽見門砰砰作響。	我可以聽見門砰砰作響。 → Posso ouvir a porta batendo.
我可以要杯水吗？	我可以要杯水吗？ → Posso pedir um copo d'água?
我可以說些什麼嗎?	我可以說些什麼嗎? → Posso dizer alguma coisa?
我可能也會購買整修品。	我可能也會購買整修品。 → Talvez eu também compre produtos reformados.
我可能知道你离开的日期吗？	我可能知道你离开的日期吗？ → Posso saber a data da sua partida?
我吃一片西瓜。	我吃一片西瓜。 → Como uma fatia de melancia.
我吃完晚飯就出門。	Eu saio depois de terminar o jantar.
我吃完晚飯後看電視。	Eu vejo televisão depois de terminar o jantar.
我吃蘋果。	Eu como maçã.
我同意了。	Eu concordei.
我同意您的意見。	Eu concordo com sua opinião.
我后悔告诉了你。	Eu me arrependo de ter te contado.
我向Bob求助。	Eu peço ajuda ao Bob.
我向一個警察問路。	Eu pergunto o caminho a um policial.
我向妈妈学习。	Eu aprendo com a mãe.
我吓一跳。	Eu levo um susto.
我听不懂汤姆说的话。	Eu não entendo o que Tom disse.
我听不清那个男的在说些什么。	Eu não ouço claramente o que aquele homem está dizendo.
我听了感到抱歉。	Eu ouvi e me sinto arrependido.
我听她说英语说得流利。	Eu a ouço falar inglês fluentemente.
我听得到。	Eu consigo ouvir.
我听说你弹钢琴。	Eu ouvi dizer que você toca piano.
我吹次中音薩克斯風。	Eu toco saxofone tenor.
我告訴她你是個很好的女孩。	Eu digo a ela que você é uma garota muito boa.
我和丈夫周日要去四季演艺中心，去看国家芭蕾舞团表演的芭蕾舞剧《卡门》。	Eu e meu marido vamos ao Centro de Artes Cênicas Siji no domingo para ver o balé "Carmen" apresentado pelo Balé Nacional.
我和台灣站在一起。	Eu estou ao lado de Taiwan.
我和她在中学是一个班的。	Eu e ela estávamos na mesma turma no ensino médio.
我和妈妈，弟弟还有爷爷奶奶住在一起。	Eu moro com a mãe, o irmão mais novo e os avós.
我和我的兄弟打網球。	Eu e meu irmão jogamos tênis.
我和我自己来。	Eu e eu mesmo vou.
我和汤姆在一起。	Eu estou com Tom.
我和汤姆无话不说。	Eu e Tom não temos segredos um com o outro.
我咳出了血。	Eu tossi sangue.
我喜欢古典音乐。	Eu gosto de música clássica.
我喜欢噢唑百克的歌。	Eu gosto das músicas do Oozebac.
我喜欢在队伍里。	Eu gosto de estar na fila.
我喜欢奥克语。	Eu gosto da língua occitana.
我喜欢看电影。	Eu gosto de assistir filmes.
我喜欢那只蚱蜢发出的声音！	Eu gosto do som que aquele gafanhoto faz!
我喜歡你的卡車。	Eu gosto do seu caminhão.
我喜歡你的網站！	Eu gosto do seu site!
我喜歡你的頭像。	Eu gosto do seu avatar.
我喜歡她這身黑色的裝束。	Eu gosto dessa roupa preta dela.
我喜歡煮飯時加幾粒八角。它帶有淡淡的甜味和類似甘草的香氣。	Eu gosto de adicionar alguns anis-estrelados ao cozinhar. Ele tem um sabor levemente adocicado e um aroma parecido com alcaçuz.
我喜歡藝術。	Eu gosto de arte.
我喜歡虛構語言。	Eu gosto de línguas artificiais.
我喜歡讀這本小說。	Eu gosto de ler este romance.
我喜歡那件紫色的上衣。	Eu gosto daquela blusa roxa.
我喜歡雞雞。	Eu gosto de frango.
我喝果汁。	Eu bebo suco de fruta.
我喝汤。	Eu bebo sopa.
我喝醉了，但是还会说德语。	Eu bebi demais, mas ainda sei falar alemão.
我嘗試一天吃一顆蘋果。	Eu tento comer uma maçã por dia.
我嘗試愛所有人。	Eu tento amar todas as pessoas.
我嘗試用左手寫字。	Eu tento escrever com a mão esquerda.
我在修理回家路上捡到的收音机。	Estou consertando o rádio que encontrei no caminho de casa.
我在兵库县立大学学习。	Estudo na Universidade de Hyogo.
我在加拿大生活了近五年。	Vivi no Canadá por quase cinco anos.
我在医院的任期完全记得，为什么你没有想起我。	Lembro-me completamente do meu período no hospital, por que você não se lembrou de mim?
我在去凯比利亚的路上。	Estou a caminho da Cabília.
我在叫他们回来。	Estou chamando eles de volta.
我在名古屋生活了1个多月。	Morei em Nagoya por mais de um mês.
我在哪站下？	Em qual estação eu desço?
我在国外指派了。	Fui designado para o exterior.
我在外面等。	Espero lá fora.
我在大學主修化學。	Na universidade, meu curso principal foi química.
我在大學主修哲學。	Na universidade, meu curso principal foi filosofia.
我在大學主修美國文學。	Na universidade, meu curso principal foi literatura americana.
我在她手下工作。	Trabalho sob o comando dela.
我在安卡拉大學學習。	Estudo na Universidade de Ancara.
我在家裡待著。	Fico em casa.
我在小巷子裏轉向了。	Me perdi no beco.
我在廚房裡幫媽媽。	Ajudo minha mãe na cozinha.
我在想你今天会不会来。	Estou pensando se você virá hoje.
我在想哪个跑步运动员会跑第一。	Estou pensando em qual corredor vai ficar em primeiro.
我在想我寫的對不對。	Estou pensando se o que escrevi está certo.
我在想有多少加拿大人住在波士頓。	Estou pensando em quantos canadenses moram em Boston.
我在我的夢裡見到了你們。	Vi vocês no meu sonho.
我在東京站換火車。	Troco de trem na estação de Tóquio.
我在柏柏語課上上了洗手間。	Fui ao banheiro durante a aula de berbere.
我在深夜遇見了她。	Encontrei ela tarde da noite.
我在湯姆身上花的時間太多了。	Gastei tempo demais com Tom.
我在物理課遇到一個傢伙用PVC管做了迪吉里杜管。	Encontrei um cara na aula de física que fez um didgeridoo com cano de PVC.
我在用信用卡付。	Estou pagando com cartão de crédito.
我在監獄裡打掃過廁所。	Limpei banheiros na prisão.
我在第四十大街下了车。	Desci do carro na Quadragésima Avenida.
我在等你们。你们什么时候准备好？	Estou esperando por vocês. Quando vocês estarão prontos?
我在買一輛新車。	Estou comprando um carro novo.
我在阅读中度过了一天中最美好的部分。	Passei a melhor parte do dia lendo.
我在魚上灑鹽和胡椒作調味。	Tempere o peixe com sal e pimenta.
我坐出租車去。	Vou de táxi.
我坐飞机去意大利。	Vou de avião para a Itália.
我大前年死了個朋友。	Perdi um amigo há três anos.
我大吃了一顿比萨。	Comi uma pizza enorme.
我太太的所有親戚都是我的姻親。	Todos os parentes da minha esposa são meus parentes por afinidade.
我奉獻。	Eu me dedico.
我姥姥只喝了点儿汤。	Minha avó só tomou um pouco de sopa.
我存在銀行的錢利息非常低。	Os juros do dinheiro que tenho no banco são muito baixos.
我完全不知道湯姆是醫生。	Não faço ideia de que Tom é médico.
我完全地筋疲力盡了。	Estou completamente exausto.
我实际并不知道。	Na verdade, não sei.
我寫字母。	Escrevo letras.
我对汤姆发誓我不会说任何话了。	Jurei para Tom que não diria mais nada.
我将确保你们在第一年后有一个增长。	Garantirei que vocês tenham um aumento após o primeiro ano.
我將主修法文。	Vou me especializar em francês.
我專攻經濟學。	Especializo-me em economia.
我就是在这得到它的。	Foi aqui que consegui isso.
我差點没考過。	Quase não passei no exame.
我已經做了我的家庭作業。	Já fiz meu dever de casa.
我已經得到了一切你想要的東西。	Já consegui tudo o que você queria.
我已經搭了最近比較早一點的火車來上班。	Peguei o trem um pouco mais cedo para vir trabalhar.
我已经告诉了汤姆玛丽住院了。	Já disse a Tom que Mary está hospitalizada.
我已经想读他们了	Já quero lê-los.
我已经起来了。	Já me levantei.
我希望你告訴我真相了。	Espero que você tenha me contado a verdade.
我希望你能唱一首歌。	Espero que você possa cantar uma música.
我希望当我在想我希望我是谁的时候我就是谁。	Espero ser quem estou pensando que gostaria de ser.
我希望我没有得到职位。	Espero não ter conseguido o cargo.
我希望版權不用持續這麼久。	Espero que os direitos autorais não durem tanto tempo.
我带你们去。	Levo vocês.
我帶了一個驚喜給你。	Trouxe uma surpresa para você.
我幫我父親做這個工作。	Ajudo meu pai neste trabalho.
我幾乎沒有遇見她。	Quase não a encontrei.
我应该去找到解决问题的办法。	Devo encontrar uma solução para o problema.
我应该知道。	Deveria saber.
我建石头房子。	Construo casas de pedra.
我建議我們去個更安全的地方。	Eu sugiro que a gente vá a um lugar mais seguro.
我很快樂能參加你的派對。	Estou muito feliz por poder participar da sua festa.
我很抱歉今天您来的时候没能见您。	Sinto muito por não ter conseguido vê-lo quando você veio hoje.
我很确定你也会为我做同样的事。	Tenho certeza de que você também faria o mesmo por mim.
我很肯定！	Tenho muita certeza!
我很驚訝約翰死了。	Estou surpreso que João morreu.
我很高兴你们成功了。	Estou feliz que vocês conseguiram.
我得了流感。	Peguei gripe.
我得到了一雙新鞋。	Ganhei um par de sapatos novos.
我得换工服了。	Preciso trocar meu uniforme de trabalho.
我得查找一下我的笔。	Preciso procurar minha caneta.
我得问你做那件事。	Preciso te perguntar sobre fazer aquilo.
我從1988年起就沒有看過湯姆了。	Não vejo Tom desde 1988.
我從中國到日本。	Vou da China ao Japão.
我從來沒有見過他。	Nunca o vi.
我心痛。	Meu coração dói.
我必须早两个小时起床，就为了花费一整天的时间在办公室参加本可以线上参与的30-45分钟的会议。	Preciso acordar duas horas mais cedo só para passar o dia inteiro no escritório em reuniões de 30 a 45 minutos que poderiam ser online.
我必须离开你。	Preciso me afastar de você.
我忘了我上個月跟她見面。	Esqueci que me encontrei com ela no mês passado.
我忙于应付期末考试。	Estou ocupado com as provas finais.
我快看不到你了。	Estou quase não conseguindo te ver.
我怕她不會接受我的解釋。	Tenho medo de que ela não aceite minha explicação.
我恐怕他一點以前是不會來的。	Receio que ele não venha antes de uma hora.
我想介紹你給我父母認識。	Quero apresentar você aos meus pais.
我想你用自己的想象力。	Quero que você use sua própria imaginação.
我想你表现我怎么做那个。	Quero que você me mostre como fazer aquilo.
我想做她們的朋友。	Quero ser amiga delas.
我想加入你们的团对。	Quero me juntar ao grupo de vocês.
我想加入你們的團隊。	Quero me juntar à equipe de vocês.
我想問再你幾箇問題。	Quero te fazer mais algumas perguntas.
我想喝著你最好的白酒吃這肉。	Quero beber o seu melhor vinho branco enquanto como esta carne.
我想幫湯姆做那件事。	Quero ajudar Tom a fazer aquilo.
我想念我的孩子。	Sinto falta dos meus filhos.
我想我感到有點嫉妒。	Acho que estou sentindo um pouco de ciúmes.
我想挣点钱，所以我一周打三天小时工。	Quero ganhar um dinheiro, então trabalho três dias por semana como meio período.
我想準時到，就會準時到。	Se quero chegar na hora, vou chegar na hora.
我想睡觉。	Quero dormir.
我想知道他會不會來這里。	Quero saber se ele virá aqui.
我想知道咱们是否有足够的钱给汤姆买他想要的这幅画。	Quero saber se temos dinheiro suficiente para comprar para Tom este quadro que ele quer.
我想給你介紹一下我身旁這位朋友。	Quero apresentar a você este amigo ao meu lado.
我想要一张1比250000的得克萨斯州的地图。	Quero um mapa do Texas na escala 1 para 250.000.
我想要你睡在它上边。	Quero que você durma em cima dele.
我想要備受好評的可靠品牌。	Quero marcas confiáveis e bem avaliadas.
我想要大家伙帮我个忙。	Quero que o pessoal me faça um favor.
我想要本书。	Quero um livro.
我想要本书。书店在什么地方？	Quero um livro. Onde fica a livraria?
我想要那個袋子。	Quero aquela bolsa.
我想解決這個問題，可是白費功夫。	Quero resolver esse problema, mas foi em vão.
我想請你們幫個忙。	Quero pedir a ajuda de vocês.
我想讓你幫我們查出來誰殺了湯姆。	Quero que você descubra para nós quem matou Tom.
我想跟你分享。	Quero compartilhar com você.
我想辦法不讓你醒。	Dou um jeito de não deixar você acordar.
我感覺昏沉沉的。	Estou me sentindo zonzo.
我感觉不到它。	Não sinto isso.
我感觉昏昏沉沉的。	Estou me sentindo zonzo.
我憑什麼需要幫她們？	Por que eu precisaria ajudar elas?
我應該拿那些錢的。	Eu deveria ter pegado aquele dinheiro.
我應該現在拿票嗎？	Devo pegar o ingresso agora?
我應該走了。	Já devo ir.
我才沒想哭。	Não estou com vontade de chorar.
我打了湯姆。	Bati no Tom.
我打了网球。	Joguei tênis.
我打網球了。	Joguei tênis.
我打聽他是誰。	Pergunto quem ele é.
我扯掉了自己的裤子。	Rasguei minha própria calça.
我找到你了，没有么？	Te encontrei, não foi?
我找過他很多次。	Eu procurei por ele muitas vezes.
我把這包餅吃完了。	Eu terminei de comer este pacote de biscoitos.
我投肯一票。	Eu voto a favor.
我拿了兩杯咖啡。	Eu peguei dois copos de café.
我拿到了他還給我的錢。	Eu recebi o dinheiro que ele me devolveu.
我拿到这个了。	Eu peguei isto.
我提出这一点之前，我的鞋和我去睡觉。	Antes de eu levantar este ponto, meu sapato e eu vamos dormir.
我搆不到它。	Eu não alcanço isso.
我搆不到那罐番茄罐頭。	Eu não alcanço aquela lata de tomate.
我搭的飛機在六點鐘起飛。	O avião que eu peguei decola às seis horas.
我撕开了信封。	Eu rasguei o envelope.
我改过自新了。	Eu me reformei.
我教你说英语。	Eu ensino você a falar inglês.
我整天都在打電話給他，但是卻打不通。	Passei o dia inteiro ligando para ele, mas não consegui falar.
我无法想象另一个星球上的生物。	Eu não consigo imaginar criaturas em outro planeta.
我无法阻止它。	Eu não consigo impedir isso.
我早上去見湯姆。	Eu fui ver Tom de manhã.
我时间有点来不及，只能出门买大饼油条。	Estou um pouco sem tempo, só posso sair para comprar pão frito e massa frita.
我明天把它寄给你。	Amanhã eu vou enviar para você.
我明白。	Eu entendo.
我明白了。	Eu entendi.
我星期天在家。	Eu estou em casa no domingo.
我昨晚在哪里。	Onde eu estava ontem à noite.
我昨晚買的書到了。	O livro que comprei ontem à noite chegou.
我是不会系领带的。	Eu não vou usar gravata.
我是在网上卖的衣服。	Eu vendi as roupas online.
我是陰陽人。	Eu sou hermafrodita.
我最喜歡吃葡萄果凍。	O que eu mais gosto de comer é gelatina de uva.
我最喜歡的德文字是「手套」。	A palavra alemã que eu mais gosto é "luva".
我最喜歡英國早餐茶。	Eu gosto mais do chá de café da manhã inglês.
我最近完全沒見過她	Eu não a vi recentemente.
我最近沒看到湯姆。	Eu não vi Tom recentemente.
我最近见到过詹姆斯。	Eu vi James recentemente.
我會去拿一些玻璃杯。	Eu vou pegar alguns copos.
我會在這裡把它吃了。	Eu vou comer isso aqui.
我會在電台前等你。	Eu vou esperar por você na frente da estação de rádio.
我會寫五十四個漢字。	Eu vou escrever cinquenta e quatro caracteres chineses.
我會將重要日期記在行事曆上，這樣就不會忘。	Eu vou anotar as datas importantes no calendário, assim não vou esquecer.
我會晚一點回來。	Eu vou voltar um pouco mais tarde.
我會普通話、西南官話、吳語和西班牙語。	Eu falo mandarim, dialeto do sudoeste, wu e espanhol.
我會活到老工作到老。	Eu vou trabalhar até envelhecer.
我會留到明天。	Eu vou ficar até amanhã.
我會留給你。	Eu vou deixar para você.
我會給你們看些照片。	Eu vou mostrar algumas fotos para vocês.
我會自己走。	Eu vou andar sozinho.
我會見到你。	Eu vou te ver.
我會記下來。	Eu vou anotar.
我有一段美好的舊時光。	Eu tive um bom tempo antigo.
我有一雙黑色的眼睛。	Eu tenho olhos pretos.
我有三个堂兄。	Eu tenho três primos.
我有个不好的想法。	Eu tenho uma ideia ruim.
我有了一个新主意。	Eu tive uma nova ideia.
我有些事。	Eu tenho alguns assuntos.
我有個驚喜要給你們。	Eu tenho uma surpresa para vocês.
我有幫忙。	Eu ajudei.
我有點醉菸。	Estou um pouco bêbado de cigarro.
我朋友哪里买过什么东西！	Meu amigo nunca comprou nada!
我期待你的幫助。	Espero sua ajuda.
我期待在波士顿见你们。	Espero vê-los em Boston.
我期待著見到你。	Estou ansioso para te ver.
我期待見到你。	Estou ansioso para te ver.
我本该和汤姆一起去澳大利亚。	Eu deveria ter ido para a Austrália com Tom.
我根本不把你放在眼里！	Eu não te levo a sério!
我欠你四十塊錢。	Devo quarenta reais a você.
我欠您多少？	Quanto lhe devo?
我歡迎了大家。	Recebi todos.
我正要去签到。	Estou indo fazer o check-in.
我正要改呢。	Estou prestes a corrigir.
我母亲是个奇特的人。	Minha mãe é uma pessoa peculiar.
我母亲是个酒鬼。	Minha mãe é alcoólatra.
我母親教插花藝術。	Minha mãe ensina arte de arranjos florais.
我母親肯定會反對。	Minha mãe certamente vai se opor.
我每个星期日礼拜完都买甜甜圈。	Todo domingo, depois do culto, compro rosquinhas.
我每天早上都會浸浴。	Toda manhã tomo banho de imersão.
我每隔一天拜訪他。	Visito ele dia sim, dia não.
我比你和他們聊得更多。	Eu converso mais com eles do que você.
我決定從此以後不再穿內衣了。	Decidi que a partir de agora não vou mais usar roupa íntima.
我沒信。	Não acreditei.
我沒想提任何建議。	Não pensei em dar nenhuma sugestão.
我沒想要拿。	Não quis pegar.
我沒把真實情況全說出來。	Não contei toda a verdade.
我沒準備。	Não me preparei.
我沒睡著。	Não dormi.
我沒穿內衣。	Não estou usando roupa íntima.
我沒辦法相信你。	Não consigo acreditar em você.
我没什么选择。	Não tenho muitas opções.
我没在等到你的回应之前添加了句子，真是糟糕。	Adicionei a frase sem esperar sua resposta, que terrível.
我没打算和她做朋友。	Não pretendia ser amiga dela.
我没有喜欢过。	Nunca gostei.
我没有想住在波士顿。	Não pensei em morar em Boston.
我没有权力。	Não tenho poder.
我没有跟他见过面。	Nunca me encontrei com ele.
我没有遇见她。	Não a encontrei.
我没说。	Não falei.
我洗我的蘋果。	Eu lavo minha maçã.
我渴得要命。	Estou morrendo de sede.
我為了讓她們聽懂所以講得很慢。	Falo devagar para que elas entendam.
我為我的兒子向您致謝。	Agradeço ao senhor pelo meu filho.
我無法做比這更多的了。	Não posso fazer mais do que isso.
我無法把我的視線從她身上移開。	Não consigo tirar meus olhos dela.
我無法理解她所說的。	Não consigo entender o que ela diz.
我無法說服湯姆。	Não consigo convencer o Tom.
我熬夜熬多久都行。	Posso ficar acordado a noite toda o quanto quiser.
我爬山。	Eu escalo montanhas.
我爱添好运的点心。	Amo os bolinhos do Tim Ho Wan.
我爱虚构的语言。	Amo línguas fictícias.
我父亲和我时不时地去钓鱼。	Meu pai e eu vamos pescar de vez em quando.
我父亲是个大夫。	Meu pai é médico.
我父亲爱世上的每一个人。	Meu pai ama todas as pessoas do mundo.
我父亲用一把锯子切木头。	Meu pai corta madeira com uma serra.
我父母在乡村过着无忧无虑的生活。	Meus pais vivem uma vida despreocupada no campo.
我父親一點也不懂藝術。	Meu pai não entende nada de arte.
我父親就是那個在喝茶的人。	Meu pai é aquele que está tomando chá.
我父親是一名辦公室職員。	Meu pai é funcionário de escritório.
我父親有五個兄弟姐妹。	Meu pai tem cinco irmãos.
我父親沒有吃很多的水果。	Meu pai não come muita fruta.
我父親為我做了個架子。	Meu pai fez uma estante para mim.
我爸九點回家。	Meu pai volta para casa às nove horas.
我现在能走了吗？	Posso ir agora?
我現在上班無法離開。	Agora não posso sair do trabalho.
我的內衣髒了	Minha roupa íntima está suja.
我的兩個姊妹並非都結婚了。	Nem todas as minhas duas irmãs são casadas.
我的公事包裡裝滿了文件。	Minha pasta está cheia de documentos.
我的力气耗尽了。	Minhas forças se esgotaram.
我的口味变重了。	Meu paladar ficou mais forte.
我的名字不是“你們”。	Meu nome não é “vocês”.
我的嘴裂开了。	Meus lábios racharam.
我的房子绝对保险。	Minha casa é absolutamente segura.
我的手机充电器掉了。	Perdi o carregador do meu celular.
我的母親是希臘人。	Minha mãe é grega.
我的氣墊船裝滿了鱔魚	Meu hovercraft está cheio de enguias.
我的牛排要生的。	Meu bife tem que ser malpassado.
我的答案對不對？	Minha resposta está certa?
我的肩膀很痠。	Meus ombros estão muito doloridos.
我的裁縫很有錢。	Meu alfaiate é muito rico.
我的首席策略师大卫-艾克斯罗德，他一直是追随我的伙伴。你们组建了政治史上最好的竞选团队，是你们成就了今天，我永远感谢你们为此所作出的牺牲。	Meu estrategista-chefe, David Axelrod, ele sempre foi um parceiro que me seguiu. Vocês montaram a melhor equipe de campanha da história política, foram vocês que fizeram o hoje, e eu sempre agradecerei a vocês pelos sacrifícios que fizeram.
我相信了你。	Eu acreditei em você.
我相信湯姆會去做。	Eu acredito que Tom vai fazer.
我相信規律的運動。	Eu acredito em exercícios regulares.
我看未必。	Eu acho que não é bem assim.
我看见一架直升飞机在头顶飞。	Eu vi um helicóptero voando sobre a cabeça.
我看過了, 但是沒看到什麼東西。	Eu já vi, mas não vi nada.
我真不這麼想。	Eu realmente não penso assim.
我真是不好意思！	Eu realmente estou envergonhado!
我真的很愛他姐姐。	Eu realmente amo a irmã dele.
我睡觉了。	Eu dormi.
我知道了！	Eu entendi!
我知道你們都是誰。	Eu sei quem são todos vocês.
我知道你在和她一起工作。	Eu sei que você está trabalhando com ela.
我知道她不爱它。	Eu sei que ela não ama isso.
我知道她很可爱。	Eu sei que ela é muito fofa.
我知道怎么做。	Eu sei como fazer.
我知道我会赢。	Eu sei que vou vencer.
我知道有個人可能能幫忙。	Eu sei que tem alguém que pode ajudar.
我知道湯姆累。	Eu sei que Tom está cansado.
我知道熬夜對身體不好。	Eu sei que ficar acordado até tarde faz mal para a saúde.
我知道眼睛為什麼長在前面嗎？	Eu sei por que os olhos ficam na frente?
我祖母是個園藝巧手。	Minha avó é uma jardineira habilidosa.
我祖母獨自生活。	Minha avó vive sozinha.
我祖父的房子在这条街上。	A casa do meu avô fica nesta rua.
我祝你生日快乐。	Eu te desejo feliz aniversário.
我祝您好运。	Eu te desejo boa sorte.
我穿好衣服以后就吃早饭。	Depois de me vestir, tomo café da manhã.
我穿好衣服，然后吃早饭。	Eu me visto, e depois tomo café da manhã.
我突然很想念我的故乡。	De repente, senti muita saudade da minha terra natal.
我突然想不起她的名字。	De repente, não consegui lembrar o nome dela.
我站在湯姆一邊。	Eu fico do lado de Tom.
我站著等公車。	Eu fico em pé esperando o ônibus.
我第二次去他的镇子。	Fui à cidade dele pela segunda vez.
我等了她们。	Eu esperei por elas.
我等湯姆。	Eu espero por Tom.
我等著她說話。	Eu espero ela falar.
我累坏了	Estou exausto.
我累极了。	Estou extremamente cansado.
我累死了。	Estou morto de cansaço.
我累死了，想睡觉。	Estou morto de cansaço, quero dormir.
我給了湯姆一箇。	Dei um para o Tom.
我給你五塊錢吧。	Vou te dar cinco reais.
我繼續唱歌。	Continuo cantando.
我纳闷我为什么不该那样做。	Fico me perguntando por que não deveria fazer aquilo.
我经常想去那里。	Sempre quero ir para lá.
我经常用那本词典找单词。	Sempre uso aquele dicionário para procurar palavras.
我给他镇静剂。	Dou a ele um sedativo.
我继续唱歌。	Continuo cantando.
我老了。	Estou velho.
我肚子饿极了。	Estou com uma fome terrível.
我肯定他的小弟弟很小。	Tenho certeza de que o irmãozinho dele é muito pequeno.
我背不好。	Minhas costas não estão boas.
我能問你們一些問題嗎？	Posso fazer algumas perguntas a vocês?
我能帮你们什么么？	Posso ajudar vocês em alguma coisa?
我能幫你嗎？	Posso ajudar você?
我能為您服務嗎？	Posso servi-lo?
我能用一下你们的厕所吗？	Posso usar o banheiro de vocês?
我能看出你說的謊來。	Consigo perceber a mentira que você disse.
我能看看那个吗？	Posso ver aquilo?
我能看那個嗎？	Posso ver aquilo?
我能聽到她在臥室裡抽泣。	Consigo ouvi-la soluçando no quarto.
我能聽到湯姆哭。	Consigo ouvir Tom chorando.
我能说。	Consigo falar.
我能问您一个问题吗？	Posso lhe fazer uma pergunta?
我能闻到他呼吸中的酒精味。	Consigo sentir o cheiro de álcool na respiração dele.
我脱衣服。	Tiro a roupa.
我與他聯繫。	Entro em contato com ele.
我被鱼骨刺到了喉咙。	Fui espetado na garganta por uma espinha de peixe.
我要买什么？	O que devo comprar?
我要他提行李箱。	Quero que ele carregue a mala.
我要他擦亮我的皮鞋。	Quero que ele lustre meus sapatos.
我要你別和湯姆去波士頓。	Quero que você não vá para Boston com o Tom.
我要去打汤姆，但是他避开了。	Fui bater no Tom, mas ele se esquivou.
我要失去它了。	Vou perder isso.
我要安作我的秘書。	Quero que An seja minha secretária.
我要射了！	Vou atirar!
我要感謝我的選舉搭檔，這位先生全心全意競選，為與他在史克蘭頓街頭一起長大的男男女女代言，并和我一起乘火車回德拉瓦州，他就是副總統當選人，拜登先生。	Quero agradecer ao meu companheiro de chapa, este senhor que concorreu de todo coração, que defende os homens e mulheres com quem cresceu nas ruas de Scranton, e que voltou comigo de trem para Delaware, ele é o vice-presidente eleito, Sr. Biden.
我要给我妈妈一个卉。	Quero dar uma flor para minha mãe.
我見過他。	Eu o vi.
我見過你的女朋友。	Eu vi sua namorada.
我覺得我們不應該那樣做。	Acho que não deveríamos fazer isso.
我覺得我好像從惡夢中驚醒。	Sinto como se tivesse acordado de um pesadelo.
我覺得我沒錢了。	Acho que não tenho mais dinheiro.
我覺得有義務。	Sinto que tenho uma obrigação.
我覺得，有些課程一定有人學。	Acho que alguns cursos certamente alguém estuda.
我觉得工作很忙	Acho que o trabalho é muito ocupado.
我觉得我们老板很蠢，这我就只跟你说。	Acho que nosso chefe é muito burro, isso eu só digo a você.
我觉得我这个星期要度假了。	Acho que vou tirar férias esta semana.
我設法及時到那裡。	Consegui chegar lá a tempo.
我設法讓他明白了。	Consegui fazê-lo entender.
我試圖解決這個問題。	Tentei resolver este problema.
我試著要告訴你。	Tento te contar.
我該早點回家。	Deveria ter ido para casa mais cedo.
我認我會留下。	Acho que vou ficar.
我認為你是唯一在乎的人。	Acho que você é a única pessoa que se importa.
我認為她要殺我。	Acho que ela quer me matar.
我認為湯姆從來沒有做過那件事。	Acho que Tom nunca fez aquilo.
我認爲要保持平衡。	Acho que é preciso manter o equilíbrio.
我認識了這位行政長官。	Conheci este administrador-chefe.
我請你。	Convido você.
我請肯幫助我。	Peço ajuda ao Ken.
我講因特語。	Falo interlíngua.
我警告過他，但他不理會警告。	Aviso-o, mas ele ignorou o aviso.
我讀書讀膩了。	Estou cansado de estudar.
我认为我们不应该跟汤姆一起走。	Acho que não deveríamos ir com Tom.
我认识她的姐姐。	Conheço a irmã dela.
我讨厌走球。	Odeio andar de bola.
我让一个有着奇怪玻璃眼珠的老太太帮我算了命。	Deixei uma velha senhora com um estranho olho de vidro ler minha sorte para mim.
我该去买东西了，我一小时后回来。	Devo ir fazer compras, volto daqui a uma hora.
我该用短一点的用户名的。	Deveria ter usado um nome de usuário mais curto.
我说世界语可以说得像个本地人。	Digo que posso falar esperanto como um nativo.
我買了一臺最高貭素的電腦。	Comprei um computador da mais alta qualidade.
我買磁帶。	Compro fitas cassete.
我责备你。	Culpo você.
我走了大约1英里。	Andei cerca de 1 milha.
我跑。	Corro.
我跑得尽可能快。	Corro o mais rápido possível.
我身上沒帶眼鏡	Não estou com óculos no corpo.
我过去经常给汤姆和玛丽洗车。	Eu costumava lavar o carro para Tom e Mary.
我还不敢想象他们在那个动物园里有一个雪豹，我以为它们是一种濒危物种。	Ainda não ouso imaginar que eles têm um leopardo-das-neves naquele zoológico, pensei que fosse uma espécie ameaçada.
我还没有钱到老能买便宜东西的地步。	Ainda não tenho dinheiro suficiente para viver comprando coisas baratas o tempo todo.
我还记得我第一次去中国，我在山东，意识到那个单纯的省比英格兰大两万六千平方公里。	Ainda me lembro da primeira vez que fui à China, estava em Shandong e percebi que aquela província simples é 26 mil quilômetros quadrados maior que a Inglaterra.
我这个星期放假了。	Eu tirei férias esta semana.
我退出。	Eu desisto.
我連做夢也沒有想過喬治會騙我。	Nem em sonhos imaginei que George me enganaria.
我週末又待在家，看《海綿寶寶》和《叔比狗》。	No fim de semana fiquei em casa de novo, assistindo Bob Esponja e Scooby-Doo.
我避免跟老闆討論箇人話題。	Evito discutir assuntos pessoais com o chefe.
我還來得及嗎？	Ainda dá tempo para mim?
我開車送她去派對。	Eu a levei de carro para a festa.
我開門的時候把門柄扭了出來。	Quando abri a porta, arranquei a maçaneta.
我需要一張郵票。	Preciso de um selo.
我願穿洋過海只為再看到你的笑容。	Eu atravessaria mares e oceanos só para ver seu sorriso de novo.
我餓得像匹馬。	Estou com uma fome de cavalo.
我餵過狗了。	Já alimentei o cachorro.
我马上想到了你！	Pensei em você na hora!
我马上把帐单拿给您。	Vou trazer a conta para o senhor imediatamente.
戒煙容易，戒你太難！	Parar de fumar é fácil, parar de gostar de você é difícil demais!
戰爭如火如荼。	A guerra está a todo vapor.
戴維朝安妮眨了眨眼，然後俯身越過桌子，從朵拉的手指間奪過她剛剛輕輕咬了一小口的蛋糕，張大嘴巴，把整塊蛋糕塞了進去。	David piscou para Annie, depois se inclinou sobre a mesa, arrancou o bolo que Dora acabara de mordiscar levemente entre os dedos, abriu bem a boca e enfiou o bolo inteiro para dentro.
房屋一片死寂。	A casa estava em silêncio absoluto.
房間的清潔費和旅遊稅已經包含在清單上的每日房費裡了嗎？	A taxa de limpeza do quarto e o imposto turístico já estão incluídos na diária listada?
所以之前我認為我的約會，或者更確切的說，下線後的網聚將只有我和她，但是事情並非那麼簡單。	Então, antes eu achava que meu encontro, ou melhor, o encontro presencial depois de sair da internet, seria só eu e ela, mas as coisas não eram tão simples assim.
所以？	E daí?
所有人的作品，不管是文學、音樂、畫作、建築或者任何載體的，都是他自己的肖像。	A obra de toda pessoa, seja literatura, música, pintura, arquitetura ou qualquer suporte, é seu próprio retrato.
所有人都可以用這本詞典。	Todos podem usar este dicionário.
所有人都開始講柏柏語，我一個字也聽不懂。	Todos começaram a falar berbere, e eu não entendi uma palavra.
所有人，都请说 cheese 。	Todos, por favor, digam cheese.
打網球怎麼樣？	Que tal jogar tênis?
打铁成铁匠。	Forjando ferro, vira-se ferreiro.
扭转治疗是酷刑。	Terapia de reversão é tortura.
把他放进去。	Coloque ele para dentro.
把恋人从3D换成2D可以有效地降低交际所需的费用。	Trocar o(a) namorado(a) de 3D para 2D pode reduzir efetivamente os custos de comunicação.
把枕套換了。	Troque a fronha do travesseiro.
把这封信寄了。	Envie esta carta.
把那两本书拿出来！	Pegue aqueles dois livros!
把那本雜誌拿來給我。	Traga aquela revista para mim.
抓住。	Segure.
抓住那个。	Segure aquilo.
抓到了。	Peguei.
抓饭肉是八块钱。素抓饭只是四块钱。	Arroz com carne é oito reais. Arroz vegetariano é só quatro reais.
报纸看完后借我看下。	Depois de ler o jornal, me empresta para eu dar uma olhada.
抱歉，我打错了。	Desculpe, eu liguei errado.
抱歉，打错了。	Desculpe, liguei errado.
抱歉？	Desculpe?
拉多斯瓦夫西，馬立克和馬切伊喜歡在PlayStation2上玩遊戲。	拉多斯瓦夫西，马立克和马切伊喜欢在PlayStation2上玩游戏。
拍照。	Tirar foto.
拖堂情况对于学生们而言十分常见。	A situação de aula se estender é muito comum para os alunos.
拜托您，请给我一张签证。	Por favor, me dê um visto.
拳不離手，曲不離口。	O punho nunca sai da mão, a canção nunca sai da boca.
拿我的。	Pegue o meu.
拿走。	Leve embora.
拿走吧。	Pode levar embora.
振奋起来！	Anime-se!
换种方式说。	Diga de outra forma.
据广播里讲，明天会下雪。	Segundo o rádio, amanhã vai nevar.
据报纸说，天气很好，但就天气来看，我觉得会下雨。	Segundo o jornal, o tempo está bom, mas pelo tempo, acho que vai chover.
捲起你右邊的袖子。	Enrole a manga direita.
掌管指揮所。	Comande o posto de comando.
掖著！	Esconda!
採用他的主意。	Adote a ideia dele.
接下来你们想去哪里？	Para onde vocês querem ir a seguir?
接受对方的准则就是给予他权力。	Aceitar os princípios da outra parte é dar poder a ele.
控制自己会说的语言可不简单呀！	Controlar a língua que se fala não é fácil!
推！	Empurre!
提交。	Submeta.
提交！	Submeta!
搜尋！	Busca!
搞定了！	Resolvido!
搞这狗屁玩意，我可是老人家了。	Para fazer essa porcaria, eu já estou velho demais.
撒油那啦！	Sayonara!
撤退！	Recuem!
播種風，收成暴風。	Quem semeia vento, colhe tempestade.
操他媽的。	Vai se foder.
操！	Puta merda!
據我所知，你的信在那本書下面。	Pelo que sei, sua carta está debaixo daquele livro.
據說懷孕的時候不能聞麝香。	Dizem que não se pode sentir cheiro de almíscar durante a gravidez.
擦擦你的眼睛。	Limpe seus olhos.
攀登富士山後，我得到了一首詩的靈感。	Após escalar o Monte Fuji, tive inspiração para um poema.
收到。	Recebido.
收音機廣播充斥著有關最近爆炸的新聞。	A transmissão do rádio está repleta de notícias sobre a recente explosão.
改邪归正。	Abandonar o mal e retornar ao bem.
攻击！	Ataque!
放下。	Abaixe.
放学后我打了网球。	Depois da escola, joguei tênis.
放屁！	Peido!
放松吧。	Relaxe.
放松点吧。	Relaxe um pouco.
放棄。	Desista.
放棄吧。	Desista.
放輕鬆。	Fique à vontade.
故障！	Falha!
敌人不靠近。	O inimigo não se aproxima.
敌人们在晚上做了个攻击。	Os inimigos fizeram um ataque à noite.
敏男能說流利的英語。	Minnan consegue falar inglês fluente.
救命呀！	Socorro!
救命！	Socorro!
教室很乾淨。	A sala de aula está muito limpa.
教授他教英語會話。	O professor ensina conversação em inglês.
散散步將會給你很好的食慾吃早餐。	Dar um passeio lhe dará um bom apetite para o café da manhã.
数以千计的人涌向了诺姆。	Milhares de pessoas se aglomeraram em Nome.
整个夏天，我们在那里过得很愉快。	Durante todo o verão, nos divertimos muito lá.
數大便是美。	Grande número é beleza.
斯堪的纳维亚现在已经不流行戴维京人那种有角的头盔了。	Na Escandinávia, agora não está mais na moda usar capacetes com chifres como os vikings.
斯库拉依然对雅妮念念不忘。	Skula ainda não consegue esquecer Yani.
斯特拉恰泰拉冰淇淋只不過是一種添加了巧克力碎的普通冰淇淋。	Sorvete stracciatella é apenas um sorvete comum com pedaços de chocolate adicionados.
新竹的貢丸和米粉非常有名，吸引不少遊客品嚐。	Os bolinhos de carne e o macarrão de arroz de Hsinchu são muito famosos, atraindo muitos turistas para provar.
无事掘小，小事掘大。	Não cave pequeno, pequeno vira grande.
无色的绿色的观念疯狂地睡觉。	Ideias verdes incolores dormem loucamente.
无论你喜欢是否，你要学习法语。	Quer você goste ou não, você tem que aprender francês.
日本东面太平洋。	O Japão fica a leste do Oceano Pacífico.
日本军队看来强大得不可阻挡。	O exército japonês parece forte e imparável.
日本政府无法管理问题。	O governo japonês não consegue administrar o problema.
日本文化愛好者可能會喜歡《早期古日文中的作格與裸名詞》這篇文章。	Os amantes da cultura japonesa podem gostar do artigo "Ergatividade e Nomes Nus no Japonês Antigo".
早起的鸟儿有虫吃。	O pássaro que acorda cedo pega o verme.
早點回來吧。	Volte cedo.
早！	Cedo!
明天我一定要记得去买那一本书。	Amanhã eu definitivamente preciso lembrar de comprar aquele livro.
明天要看流星雨啊！	Amanhã vamos ver a chuva de meteoros!
明尼苏达州的官方鸟就是蚊子。	O pássaro oficial do estado de Minnesota é o mosquito.
明知山有虎，別去明知山。	Sabendo que a montanha tem tigres, não vá para a montanha sabendo disso.
星期三下午我在。	Estarei na quarta-feira à tarde.
星期天他会一个人来。	No domingo ele virá sozinho.
昨天晚上喬跟你在一起嗎？	O Joe estava com você ontem à noite?
昨天東京是陰天嗎?	Ontem em Tóquio foi um dia nublado?
昨天，我跟汤姆很帮忙却不能去了。	Ontem, eu e Tom estávamos muito dispostos a ajudar, mas não pudemos ir.
昨晚他希望他去了剧场。	Ontem à noite ele desejou ter ido ao teatro.
是我的。	É meu.
是榮！	É o Rong!
是汤姆让我做的。	Foi o Tom quem me mandou fazer.
是誰讓她來的？	Quem foi que a deixou vir?
是说反话吗？	Está falando ironia?
是！	Sim!
显然没有人有新的建议。	Obviamente ninguém tem novas sugestões.
晚上好，女人与男人。	Boa noite, mulheres e homens.
普丁是戰犯。	Putin é um criminoso de guerra.
晴天霹雳。	Um raio em céu claro.
暴動開始時只有一位監獄長值班。	Quando a revolta começou, havia apenas um diretor da prisão de plantão.
暴风雪的时候，我要骑自行车回公寓。	Durante a nevasca, vou voltar de bicicleta para o apartamento.
曲奇的窩是一個平放的木桶。	A toca do biscoito é um barril de madeira deitado.
書是不會讀得太多的。	Livros nunca são demais para se ler.
曼纳德离开巴亚，好和她的母亲住在一起。	Manade deixou Baya para morar com a mãe dela.
最大可能假想事故什么时候会发生？	Quando vai acontecer o maior acidente hipotético possível?
最贵的车多少钱？	Quanto custa o carro mais caro?
最近怎么样？	Como você tem passado ultimamente?
會不會是因為昨天沒寫作業，被留下來了？	Será que foi porque não fez o dever de casa ontem e foi retido?
有一个男人和一个女人。	Há um homem e uma mulher.
有一台笔记本电脑很实用。	Ter um notebook é muito prático.
有了，在中国人民的心中。	Existe, no coração do povo chinês.
有了，在中国人民的心里。	Existe, no coração do povo chinês.
有些人將齊柏林飛船視為有史以來最偉大的樂團。	Algumas pessoas consideram o Led Zeppelin a maior banda de todos os tempos.
有人在叫你。	Alguém está te chamando.
有人把他们的雨伞落在走道里。	Alguém deixou o guarda-chuva deles no corredor.
有什么事就请直说吧。	Se tiver algo a dizer, por favor fale diretamente.
有什麼是你不能證明確相信的呢？	O que há que você não pode provar, mas acredita?
有今天有點頭疼。	Estou com um pouco de dor de cabeça hoje.
有你的電話。	Tem um telefonema para você.
有個警察走了過來。	Um policial veio andando.
有可能已經讀過這本書了。	É possível que já tenha lido este livro.
有很多錢。	Tem muito dinheiro.
有沒有尾巴的貓。	Existem gatos sem rabo.
有点自尊。	Tenha um pouco de autoestima.
有话就说，有屁就放。	Se tem algo a dizer, diga; se tem algo a soltar, solte.
有領導潛力嗎？	Tem potencial de liderança?
有！	Tem!
服務員，買單。	Garçom, a conta.
服務生，買單。	Garçom, a conta.
望着天花板发呆,还不如读一读小说。	Ficar olhando para o teto sem fazer nada é melhor do que ler um romance.
木星是太陽系裡最大大行星。	Júpiter é o maior planeta do sistema solar.
来吧。	Vem.
来吧！	Vem!
来吧，我帮你盛。	Vem, eu ajudo você a servir.
来吧，摸一下。	Vem, toca uma vez.
杰克快速掷界外球给他的队友。	Jack rapidamente lançou a bola lateral para seu companheiro de equipe.
柏柏語對我來說很重要。	A língua berbere é muito importante para mim.
树高遭雷击。	Árvore alta atrai raio.
根據報載，有一架飛機昨天晚上發生了意外。	Segundo o jornal, um avião sofreu um acidente ontem à noite.
根本不想聽我說。	Não quer ouvir o que eu digo de jeito nenhum.
格雷先生不喜歡他的工作。	O senhor Grey não gosta do seu trabalho.
桌子上只有一本书。	Só tem um livro em cima da mesa.
桌子上有什么？	O que tem em cima da mesa?
梭羅垂涎於這種植物強壯的紫色莖稈，將其製成藤條，而知更鳥則以深紅色汁液的漿果為食。	Thoreau cobiçava os caules roxos e fortes dessa planta, transformando-os em varas, enquanto os tordos se alimentam das bagas de suco vermelho-escuro.
檢查一下用戶名和密碼有沒有填錯。	Verifique se o nome de usuário e a senha foram preenchidos errados.
欢迎你们！	Bem-vindos!
欢迎再来。	Bem-vindo a voltar.
欢迎回来。	Bem-vindo de volta.
欢迎来到阿拉卡茹.	Bem-vindo a Aracaju.
歡迎來到維基詞典。	Bem-vindo ao Wikcionário.
歡迎訂閱！	Bem-vindo a se inscrever!
正在下雨，孩子们没有在院子里玩儿。	Está chovendo, as crianças não estão brincando no quintal.
正當他從學校回來的時候，我遇見了他。	Exatamente quando ele estava voltando da escola, eu o encontrei.
死一千次也不够他应受的。	Morrer mil vezes ainda não é o suficiente para o que ele merece.
死了妻子的人叫做鰥夫。	Quem perde a esposa é chamado de viúvo.
死！	Morra!
殘害陰陽人嬰兒幾乎是每個恐跨者都支持的事情。	Mutilar bebês intersexo é algo que quase todo transfóbico apoia.
殺雞焉用牛刀。	Para matar uma galinha, não se usa faca de boi.
母親原諒了他的過錯。	A mãe perdoou o erro dele.
每一个人都应该知法懂法，但是真正能做到的人却很少。	Todo mundo deveria conhecer e entender a lei, mas poucos realmente conseguem fazer isso.
每個人都買不起車。	Todo mundo não consegue comprar carro.
每天吸一根香煙是個好習慣。	Fumar um cigarro por dia é um bom hábito.
每箇人都愛嗚嗚塞拉！	Todo mundo ama Uuussera!
比爾會騎自行車。	Bill sabe andar de bicicleta.
比起上Facebook，我更喜欢去外面。	比起上Facebook，我更喜欢去外面。
比起歌舞伎，我更喜欢能乐表演，因为我觉得后者比前者优雅。	Comparado ao kabuki, eu prefiro a apresentação de nô, porque acho esta mais elegante do que aquele.
水果以苹果为最佳。	A melhor fruta é a maçã.
水果放久了，就会萎縮。	Frutas deixadas por muito tempo murcham.
永別。	Adeus.
汤姆不必谢我。	Tom não precisa me agradecer.
汤姆不管给我付多少钱，我都不会再为他工作一次。	Não importa quanto Tom me pague, não vou trabalhar para ele de novo.
汤姆不能把他的真实感受告诉玛丽。	Tom não pode contar seus verdadeiros sentimentos para Mary.
汤姆不能掩饰他的失望。	Tom não consegue esconder sua decepção.
汤姆不能自已。	Tom não consegue se controlar.
汤姆不认为这是玛丽做的，是不是？	Tom não acha que foi Maria que fez isso, não é?
汤姆不记得他把钥匙放在哪里了。	Tom não se lembra onde colocou as chaves.
汤姆不高兴。	Tom não está feliz.
汤姆为他在课堂上睡着了而感到抱歉。	Tom sente vergonha por ter dormido na aula.
汤姆为抖音录制视频。	Tom grava vídeos para o TikTok.
汤姆也来。	Tom também vem.
汤姆习惯早起。	Tom tem o hábito de acordar cedo.
汤姆今年三十岁。	Tom tem trinta anos este ano.
汤姆仍然拒绝做那件事。	Tom ainda se recusa a fazer aquilo.
汤姆从人群中拥出来。	Tom saiu empurrando pela multidão.
汤姆会和玛丽说他很忙。	Tom vai dizer a Maria que ele está muito ocupado.
汤姆停下脚步。	Tom parou os passos.
汤姆几乎电影开始时睡觉了。	Tom quase dormiu no começo do filme.
汤姆出了桩事故。	Tom sofreu um acidente.
汤姆去学校学习调琴手艺。	Tom foi à escola aprender o ofício de afinar instrumentos.
汤姆可能想让你帮他。	Tom pode querer que você o ajude.
汤姆可能是加拿大人。	Tom pode ser canadense.
汤姆可能知道我是谁。	Tom talvez saiba quem eu sou.
汤姆可能要。	Tom pode querer.
汤姆可能还在学法语。	Tom pode ainda estar aprendendo francês.
汤姆告诉我他觉得玛丽以前住在波士顿。	Tom me disse que ele acha que Maria morava em Boston antes.
汤姆告诉玛丽雪可能会下一整天。	Tom disse a Maria que a neve poderia cair o dia inteiro.
汤姆和玛丽告诉约翰他们认为爱丽丝不是最后一个这样做的人。	Tom e Maria disseram a João que acham que Alice não é a última pessoa a fazer isso.
汤姆和玛丽娅对约翰说，他们觉得埃尔克还没完成呢。	Tom e Maria disseram ao João que eles acham que o Elque ainda não terminou.
汤姆和玛丽的记忆都不好。	Tom e Mary têm memória ruim.
汤姆和玛丽说他自己做得到。	Tom e Mary disseram que ele mesmo consegue fazer.
汤姆喜欢了你的思想。	Tom gostou do seu pensamento.
汤姆喜欢热的。	Tom gosta de coisas quentes.
汤姆喜欢自己带着.	Tom gosta de trazer consigo mesmo.
汤姆喜欢跟玛丽讲话。	Tom gosta de conversar com Maria.
汤姆喝了酒。	Tom bebeu vinho.
汤姆喝咖啡吗？	Tom toma café?
汤姆在他的小屋里等着。	Tom está esperando em sua cabana.
汤姆在休一天假。	Tom está tirando um dia de folga.
汤姆在医院待得久吗？	Tom fica muito tempo no hospital?
汤姆在厨房里泡茶。	Tom está preparando chá na cozinha.
汤姆在啜泣。	Tom está soluçando.
汤姆在屋顶一边爬一边修理烟囱。	Tom subia no telhado enquanto consertava a chaminé.
汤姆在车厢里找到玛丽的雨伞。	Tom encontrou o guarda-chuva da Maria no vagão.
汤姆孩子们在阁楼。	Os filhos do Tom estão no sótão.
汤姆完全是为你着想。	Tom está completamente pensando em você.
汤姆已经在站着了。	Tom já está de pé.
汤姆应该有很多时间。	Tom deveria ter muito tempo.
汤姆很好。	Tom está muito bem.
汤姆很孤独。	Tom é muito solitário.
汤姆必须去工作了。	Tom tem que ir trabalhar.
汤姆必须马上去做。	Tom deve ir fazer isso imediatamente.
汤姆快跟上了，不是吗？	Tom está quase alcançando, não está?
汤姆想在它上面睡觉。	Tom quer dormir em cima dele.
汤姆想让玛丽一个人从他身边离开。	Tom quer que Mary saia sozinha de perto dele.
汤姆感兴趣吗？	Tom está interessado?
汤姆打了个招呼。	Tom deu um cumprimento.
汤姆昨天修好了他家的屋顶。	Tom consertou o telhado da casa dele ontem.
汤姆昨天告诉你他为什么不去学校了吗？	O Tom te contou ontem por que ele não foi para a escola?
汤姆是一个越军退役军人。	Tom é um ex-militar do exército vietnamita.
汤姆是个共产主义者。	Tom é um comunista.
汤姆是个寡欲的人。	Tom é uma pessoa de poucos desejos.
汤姆最终没来。	Tom no final não veio.
汤姆没给我我跟他要的。	Tom não me deu o que pedi a ele.
汤姆甚至不和玛丽说话了。	Tom nem fala mais com Maria.
汤姆经常步行去学校。	Tom frequentemente vai a pé para a escola.
汤姆给车盖上套。	Tom colocou uma capa no carro.
汤姆绝不会忘记那样做。	Tom jamais esqueceria de fazer aquilo.
汤姆老是发牢骚。	Tom vive reclamando.
汤姆能不依靠任何帮助解决那事。	Tom consegue resolver aquilo sem depender de nenhuma ajuda.
汤姆自动退出了Tatoeba。	汤姆自动退出了Tatoeba。
汤姆被囚禁了。	Tom foi aprisionado.
汤姆让我们知道他需要做。	Tom nos fez saber o que precisa fazer.
汤姆试着杀死玛丽。	Tom tentou matar Maria.
汤姆说了因为别学生响了很大的噪音，他不能听老师说了的事。	Tom disse que, por causa do barulho muito alto que outros alunos fizeram, ele não conseguiu ouvir o que o professor disse.
汤姆说他不能游泳。	Tom disse que não sabe nadar.
汤姆说，你们生气了。	Tom disse que vocês ficaram com raiva.
汤姆负担不起。	Tom não pode pagar.
汤姆赚不少钱。	Tom ganha bastante dinheiro.
汤姆赚的钱只有玛丽的一半。	Tom ganha apenas metade do que Mary ganha.
汤姆还不会开车。	Tom ainda não sabe dirigir.
汤姆还早。	Tom, ainda é cedo.
汤姆醉得连我都认不出来了。	Tom está tão bêbado que nem me reconhece mais.
汤姆错过了它。	Tom perdeu isso.
汤姆需要被告知怎么做。	Tom precisa ser informado sobre como fazer.
汤姆，你有多饿？	Tom, quão faminto você está?
汤没我爱你。	A sopa não me ama.
沒人跟瑪莉說話。	Ninguém fala com Mary.
沒問題！	Sem problemas!
沒有。	Não.
沒有你們的意見，我就失敗了。	Sem a opinião de vocês, eu teria fracassado.
沒有女人會喜歡穿二手裙子；可是二手男人呢，她們卻照要不誤。	Nenhuma mulher gosta de usar vestido de segunda mão; mas homem de segunda mão, elas pegam sem erro.
沒有玫瑰花是不長刺的。	Não existe rosa que não tenha espinhos.
沒有聰明人喝了酒再開車。	Nenhuma pessoa inteligente bebe e depois dirige.
沒有防傻的安全系統。	Não existe sistema de segurança à prova de tolos.
沒錯，我在說這個句子的錯誤。	Isso mesmo, estou falando do erro desta frase.
沒，我什麼都沒在吃。	Não, não estou comendo nada.
没事。	Não foi nada.
没办法。	Não tem jeito.
没有人爱他。	Ninguém o ama.
没有人能告诉原因。	Ninguém pode dizer o motivo.
没有人问过我。	Ninguém me perguntou.
没有你们，就没有这个组织。	Sem vocês, não existiria esta organização.
没有你的钥匙的话，你还是进不去，所以你不放来跟我们一起吃晚饭。	Sem sua chave, você ainda não consegue entrar, então por que não vem jantar conosco?
没有汤姆，我不应该去海滩。	Sem Tom, eu não deveria ir à praia.
没有盐。	Não tem sal.
没有联系。	Não tem contato.
没有调查就没有发言权。	Sem investigação, não há direito à palavra.
没有音乐的话，生命是错误的。	Sem música, a vida é um erro.
没问题。	Sem problema.
没问题！	Sem problema!
油桃的皮是滑的。	A casca da nectarina é lisa.
注意。	Atenção.
注意，你们最迟要在五点钟之前到这儿。	Atenção, vocês precisam chegar aqui até no máximo às cinco horas.
泽兰语是种地区语言。	O zelandês é uma língua regional.
洗手间没人。	O banheiro está vazio.
活该。	Bem feito.
海倫，這是我的表弟。	Helen, este é meu primo.
海明威喜歡在非洲的大狩獵。	Hemingway gostava de grandes safáris na África.
海龍公式說明了三角形的面積如何表示為其邊長的函數。	A fórmula de Heron explica como a área de um triângulo pode ser expressa como função de seus lados.
海龟下蛋。	As tartarugas marinhas põem ovos.
清晨，鲍勃遇见了她的祖父。	De manhã cedo, Bob encontrou o avô dela.
測驗結果顯示他有多發憤上學。	O resultado do teste mostra o quanto ele se esforçou para ir à escola.
游戏结束。	Fim de jogo.
湯姆不老。	Tom não é velho.
湯姆什麼麵包也沒有買。	Tom não comprou pão nenhum.
湯姆來看你們了。	Tom veio ver vocês.
湯姆來看妳了。	Tom veio ver você.
湯姆來看妳們了。	Tom veio ver vocês.
湯姆做老師的時候，有時會將學生們分開。	Quando Tom era professor, às vezes separava os alunos.
湯姆十三歲以前讀得不好。	Tom não lia bem antes dos treze anos.
湯姆吃蘆筍，但是他弟弟不吃。	Tom come aspargos, mas o irmão dele não come.
湯姆向瑪莉隱瞞約翰的事。	Tom escondeu coisas sobre João de Maria.
湯姆向瑪麗求助。	Tom pediu ajuda a Maria.
湯姆告訴我要照顧好我自己。	Tom me disse para cuidar bem de mim mesmo.
湯姆和好友打算搶銀行。	Tom e o amigo planejam assaltar o banco.
湯姆和瑪麗等煩了。	Tom e Maria se cansaram de esperar.
湯姆和瑪麗說他們不必等那麼久。	Tom e Maria disseram que não precisavam esperar tanto tempo.
湯姆和瑪麗都不會做那件事。	Nem Tom nem Maria sabem fazer aquilo.
湯姆回鄉下了。	Tom voltou para o interior.
湯姆在藏甚麼。	O que Tom está escondendo?
湯姆將在後年高中畢業。	Tom vai se formar no ensino médio no ano seguinte ao próximo.
湯姆對咖啡因有依賴，是嗎？	Tom é dependente de cafeína, não é?
湯姆很安靜。	Tom é muito quieto.
湯姆得了第一名，不是嗎?	Tom ficou em primeiro lugar, não foi?
湯姆從不失手。	Tom nunca erra.
湯姆必須在那裡嗎？	Tom precisa estar lá?
湯姆必須賣了他的房子。	Tom precisa vender a casa dele.
湯姆斯小姐教我們的歷史。	A senhorita Tomes ensina nossa história.
湯姆是一個電子工程師。	Tom é um engenheiro eletrônico.
湯姆是你的哥哥。	Tom é seu irmão mais velho.
湯姆是你的弟弟。	Tom é seu irmão mais novo.
湯姆是個初學者，但他趕上得很快。	Tom é um iniciante, mas ele está pegando o ritmo muito rápido.
湯姆是個畜生。	Tom é um animal.
湯姆是我所知道的最高的人。	Tom é a pessoa mais alta que conheço.
湯姆是空中少爺。	Tom é comissário de bordo.
湯姆會等。	Tom vai esperar.
湯姆有兩個兄弟姊妹。	Tom tem dois irmãos.
湯姆有幫忙。	Tom ajudou.
湯姆有等我們。	Tom esperou por nós.
湯姆正在緩刑中。	Tom está em liberdade condicional.
湯姆沒有還我錢。	Tom não me pagou de volta.
湯姆沒有錯。	Tom não está errado.
湯姆派了你們來嗎？	Tom enviou vocês?
湯姆照我的樣子做了。	Tom fez do meu jeito.
湯姆現在沒在電視。	Tom não está na televisão agora.
湯姆發現自己是陰陽人。	Tom descobriu que é intersexo.
湯姆的門開著。	A porta de Tom está aberta.
湯姆穿著昨天穿的衣服。	Tom está vestindo as roupas de ontem.
湯姆答應再試一次。	Tom prometeu tentar de novo.
湯姆綁著馬尾。	Tom está com rabo de cavalo.
湯姆能改變。	Tom pode mudar.
湯姆被樹根絆到了。	Tom tropeçou na raiz de uma árvore.
湯姆要睡著了。	Tom está quase dormindo.
湯姆認為他是騎士。	Tom acha que é um cavaleiro.
湯姆認識了瑪莉這麼個好老婆。	Tom conheceu uma boa esposa como Mary.
湯姆說他必須在十月二十日去看牙醫。	Tom disse que precisa ir ao dentista em 20 de outubro.
湯姆說他會讓瑪麗去做。	Tom disse que deixaria Mary fazer isso.
湯姆說是誰了嗎？	Tom disse quem foi?
湯姆說瑪莉不幫助他。	Tom disse que Mary não o ajuda.
湯姆讓瑪麗幚約翰。	Tom deixou Mary ajudar John.
湯姆貓有幫忙。	Tom, o gato, ajudou.
湯姆跑了下去。	Tom correu para baixo.
湯姆跟我說，他很確定那件事會發生。	Tom me disse que ele tem certeza de que aquilo vai acontecer.
湯姆跟瑪麗說他們想減肥。	Tom disse a Mary que eles querem emagrecer.
湯姆遺失了他的鑰匙。	Tom perdeu suas chaves.
湯姆需要在十分鍾內見到你。	Tom precisa ver você em dez minutos.
湯姆預計瑪莉會來。	Tom espera que Mary venha.
湯姆，你的電話！	Tom, seu telefone!
湯尼弄壞了它。	Tony quebrou isso.
源代码有没有？	O código-fonte existe?
滚。	Vaza.
滾出去！	Cai fora!
滾！	Sai!
演出什么时候开始？	Quando começa o espetáculo?
演奏Humppa舞曲吧！	演奏Humppa舞曲吧！
漢字很難讀。	Os caracteres chineses são difíceis de ler.
澤倫斯基是戰爭英雄。	Zelensky é um herói de guerra.
澳大利亚在欧洲是最大的电能生产国之一。	A Austrália é um dos maiores produtores de energia elétrica da Europa.
濕衣服貼著你的皮膚。	A roupa molhada gruda na sua pele.
火星上有兩個小「月亮」，分別是福波斯和戴摩斯。	Marte tem duas pequenas "luas", chamadas Fobos e Deimos.
火星上的神殿饰有莲花。	O templo em Marte é decorado com lótus.
火車十分鐘後離開。	O trem parte em dez minutos.
火車在今天下午一點半出發。	O trem parte hoje à tarde à uma e meia.
灯没有亮着。	A lâmpada não está acesa.
為了正當目的可以不擇手段。	Para um fim justo, pode-se usar qualquer meio.
為什麼你們在打噴嚏？	Por que vocês estão espirrando?
烂泥扶不上墙。	Lama podre não sobe na parede.
烟从烟囱里冒了出来。	A fumaça saiu da chaminé.
然後！	Então!
照相機被別人借走了。	A câmera foi emprestada para outra pessoa.
照镜子。	Olhe-se no espelho.
熱身去。	Vá se aquecer.
燔柴祭天是一種古老的儀式。	Queimar lenha como oferenda ao céu é um ritual antigo.
爆炸！	Explosão!
爬到桌子底下去。	Suba embaixo da mesa.
爭論是它是沒有用的。	Discutir sobre isso é inútil.
爱丁堡已经供应一个繁忙而传统的城市，有许多历史性的建筑物和名胜。	Edimburgo já foi uma cidade movimentada e tradicional, com muitos edifícios históricos e pontos turísticos.
爱你们的同学！爱你们的父母！爱你们的国家！	Amem seus colegas! Amem seus pais! Amem seu país!
爱听？	Gosta de ouvir?
父亲总是不确定。	O pai sempre está incerto.
父母想给儿子最好的教育。	Os pais querem dar a melhor educação para o filho.
父親是個勤奮的人。	O pai é uma pessoa diligente.
父親總是說"你盡力而為。"	O pai sempre diz: "Faça o seu melhor."
爸爸一直都在鼓励他。	O papai está sempre o encorajando.
爸爸今天不耐煩。	O papai está impaciente hoje.
爸爸今天很不耐烦。	O papai está muito impaciente hoje.
爸爸妈妈在叫我们。	Papai e mamãe estão nos chamando.
牆上掛著極漂亮的圖畫。	Na parede estão pendurados quadros extremamente bonitos.
狐狸吃母鸡。	A raposa come a galinha.
狗對著這個陌生男子咆哮。	O cachorro rosna para esse homem estranho.
独眼巨人有多少个眼睛？	Quantos olhos o ciclope tem?
狼靠腿吃飯。	O lobo vive da caça.
猜猜看！	Adivinhe!
猫有九命。	Gato tem sete vidas.
獅群殺了角馬。	O bando de leões matou o gnus.
獨角獸應該存在。	Unicórnios deveriam existir.
獸控是什麼？	O que é furry?
玛丽不参加投票。	Mary não participa da votação.
玛丽不想要我们在她的派对出席。	Mary não quer que a gente apareça na festa dela.
玛丽买了鼠标垫。	Mary comprou um mouse pad.
玛丽在她的床位上读书。	Mary lê na cama dela.
玛丽无法独自移动那架钢琴。	Mary não consegue mover aquele piano sozinha.
玛丽明天会很忙。	Mary vai estar muito ocupada amanhã.
玛丽是个了不起的女人。	Mary é uma mulher incrível.
玛丽是变性人。	Mary é transgênero.
玛丽是咖啡成瘾者。	Mary é viciada em café.
玛丽是怎么让汤姆帮她做作业的？。	Como Mary fez Tom ajudá-la com o dever de casa?
玛丽是汤姆的秘书。	Mary é a secretária do Tom.
玛丽是跨性别。	Mary é transgênero.
玛丽的丈夫叫什么名字？	Qual é o nome do marido da Mary?
现在我要听些什么？	O que eu vou ouvir agora?
珍不如瑪麗高。	Zhen não é tão alta quanto Mary.
珍外出購物。	Zhen saiu para fazer compras.
珍年紀跟我一樣大。	Zhen tem a mesma idade que eu.
珍有五個手提袋。	Zhen tem cinco bolsas.
珍有很大的麻煩。	Zhen está com um grande problema.
珍游泳游得比由美好。	Zhen nada melhor que Yumei.
珍生病臥床。	Zhen está doente de cama.
現在三點。	São três horas agora.
現在你們忙嗎？	Vocês estão ocupados agora?
現在儲存！	Salve agora!
現在別看這裏。	Não olhe para cá agora.
現在走！	Vá agora!
瑪格為圖畫上色。	Marg pinta o desenho.
瑪莉簽字了嗎？	Mary assinou?
瑪莉與弟弟吵了一架。	Mary brigou com o irmão mais novo.
瑪麗婭花很多錢買衣服。	Maria gasta muito dinheiro comprando roupas.
瑪麗幫她媽媽做飯	Mary ajuda a mãe dela a cozinhar.
瑪麗答應湯姆下週一會去波士頓。	Mary prometeu a Tom que iria para Boston na próxima segunda-feira.
瑪麗給她自己買了支新牙刷。	Mary comprou uma escova de dentes nova para si mesma.
瑪麗舞跳得很好。	Mary dança muito bem.
甚至沒有一輛計程車停下來。	Nem mesmo um táxi parou.
生活中最好的一天。	O melhor dia da vida.
用希腊语说吧！	Fale em grego!
用林堡语怎么说林堡语？	Como se diz limburguês em limburguês?
用疑问代词表任指格式改写下面的句子，根据需要可以增加或者减少一些词语。	Reescreva as frases abaixo usando o formato de pronome interrogativo para indicar referência geral, podendo adicionar ou remover algumas palavras conforme necessário.
用自己的语言把课文内容复述。	Reconte o conteúdo do texto com suas próprias palavras.
用這些錢你怎麼來的?	Como você conseguiu esse dinheiro?
田森是在一九四五年，也就是第二次世界大戰結束的那一年出生的。	Tamori nasceu em 1945, o ano em que a Segunda Guerra Mundial terminou.
由你决定。	Decida você.
由美英語說得非常好。	Yumi fala inglês muito bem.
电池要额外付钱。	A bateria precisa ser paga à parte.
电脑坏了。	O computador quebrou.
电话来的时候我正好在外面。	Quando o telefone tocou, eu estava exatamente do lado de fora.
电车会把这个地区连接于爱丁堡的城市中心（离那里只有两英里）。	O bonde conectará esta área ao centro da cidade de Edimburgo (a apenas duas milhas de distância).
男人在自己的办公室里工作。	O homem trabalha em seu próprio escritório.
男孩穿着袜子就上床睡觉了。	O menino foi dormir de meias.
留下来！	Fique!
當你到達的時候他還在這裡嗎？	Quando você chegar, ele ainda estará aqui?
當她回來的時後，我就離開。	Quando ela voltar, eu vou embora.
當然是你提供，快去！	Claro que é você quem fornece, vá rápido!
痛！	Dói!
白色的地氈很難保持乾淨。	O tapete branco é difícil de manter limpo.
皇后的后冠是用黃金鑄成的。	A coroa da rainha é feita de ouro.
盒子几乎是空的。	A caixa está quase vazia.
盤子很髒。	O prato está muito sujo.
盧卡斯在雞尾酒派對。	Lucas está na festa de coquetéis.
目前我问题很多。	Atualmente, tenho muitos problemas.
直接和我说我要做什么。	Diga-me diretamente o que devo fazer.
看來，他很快樂。	Parece que ele está muito feliz.
看着我	Olhe para mim.
看！	Olha!
真好。	Que bom.
真好！	Que bom!
真的希望他们做夫妻白头偕劳。	Realmente espero que eles se tornem um casal e envelheçam juntos.
真的很冰冷。	Realmente muito gelado.
真的？	Sério?
睛天的時候，就可以看見富士山了。	Em dias de sol, já se pode ver o Monte Fuji.
睡在沙发上。	Dormir no sofá.
石头、剪子、布。	Pedra, papel, tesoura.
石头剪刀布！	Pedra, papel, tesoura!
硬着头皮。	Enfrentar de cabeça erguida.
碰過酒的嘴唇就別想碰我的唇。	Lábios que tocaram vinho não toquem os meus lábios.
碳酸氫鈉通常被稱為小蘇打。	Bicarbonato de sódio é geralmente chamado de bicarbonato de sódio.
社会变态者是冷漠的。	Sociopatas são indiferentes.
祝贺！	Parabéns!
祝順風。	Boa viagem!
离下课还有十分钟。	Faltam dez minutos para o fim da aula.
科学家處理大多数物理的事物。	Cientistas lidam com a maioria das coisas físicas.
科學幻想的簡稱是科幻。	A abreviação de ficção científica é sci-fi.
秘密的禮物公開的獎勵。	Presente secreto, recompensa pública.
移到左線，為想併入的那輛車騰出空間。	Mude para a faixa da esquerda para dar espaço ao carro que quer entrar.
穿梭班车到机场需要多长时间？	Quanto tempo leva o ônibus de translado até o aeroporto?
穿絲襪！	Vista meia-calça!
窮鼠囓狸。	Rato pobre morde gato.
立即儲存！	Salve imediatamente!
立即走！	Vá imediatamente!
站住！	Pare!
站起來。	Levante-se.
章鱼在海里。	O polvo está no mar.
笨蛋！	Idiota!
第三季國民生產總值較上一季成長了1％。	O PIB do terceiro trimestre cresceu 1% em relação ao trimestre anterior.
第二次世界大战尚未结束。	A Segunda Guerra Mundial ainda não terminou.
等一下請打電話到我住的旅館。	Por favor, ligue para o hotel onde estou hospedado mais tarde.
等到警察來的時候，天大概也黑了吧。	Quando a polícia chegar, provavelmente já estará escuro.
等等。	Espere um pouco.
等等！	Espere!
箇人電腦非常有用。	Computadores pessoais são muito úteis.
簡單！	Simples!
精彩的一击！	Golpe espetacular!
約翰有五顆蘋果。	João tem cinco maçãs.
約翰現在不可能住在倫敦。	João não pode estar morando em Londres agora.
紙易燃。	Papel pega fogo facilmente.
紙燒得快。	Papel queima rápido.
素颜太害羞了，请不要盯着我看。	Estou sem maquiagem e muito envergonhada, por favor, não fique me encarando.
累死了！	Morto de cansaço!
終於明白啦？	Finalmente entendeu?
組織幫助窮人。	A organização ajuda os pobres.
組織很大。	A organização é grande.
結果並不可觀。	O resultado não é impressionante.
給你。	Toma aqui.
給你！	Toma!
給您。	Para o senhor.
繩子按米賣。	A corda é vendida por metro.
繼續談論！	Continuem conversando!
繼續！	Continuem!
约瑟夫会说五门语言“我爱你”。	José sabe dizer "eu te amo" em cinco idiomas.
约翰的主意我不太喜欢，这个我们知道就好。	A ideia do João não me agrada muito, isso só nós sabemos.
约阿夫行动是以色列独立战争中的一次作战行动。	Operação Yoav foi uma operação de combate na Guerra da Independência de Israel.
纯素食者们闻起来更好。	Veganos cheiram melhor.
终于！	Finalmente!
给我年轻的朋友讲个美丽的故事。	Conte uma bela história para meu jovem amigo.
给我看下它吧。	Mostre para mim, por favor.
给我老公打电话。	Ligue para meu marido.
给，给你！	Toma, para você!
继续努力。	Continue se esforçando.
罗杰斯先生和史密斯小姐昨天宣布订婚。	O Sr. Rogers e a Srta. Smith anunciaram o noivado ontem.
羅德里格搜尋房間。	Rodrigo vasculha o quarto.
羊屁股先生可没告诉我还有搭档。	O Sr. Bunda de Ovelha não me disse que tinha um parceiro.
美国政府一直视英国为美国的宠物。	O governo dos EUA sempre tratou o Reino Unido como um animal de estimação dos EUA.
美驻留在看的那个人的眼里。	A beleza reside nos olhos de quem vê.
翻譯是歐洲的語言。	A tradução é uma língua europeia.
翻译正在试图给尽可能多的细节和消息。	O tradutor está tentando dar o máximo de detalhes e informações possível.
老实说，我们是来抓您的。	Para ser sincero, viemos prendê-lo.
老实说，我别做了作业。	Para ser sincero, eu não fiz o dever de casa.
耐心點。	Tenha paciência.
耶！	Eba!
耽誤你的假期了。	Atrasei suas férias.
聖保羅同時是全世界最貧困的城市之一也是最富有的城市之一。	São Paulo é ao mesmo tempo uma das cidades mais pobres e uma das mais ricas do mundo.
聖地牙哥的手機在房間對面。	O celular de Santiago está do outro lado do quarto.
聽著！	Escutem!
聽說你兒子參與了學生運動。	Ouvi dizer que seu filho participou do movimento estudantil.
聽起來不像湯姆。	Não parece com o Tom.
聽！	Ouça!
肯沒跑步。	Ken não correu.
能到这里来一下吗。	Pode vir aqui um momento?
脚上的伤是怎么回事？	O que aconteceu com o ferimento no pé?
脚踏两条船，必定落空。	Quem anda em dois barcos, acaba caindo no vazio.
自古至今，容忍的总是老百姓，被容忍的总是统治者。	Desde os tempos antigos até hoje, quem sempre tolera são os cidadãos comuns, e quem é tolerado são sempre os governantes.
自己贏不重要，重要的是對手要輸。	Não importa que você ganhe, o importante é que o adversário perca.
自由意志主義在科技男的圈子裡很受追捧。	O libertarianismo é muito popular no círculo dos caras da tecnologia.
與其說他是一個教授，不如說他是一個學校的老師。	Mais do que um professor universitário, ele é um professor de escola.
航程中瑪麗把她的寶寶放在嬰兒汽車座椅上。	Durante a viagem, Maria colocou o bebê dela na cadeirinha de carro para bebês.
艾力士有多少輛車？	Quantos carros o Alex tem?
芭蕉是最偉大的詩人。	Bashô é o maior poeta.
若要聲稱性別是二元的，就需要忽視陰陽人，這是不科學的，且純粹屬於意識形態問題。	Para afirmar que o gênero é binário, é necessário ignorar os intersexuais, o que não é científico e é puramente uma questão ideológica.
英特尔公司由那个发明取得着巨大的专利权收入	A Intel Corporation obtém enormes receitas de patentes com aquela invenção.
英語不是一朝一夕就能學會的。	Inglês não se aprende da noite para o dia.
苹果买不了了！	Não dá mais para comprar maçãs!
苹果是成打卖的。	Maçãs são vendidas em dúzias.
苹果是非凡的手机。	A Apple é um celular extraordinário.
荷蘭贏得了2010年世界杯足球賽。	A Holanda venceu a Copa do Mundo de Futebol de 2010.
莎米的婚禮即將到來。	O casamento de Sami está chegando.
萨米住在耶路撒冷。	Sami mora em Jerusalém.
萨米得去上他的化学课，他会用阿拉伯语和你会面。	Sami tem que ir para a aula de química dele, ele vai se encontrar com você em árabe.
萨米是从南边来的。	Sammy veio do sul.
萨米读书了。	Sami leu o livro.
萨米非常讨厌蕾拉。	Sami detesta muito Leila.
落跑吧！	Fuja!
葛蕾絲看起來很生氣。	Grace parece muito irritada.
葵舞跳得很好。	A dança do girassol é muito boa.
蓝色的鸟栖息在树枝上，兴致昂扬地唱着歌。	O pássaro azul pousa no galho da árvore, cantando alegremente.
蕾拉穿着带褶子的短袜。	Layla usava meias curtas com pregas.
薩米一直在偷偷和萊拉的妹妹交往。	Sami estava secretamente se relacionando com a irmã de Layla.
薩米不吃豬肉。	Sami não come carne de porco.
薩米偷了萊拉的汽水。	Sami roubou o refrigerante de Layla.
薩米是萊拉的奶兒子。	Sami é o filho de leite de Layla.
薩米有峰巨大的駱駝。	Sami tem um camelo enorme.
薩米當時正在廚房幹話。	Sami estava falando besteira na cozinha naquela hora.
薩米的汽水含糖量很高。	O refrigerante de Sami tem um teor de açúcar muito alto.
薩米的蘇打水中含有大量糖。	O refrigerante de Sami contém uma grande quantidade de açúcar.
薩米讓萊拉幫他口交。	Sami fez Layla fazer sexo oral nele.
薩米需要沖廁所。	Sami precisa dar descarga.
蘇打水讓湯姆感到緊張。	Água com gás deixa Tom nervoso.
蘇萊曼尼控制伊拉克。	Soleimani controla o Iraque.
蘋果酒很好喝！	Sidra está muito gostosa!
虎与人是无法比拼力量的，但是，老虎还是比人类低等。	O tigre e o homem não podem competir em força, mas o tigre ainda é inferior ao ser humano.
虼螂是昆蟲。	Besouro rola-bosta é um inseto.
虽然我很想知道他的名字，只是我的胆子太小了，不敢去问。	Embora eu queira muito saber o nome dele, só que minha coragem é pequena demais, não ouso perguntar.
虽然我没在火车上睡觉。	Embora eu não tenha dormido no trem.
虽然时髦一点，但是价钱太大！	Embora seja mais moderno, mas o preço é muito alto!
蜜蜂的嗡嗡让我紧张一点。	O zumbido das abelhas me deixa um pouco nervoso.
蜥蜴！	Lagarto!
血色將至。	O sangue chegará.
行動遲緩的藍色美洲獅從勤奮的貓身下滑過。	O puma azul de movimentos lentos deslizou por baixo do gato diligente.
衰老不得，智慧不得不得。	Não se pode envelhecer, não se pode obter sabedoria sem não poder.
西弗里斯语、萨特弗里斯语和北弗里斯语都是弗里斯语。	O frísio ocidental, o frísio de Sater e o frísio setentrional são todos frísios.
西線無戰事	Nada de novo no front ocidental.
要我相信我会相信你不相信的东西是没用的！	É inútil querer que eu acredite que você não acredita em algo!
要找人代替像他这么有资历的员工很难。	É difícil encontrar alguém para substituir um funcionário tão qualificado quanto ele.
要是当时有好好读说明书就好了。	Se ao menos tivesse lido bem o manual naquela época.
要是没您这样的勇气，就您肯定会被杀死的了。	Se não tivesse essa coragem, você certamente teria sido morto.
觉得自己对别人而言就是个负担，没有人会爱上我，最好死了算了，因为那样我就不会伤害任何人了，可是话说回来，我想活下去，证明给别人看我很坚强。	Sinto que sou um fardo para os outros, ninguém vai me amar, é melhor morrer, porque assim não machucarei ninguém, mas, por outro lado, quero viver para provar aos outros que sou forte.
解决他们。	Resolva eles.
討厭。	Detestável.
認同推動進步。	O reconhecimento impulsiona o progresso.
說。	Fale.
說到做到。	Dizer e fazer.
說句簡單的話。	Diga uma frase simples.
說吧。	Fale.
說實話。	Fale a verdade.
說得簡單。	Falar é fácil.
說英語吧！	Fale inglês!
說英語！	Fale inglês!
說話就如過眼雲煙，文字卻能流傳千古。	Palavras são como nuvens que passam, mas a escrita pode perdurar por eras.
說話看人禮貌。	Falar depende da educação da pessoa.
說！	Fale!
誰和何塞是同學？	Quem é colega de classe de José?
誰是他朋友？	Quem é amigo dele?
誰會想雇湯姆？	Quem iria querer contratar Tom?
誰比較高，你還是肯？	Quem é mais alto, você ou Ken?
誰發現了鐳?	Quem descobriu o rádio?
誰邀請了你們？	Quem convidou vocês?
請不要客氣。	Por favor, não se incomode.
請不要這樣打斷我說話。	Por favor, não me interrompa assim enquanto falo.
請以尊嚴對待我。	Por favor, trate-me com dignidade.
請你告訴我路怎麼走好嗎？	Você pode me dizer como chegar, por favor?
請你拿這個好嗎?	Você pode pegar isso, por favor?
請你隨便吃點水果。	Por favor, sirva-se de um pouco de fruta.
請來一杯啤酒。	Por favor, traga uma cerveja.
請包起來。	Por favor, embrulhe.
請告訴我你的問題。	Por favor, me diga seu problema.
請告訴我你的想法。	Por favor, me diga sua opinião.
請告訴約翰我打過電話。	Por favor, diga ao João que eu liguei.
請在下箇星期日休息。	Por favor, descanse no próximo domingo.
請填寫。	Por favor, preencha.
請帶我到處看看。	Por favor, me mostre o lugar.
請滿點說。	Por favor, fale devagar.
請為這本書加上假名注音。	Por favor, adicione a leitura em kana neste livro.
請照平常一樣五加侖。	Por favor, como de costume, cinco galões.
請祝我好運。	Por favor, me deseje boa sorte.
請結帳。	Por favor, feche a conta.
請結帳！	Por favor, feche a conta!
請給我一杯酒。	Por favor, me dê um copo de vinho.
請跟我說。	Por favor, fale comigo.
請隨便選。	Por favor, escolha à vontade.
請！	Por favor!
講。	Fale.
謝謝你來接我。	Obrigado por vir me buscar.
謝謝你的午餐！	Obrigado pelo seu almoço!
謝謝你的領導。	Obrigado pela sua liderança.
警察！	Polícia!
警方現在認為湯姆和瑪麗的失蹤有干系。	A polícia agora acredita que o desaparecimento de Tom e Maria tem relação.
變音符號有助於更準確地理解文字。	Os sinais diacríticos ajudam a entender o texto com mais precisão.
讓我們現在忘了它吧。	Vamos esquecer isso agora.
讓我們開始這個派對吧。	Vamos começar esta festa.
讓我再次提醒你3月31日是到期日。	Deixe-me lembrá-lo novamente que 31 de março é a data de vencimento.
讓我失望了。	Me decepcionou.
讓我把你介紹給他。	Deixe-me apresentá-lo a ele.
让我们别来，我们就更想来了。	Se não nos deixarem vir, vamos querer vir ainda mais.
让我们来学习一个特殊的例子。	Vamos aprender um caso especial.
让我们来问问这是不是真的。	Vamos perguntar se isso é verdade.
让我们玩耍吧。	Vamos brincar.
让我安心工作。	Deixe-me trabalhar em paz.
让我帮助你们啊！	Deixe-me ajudar vocês!
让我拿着。	Deixe-me segurar.
让我看看。	Deixe-me ver.
让我说吧。	Deixe-me falar.
议员受到了议会道德委员会的谴责。	O deputado foi condenado pelo comitê de ética do parlamento.
记好了这教训。	Grave bem esta lição.
说！	Fale!
请不要忘记寄信前要在上面贴邮票。	Por favor, não se esqueça de colocar selo na carta antes de enviá-la.
请勿望您的物品。	Por favor, não esqueça seus pertences.
请吃点蛋糕。	Por favor, coma um pouco de bolo.
请在三天内回来。	Por favor, volte dentro de três dias.
请尽量慢点说。	Por favor, fale o mais devagar possível.
请快点回信。	Por favor, responda à carta rapidamente.
请我们去饭店吃晚饭。	Por favor, convide-nos para jantar no restaurante.
请我可以今晚开一开你的汽车吗？	Por favor, posso usar seu carro esta noite?
请给我一杯咖啡。	Por favor, me dê uma xícara de café.
请给我一杯水。	Por favor, me dê um copo de água.
请给我一杯茶。	Por favor, me dê uma xícara de chá.
请跟我来。	Por favor, siga-me.
请送两份早餐过来。2号餐加两杯奶茶。	Por favor, traga dois cafés da manhã. O prato número 2 com duas xícaras de chá com leite.
请问我能搭下车吗？我的钱包被偷了。	Por favor, posso pedir carona? Minha carteira foi roubada.
请问河南中路五十二弄在什么地方？	Por favor, onde fica a Rua Henan Central, beco 52?
请问鸡蛋要什么做法？	Por favor, como quer os ovos preparados?
请问，您会说西班牙语吗？	Por favor, você fala espanhol?
谁会禁止这样的事情呢？	Quem proibiria algo assim?
谁告诉你们汤姆把腿摔断的？	Quem disse a vocês que Tom quebrou a perna?
谁帮助你母亲？	Quem ajuda sua mãe?
谁把中文和日文都会说吧？	Quem fala tanto chinês quanto japonês?
谁教你们法语？	Quem ensina francês a vocês?
谁教你法语？	Quem ensina francês a você?
谁的老师是从英国来的?	De quem é o professor que veio da Inglaterra?
谁诗你最喜欢的老师？	Quem é seu professor favorito?
谁赢了？	Quem ganhou?
谢谢你的耐心。	Obrigado pela sua paciência.
貝詩不過是個孩子。	Beishi é apenas uma criança.
買到啦？	Comprou?
賀都非常喜歡運動。	He Du gosta muito de esportes.
賭博網站讓用戶投注在將滅絕的物種上，因為墨西哥灣漏油。	Sites de apostas permitem que usuários apostem em espécies em extinção, por causa do vazamento de óleo no Golfo do México.
贝尔在踢球时需要更加小心，因为他已经得了一次黄牌了。	Bell precisa ter mais cuidado ao chutar a bola, porque já recebeu um cartão amarelo.
贸易支付差额是所有的钱从国外进入一个国家的所有的钱走出去的国家在同一时期。	Balança de pagamentos comerciais é todo o dinheiro que entra em um país vindo do exterior e todo o dinheiro que sai do país no mesmo período.
资产盈利能力或一些其他的价值，它们的主人。	Capacidade de gerar lucro de ativos ou algum outro valor, para seus donos.
走。	Andar.
走！	Ande!
起床!	Levante-se!
起来吧！	Levante-se!
起立。	Levantar-se.
起立！	Levantem-se!
超級酷斃宇宙世界霹靂無敵棒。	Super hiper ultra mega incrível.
趕快!	Rápido!
趴下！	Deite-se!
跑到山里躲起来。	Corra para a montanha e se esconda.
跑啊！	Corra!
跑得飛快	Corre muito rápido.
跑進來。	Entre correndo.
跟他們走吧。	Vá com eles.
跟她說我正在看新聞。	Diga a ela que estou vendo as notícias.
跨行是指一句話在詩歌中從一行跨到下一行的情況。	Encavalgamento é quando uma frase em um poema continua da linha para a próxima.
跳进来。	Pule para dentro.
踢球是我的最喜欢的运动。	Chutar bola é meu esporte favorito.
身手矯健的棕狐狸沒有躍過懶洋洋的狗。	A raposa marrom ágil não pulou sobre o cachorro preguiçoso.
躲！	Esconda-se!
躺在你右邊。	Deite-se à sua direita.
車禍是怎麼發生的？	Como o acidente de carro aconteceu?
车！	Carro!
转过来。	Vire-se.
辭職是人生的第一課。	Pedir demissão é a primeira lição da vida.
过两天就可以在网上订火车票了。	Daqui a dois dias já dá para comprar passagens de trem online.
过于上网不是跟医学或精神病有关的事情。	Navegar demais na internet não é algo relacionado à medicina ou psiquiatria.
过去,我是中学生,现在我是大学生.	Antes, eu era estudante do ensino médio; agora, sou universitário.
过去，她想帮她们。	Antes, ela queria ajudá-las.
还是要说谢谢的。	Ainda assim é preciso agradecer.
还有什么？	O que mais?
还没有。	Ainda não.
这下搞得你今天累死了！	Isso fez você ficar exausto hoje!
这不是一句话。	Isso não é uma frase.
这不是我的包。	Esta não é minha bolsa.
这不是能乱动的。	Isso não é algo que se possa mexer à toa.
这个不会。	Isso não vai funcionar.
这个世界语句子是什么意思？	O que significa esta frase em chinês?
这个公司二分之三的雇员是工程师。	Dois terços dos funcionários desta empresa são engenheiros.
这个几块？	Quanto custa isso?
这个工作完成了!我们进入下一步吧!	Este trabalho está concluído! Vamos para o próximo passo!
这个怪物只吃魔法伤害。	Este monstro só sofre dano mágico.
这个房子的主人有一对双胞胎。	O dono desta casa tem um par de gêmeos.
这个新的市场可能改良全部的工业。	Este novo mercado pode melhorar toda a indústria.
这个晚上发生了什么？	O que aconteceu nesta noite?
这个问题很麻烦。	Este problema é muito complicado.
这个面包的保质期可以吗？	O prazo de validade deste pão está bom?
这个项目是一块金。	Este projeto é uma mina de ouro.
这么说也可以。	Dizer assim também pode.
这些是你从哪里买的？	Onde você comprou estes?
这些是找头。	Isto é o troco.
这从谁那儿拿的？	De quem você pegou isto?
这件事他铭记于心。	Ele gravou esta coisa no coração.
这件事情不是你告诉我的。	Esta coisa não foi você quem me contou.
这儿连空气都有辣味儿	Aqui até o ar tem gosto de pimenta.
这只是幻想而已。	Isto é apenas ilusão.
这只狗挑了。	Este cachorro escolheu.
这场谈论即将对污染问题展开讨论。	Esta conversa vai começar a discutir sobre o problema da poluição.
这将会是巨大的，如果你可以挑选一些面包，然后再回家。	Isto será enorme, se você puder escolher alguns pães e depois voltar para casa.
这小故事太简单说明一切。	Esta pequena história é simples demais para explicar tudo.
这就是我所说的。	Isto é o que eu digo.
这我知道！	Isto eu sei!
这把菜刀不够锋利，所以我用了我的折叠刀来切肉。	Esta faca de cozinha não é afiada o suficiente, então usei meu canivete para cortar a carne.
这时候公园里的工人拿来了一些小纸牌。	Nessa hora, os trabalhadores do parque trouxeram alguns cartõezinhos.
这是一把中式扇子。	Isto é um leque chinês.
这是一次很棒的经历。	Esta foi uma experiência ótima.
这是不可能的。	Isto é impossível.
这是不是意味着你不会来了？	Isto significa que você não vai vir?
这是个三步杀。	Isto é um xeque-mate em três lances.
这是个据药。	Isto é um medicamento.
这是个静谧的冬夜。	Esta é uma noite de inverno silenciosa.
这是什么气味？	Que cheiro é este?
这是我的马马和我的爸爸。	Esta é minha mãe e meu pai.
这是找零。	Isto é o troco.
这是落户。	Isto é estabelecer residência.
这样也很可能是最好玩儿的。	Assim também é provavelmente o mais divertido.
这狗跑得多快啊！	Este cachorro corre tão rápido!
这种奇怪的情况是我对中的印象的典型。	Esta situação estranha é típica da minha impressão do par.
这笔交易是我的，所以你需要去冷静并且同意我	Este negócio é meu, então você precisa se acalmar e concordar comigo.
这部电影有起意思来。	Este filme tem um sentido interessante.
这里只卖女鞋。	Aqui só se vendem sapatos femininos.
这里是普通中学的化学实验室。	Aqui é o laboratório de química de uma escola secundária comum.
这间教室与那间隔着一堵墙。	Esta sala de aula e aquela são separadas por uma parede.
这首歌也还可以吧？	Esta música ainda é aceitável, né?
这首诗是昨晚写的。	Este poema foi escrito ontem à noite.
进攻！	Ataquem!
远亲不如近邻。	Um parente distante não é tão bom quanto um vizinho próximo.
迪克打算自己去。	Dick planeja ir sozinho.
迪克有時遲到。	Dick às vezes se atrasa.
退出。	Sair.
退到繩子後面。	Recuar para trás da corda.
送你這輛自行車。	Dar esta bicicleta para você.
逃避現實。	Fugir da realidade.
這些女孩當中其中一個被留下來了。	Uma dessas garotas foi deixada para trás.
這些花生長在溫暖的國家。	Esses amendoins crescem em países quentes.
這些鍋鏟、烤盅、盤子和馬克杯都來自這套集合。	Essas espátulas, formas de assar, pratos e canecas são todos deste conjunto.
這個女孩做了一把不稱手的弓。	Esta garota fez um arco que não se ajusta bem à mão.
這個女孩做了一把很難使用的弓。	Esta garota fez um arco muito difícil de usar.
這個字怎麼寫？	Como se escreve este caractere?
這個字母怎麼寫？	Como se escreve esta letra?
這個房間被紅色的燈照亮了。	Este quarto foi iluminado por uma luz vermelha.
這個月有很多工資。	Este mês tem muito salário.
這個蘋果怎麼樣？	Como está esta maçã?
這個設計很人性化。	Este design é muito humanizado.
這個路口因頻繁的事故而臭名昭著。	Este cruzamento é notório por acidentes frequentes.
這做什麽？	O que isto faz?
這兒的書是我的。	Os livros aqui são meus.
這只是一個玩笑而已。	Isto é apenas uma brincadeira.
這套電視劇裏的驚察似乎是個濫用職權的壞蛋。	O policial nesta série de TV parece ser um vilão que abusa do poder.
這封信是珍自己寫的。	Esta carta foi escrita pela própria Jane.
這封信是肯寫的嗎？	Esta carta foi escrita por Ken?
這就是駝鳥肉比牛肉和豬肉貴兩倍多的原因了。	Esta é a razão pela qual a carne de avestruz é mais de duas vezes mais cara que a carne bovina e suína.
這座體育館下藏著一個重要的遺址。	Sob este ginásio está escondido um sítio arqueológico importante.
這張辦公桌是被我用的。	Esta mesa de escritório é usada por mim.
這愛爾蘭人什麼都能做。	Este irlandês pode fazer qualquer coisa.
這房子裡的每一扇門都被鎖上了。	Todas as portas desta casa estão trancadas.
這房間太小了，容納不下五十人。	Este quarto é muito pequeno para acomodar cinquenta pessoas.
這把剪刀左右撇子都適用。	Esta tesoura é adequada tanto para destros quanto para canhotos.
這是一個輕鬆取得的勝利。	Esta é uma vitória facilmente obtida.
這是一種人造語言。	Esta é uma língua artificial.
這是他工作的辦公室。	Este é o escritório onde ele trabalha.
這是你們家的小貓嗎？	Este é o gatinho da sua família?
這是你們的蘋果嗎？	Estas são as suas maçãs?
這是我在你的書桌抽屜裡找到的。	Isto é o que encontrei na gaveta da sua mesa.
這是所有他必須做的事。	Isto é tudo o que ele precisa fazer.
這是道是非題嗎？	Esta é uma pergunta de certo ou errado?
這時，公園裡的工人拿來了一些小紙牌。	Nessa hora, os trabalhadores do parque trouxeram alguns cartõezinhos de papel.
這有多長？	Quanto tempo isso tem?
這朵花很美，不是嗎？	Esta flor é muito bonita, não é?
這條領帶和那件上衣很配。	Esta gravata combina muito com aquela blusa.
這棟別墅的主人是誰？	Quem é o dono desta vila?
這棟很高的房子被茅草屋頂覆蓋著。	Esta casa muito alta está coberta por um telhado de palha.
這樣的話我們會浪費很多時間。	Desse jeito, vamos perder muito tempo.
這污點擦不掉。	Esta mancha não sai.
這箇相機裡沒有膠片。	Esta câmera não tem filme.
這麼說是安全的。	Dizer isso é seguro.
連湯姆都不再做了。	Até o Tom não faz mais.
道本語屬於極簡主義。	A língua toki pona pertence ao minimalismo.
還有五十公里就到巴黎了。	Faltam cinquenta quilômetros para chegar a Paris.
那两个人不是因为过于上网而忽视他们的孩子。	Aquelas duas pessoas não negligenciam seus filhos por ficarem muito na internet.
那个丑男人在节食，这个我们知道就好。	Aquele homem feio está de dieta, isso nós sabemos e está bom.
那件毛衣不错呀！	Aquele casaco é legal!
那個假期銷售業績不佳，為博爾公司敲下了最後一根棺材釘。	Aquele período de vendas de férias foi ruim, pregando o último prego no caixão da empresa Bor.
那個小偷在公交車上摸到了一部手機。	Aquele ladrão pegou um celular no ônibus.
那個盤子是髒的。	Aquele prato está sujo.
那個袋子太重了，我拿不動。	Aquela sacola é pesada demais, não consigo carregar.
那儿有笔?	Tem caneta aí?
那兩個人要出去嗎？	Aquelas duas pessoas vão sair?
那兩個要出去嗎？	Aqueles dois vão sair?
那可憐的孩子快餓死了。	Aquela pobre criança está quase morrendo de fome.
那多山地区还没有高速路。所有货运被驮在人的背上或在马的背上。	Aquela região montanhosa ainda não tem rodovia. Toda a carga é transportada nas costas de pessoas ou nas costas de cavalos.
那够长了。	Aquilo já é comprido o suficiente.
那孩子要六歲了。	Aquela criança vai fazer seis anos.
那家店賣筆記本嗎？	Aquela loja vende cadernos?
那座红楼顶的房子是我叔叔的。	Aquela casa de telhado vermelho é do meu tio.
那时汤姆相当一个兽医。	Naquela época, Tom queria ser veterinário.
那是個美麗的地方。	Esse é um lugar bonito.
那是個馬戲團！	Isso é um circo!
那更好吗？	Isso é melhor?
那本书不在桌子上。	Aquele livro não está em cima da mesa.
那本書很舊。	Aquele livro é muito velho.
那本書有趣嗎？	Aquele livro é interessante?
那本書賣得很好。	Aquele livro vendeu muito bem.
那朵云对我来说像一只兔子。	Aquela nuvem parece um coelho para mim.
那条新裙子让她很满意。	Aquela saia nova a deixou muito satisfeita.
那条连衣裙真的很适合她。	Aquele vestido realmente combina com ela.
那架飞机五点起飞。	Aquele avião decola às cinco horas.
那樹是湯姆的財産。	Aquela árvore é propriedade do Tom.
那没人帮你吗？	Ninguém te ajuda lá?
那男人是谁？	Quem é aquele homem?
那真整潔。	Aquilo é realmente arrumado.
那箇真好。	Aquilo é realmente bom.
那裡有多少東西？	Quantas coisas há ali?
那里有多少队伍？	Quantas filas há ali?
那，你們喜歡吃什麼呢？	Então, o que vocês gostam de comer?
邪教！	Seita maligna!
郵箱在哪裡？	Onde fica a caixa de correio?
都是。	Todos são.
醒醒吧。	Acorde.
醒醒！	Acorde!
里瑪做的。	A Rima fez.
重新告訴我。	Conte-me de novo.
錯。	Errado.
錯！	Errado!
钱包在包里。	A carteira está na bolsa.
钱包里有两张银行卡。	Na carteira há dois cartões bancários.
错误！	Erro!
閃亮亮！	Brilhante!
開啟野戰手電筒不會幫助你在黑暗中看得到。	Ligar a lanterna de campo não vai te ajudar a enxergar no escuro.
開闢新天地。	Abrir novos horizontes.
闭上你的嘴。	Feche a sua boca.
问一下不会有什么损失。	Perguntar não vai trazer nenhuma perda.
问他会不会来参加会议。	Pergunte a ele se vai vir participar da reunião.
阿利斯特杀了芭芭拉。	Alister matou Bárbara.
阿妈买马。	A mãe compra cavalo.
阿尔法、贝塔和咖玛是希腊文字。	Alfa, Beta e Gama são letras gregas.
阿爾吉利亞沒有冰川。	A Argélia não tem geleiras.
阿里似乎对蚁类研究很感兴趣。	Ali parece muito interessado em pesquisas sobre formigas.
阿里是伊斯坦堡人。	Ali é de Istambul.
除死无大事，讨饭到了家。	Além da morte, não há grande coisa; mendigar é o fundo do poço.
陰陽人與跨性別是兩碼事。	Her-mafrodita e transgênero são duas coisas diferentes.
随便！	Tanto faz!
隔壁家的狗很是危險。	O cachorro do vizinho é muito perigoso.
隨你開心。	Como você quiser.
雖然冷戰已經過了這麼多年，俄羅斯人和德國人之間的仇恨還是沒有消除，在蘇聯曾經侵佔過的地區，這種仇恨就更深了。	Embora a Guerra Fria tenha passado tantos anos, o ódio entre russos e alemães ainda não desapareceu, e nas áreas que a União Soviética já ocupou, esse ódio é ainda mais profundo.
雪松生長在哪裡？	Onde cresce o cedro?
零在一前面。	Zero está na frente de um.
非上上智，无了了心。	Não há sabedoria suprema, não há mente clara.
非常好！	Muito bom!
非常抱歉，我遲到了。	Muito desculpe, estou atrasado.
非死不可是什麼？	O que significa "não morrer não é o quê"?
靠！	Droga!
靠！瑞士的火车什么都有！	Droga! O trem suíço tem de tudo!
鞠躬！	Faça uma reverência!
韓國允許了國際原子能總署的視察。	A Coreia permitiu a inspeção da Agência Internacional de Energia Atômica.
韓語很難學，但韓文學起來很快。	O coreano é difícil de aprender, mas a escrita coreana se aprende rápido.
願你們平安！	Que vocês tenham paz!
顯然地勢必要做些什麼。	Obviamente é necessário fazer algo.
额...	Hã...
风暴减弱了。	A tempestade enfraqueceu.
飛行員用無線電與機場溝通。	O piloto se comunica com o aeroporto por rádio.
飞机向城市投下了炸弹。	O avião lançou bombas sobre a cidade.
飞机降落在新山一机场。	O avião pousou no aeroporto de Tan Son Nhat.
食物的味道讓我餓了。	O cheiro da comida me deixou com fome.
飢餓的豬夢到橡樹子。	O porco faminto sonha com bolotas.
馒头和馍馍有区别吗？	Existe diferença entre pão cozido no vapor e pão cozido no vapor?
馬上忘記這件事吧。	Esqueça isso imediatamente.
馬上開始。	Comece imediatamente.
馬迪拉是酒的名字。	Madeira é o nome de uma bebida alcoólica.
馬麻，我硬了。	Mamãe, estou duro.
駝鳥不會在空中飛。	A avestruz não voa no ar.
马上上马！	Monte no cavalo agora!
马上回来。	Volto já.
马力很可爱，不是么？	Mali é fofa, não é?
马尼夸根湖是加拿大魁北克的环形湖，是2亿年前一场巨大冲击形成的陨石坑遗迹。	O Lago Manicouagan é um lago circular em Quebec, Canadá, um vestígio de cratera formada por um grande impacto há 200 milhões de anos.
骨折的腿还没好。	A perna fraturada ainda não sarou.
魚在這裡是以磅為單位來出售。	O peixe é vendido por libra aqui.
鮑伯一定出意外了。	Bob com certeza sofreu um acidente.
鮑伯早上做早餐。	Bob prepara o café da manhã de manhã.
鱼变味了。	O peixe estragou o cheiro.
鱼在海里。	O peixe está no mar.
鳥類飛行。	Os pássaros voam.
鴯鶓和鴕鳥有什麼區別？	Qual é a diferença entre ema e avestruz?
鷹嘴豆泥	Homus de grão-de-bico
麻煩牛排三分熟和一份馬鈴薯。	Por favor, um bife ao ponto e uma batata.
黑的电话比白的花钱多。	O telefone preto custa mais dinheiro do que o branco.
齊莉不是想傷害莉馬。	Qili não quer machucar Lima.
齊莉製作了蘋果醬。	Qili fez geleia de maçã.
齊莉需要用叉子吃這個東西。	Qili precisa usar um garfo para comer isso.
齊裡看到橡樹上有一個很大的爪痕。	Qili viu uma grande marca de garra no carvalho.
齊里出生於三月或四月。	Qili nasceu em março ou abril.
齊里向里瑪示範如何正確修剪棕櫚樹。	Qili mostrou a Lima como podar corretamente a palmeira.
齊里在那房子裡只住了幾個月。	Qili só morou naquela casa por alguns meses.
齊里是一隻正在逃避獵人追殺的吸血鬼。	Qili é um vampiro que está fugindo de caçadores.
齊里正在大口吃著里瑪為瓦利德買的甜甜圈。	Qili está comendo com vontade os donuts que Lima comprou para Walid.
齊里的蜘蛛死了。	A aranha de Qili morreu.
齊里被叫上台。	Qili foi chamado ao palco.
