我們試試看！	Vamos tentar alguma coisa!	CC-BY 2.0 (France) Attribution: tatoeba.org #1 (sysko) & #180624 (Ricardo14)	ok
我该去睡觉了。	Preciso ir dormir.	CC-BY 2.0 (France) Attribution: tatoeba.org #2 (fucongcong) & #182184 (Ricardo14)	ok
你在干什麼啊？	O que está fazendo?	CC-BY 2.0 (France) Attribution: tatoeba.org #3 (sysko) & #331976 (fabioedri)	ok
這是什麼啊？	O que é isto?	CC-BY 2.0 (France) Attribution: tatoeba.org #4 (Martha) & #341216 (tinacalysto)	ok
今天是６月１８号，也是Muiriel的生日！	Hoje é dia 18 de junho, aniversário do Muiriel!	CC-BY 2.0 (France) Attribution: tatoeba.org #5 (Zifre) & #331977 (fabioedri)	ok
生日快乐，Muiriel！	Feliz aniversário, Muiriel!	CC-BY 2.0 (France) Attribution: tatoeba.org #6 (sysko) & #331978 (fabioedri)	ok
Muiriel现在20岁了。	Muiriel tem 20 anos agora.	CC-BY 2.0 (France) Attribution: tatoeba.org #7 (sysko) & #347632 (tinacalysto)	ok
我不知道。	Não sei.	CC-BY 2.0 (France) Attribution: tatoeba.org #10 (Sprachprofi) & #331975 (fabioedri)	ok
那是一隻有惡意的兔子。	Era um coelho mau.	CC-BY 2.0 (France) Attribution: tatoeba.org #14 (tatomeimei) & #893294 (brauliobezerra)	ok
不要擔心。	Não te preocupes.	CC-BY 2.0 (France) Attribution: tatoeba.org #28 (nickyeow) & #340591 (tinacalysto)	errado
我很想你。	Sinto sua falta.	CC-BY 2.0 (France) Attribution: tatoeba.org #29 (nickyeow) & #347660 (tinacalysto)	ok
那是因為妳是女生。	É porque você é menina.	CC-BY 2.0 (France) Attribution: tatoeba.org #53 (fucongcong) & #397633 (brauliobezerra)	ok
世界就是一个疯子的囚笼。	O mundo é como uma jaula de loucos.	CC-BY 2.0 (France) Attribution: tatoeba.org #68 (fucongcong) & #754637 (oleckramo)	ok
我叫Jack。	Meu nome é Jack.	CC-BY 2.0 (France) Attribution: tatoeba.org #69 (Zifre) & #397602 (brauliobezerra)	ok
我会说法语。	Eu sei falar francês.	CC-BY 2.0 (France) Attribution: tatoeba.org #136236 (momowuwen) & #1306965 (alexmarcelo)	ok
他住在这里吗？	Ele mora aqui?	CC-BY 2.0 (France) Attribution: tatoeba.org #136598 (momowuwen) & #379004 (ignea)	ok
我爱你。	Te amo.	CC-BY 2.0 (France) Attribution: tatoeba.org #139673 (wonkk) & #369537 (MUIRIEL)	ok
这是我的妈妈。	Esta é a minha mãe.	CC-BY 2.0 (France) Attribution: tatoeba.org #330581 (vermouthmjl) & #1333271 (alexmarcelo)	ok
很少人这么认为。	Poucas pessoas pensam assim.	CC-BY 2.0 (France) Attribution: tatoeba.org #332422 (fucongcong) & #4931463 (Noktuo)	ok
我觉得你说的是真的。	Eu acho que você disse a verdade.	CC-BY 2.0 (France) Attribution: tatoeba.org #332442 (fucongcong) & #4931473 (Noktuo)	ok
“这些车是你的吗？”“是的，是我的。”	"Estes carros são seus?" "Sim, eles são meus."	CC-BY 2.0 (France) Attribution: tatoeba.org #332487 (fucongcong) & #981320 (une_monica)	ok
其他的一切都好。	Todo o resto está bem.	CC-BY 2.0 (France) Attribution: tatoeba.org #332555 (fucongcong) & #1248874 (Welton)	ok
我头痛。	Estou com dor de cabeça.	CC-BY 2.0 (France) Attribution: tatoeba.org #332568 (fucongcong) & #380394 (brauliobezerra)	ok
你的妈妈会开车吗？	A sua mãe sabe dirigir?	CC-BY 2.0 (France) Attribution: tatoeba.org #332715 (popolady) & #1394509 (alexmarcelo)	ok
我不知道，也不想知道。	Eu não sei e também não quero saber.	CC-BY 2.0 (France) Attribution: tatoeba.org #332786 (fucongcong) & #4364284 (Lucy_Sasaki)	ok
老人试图游5公里。	O velho tentou nadar 5 quilômetros.	CC-BY 2.0 (France) Attribution: tatoeba.org #332826 (fucongcong) & #340772 (tinacalysto)	ok
许多人在工业城市工作。	Várias pessoas trabalham em cidades industriais.	CC-BY 2.0 (France) Attribution: tatoeba.org #332869 (fucongcong) & #784796 (alvren)	ok
他很快就会回来的。	Ele voltará em seguida.	CC-BY 2.0 (France) Attribution: tatoeba.org #332892 (fucongcong) & #1066702 (alexmarcelo)	ok
好习惯是从小养成的。	Bons hábitos são cultivados desde a infância.	CC-BY 2.0 (France) Attribution: tatoeba.org #332909 (fucongcong) & #5412122 (Noktuo)	ok
让窗子关着。	Mantenha a janela fechada.	CC-BY 2.0 (France) Attribution: tatoeba.org #332939 (fucongcong) & #2433742 (Ricardo14)	ok
他的化学很差。	Ele é fraco em química.	CC-BY 2.0 (France) Attribution: tatoeba.org #332985 (fucongcong) & #907638 (alexmarcelo)	ok
我同意。	Estou de acordo.	CC-BY 2.0 (France) Attribution: tatoeba.org #333224 (fucongcong) & #378465 (brauliobezerra)	ok
似乎很便宜。	Parecia tão barata.	CC-BY 2.0 (France) Attribution: tatoeba.org #333228 (fucongcong) & #10745376 (megamanenm)	errado
记者租了间很贵的房。	O jornalista alugou um apartamento muito caro.	CC-BY 2.0 (France) Attribution: tatoeba.org #333459 (fucongcong) & #2695756 (hunzerf)	ok
那就是那台他用来写文章的电脑。	É o computador no qual ele escreveu seu artigo.	CC-BY 2.0 (France) Attribution: tatoeba.org #333460 (fucongcong) & #390824 (brauliobezerra)	ok
汉语字是很美丽的。	Os caracteres chineses são muito bonitos.	CC-BY 2.0 (France) Attribution: tatoeba.org #333494 (al) & #379005 (ignea)	ok
我们学校在市中心。	Nossa escola fica no centro da cidade.	CC-BY 2.0 (France) Attribution: tatoeba.org #333499 (fucongcong) & #951552 (une_monica)	ok
他告诉我什么时候该说是。	Ele me disse quando devo dizer sim.	CC-BY 2.0 (France) Attribution: tatoeba.org #333538 (fucongcong) & #4931708 (Noktuo)	ok
我工作.	Eu trabalho.	CC-BY 2.0 (France) Attribution: tatoeba.org #333595 (al) & #340707 (tinacalysto)	ok
我很难过。	Estou triste.	CC-BY 2.0 (France) Attribution: tatoeba.org #333736 (fucongcong) & #411455 (brauliobezerra)	ok
你喜欢音乐吗？	Você gosta de música?	CC-BY 2.0 (France) Attribution: tatoeba.org #333747 (fucongcong) & #404939 (brauliobezerra)	ok
她昨天看见一个高大的男人。	Ela viu um homem alto ontem.	CC-BY 2.0 (France) Attribution: tatoeba.org #333764 (fucongcong) & #784921 (alvren)	ok
父亲示意我离开会议室。	Meu pai fez um gesto para que eu saísse do quarto.	CC-BY 2.0 (France) Attribution: tatoeba.org #334232 (fucongcong) & #404768 (brauliobezerra)	errado
Allen是个诗人。	Allen é um poeta.	CC-BY 2.0 (France) Attribution: tatoeba.org #334457 (fucongcong) & #404889 (brauliobezerra)	ok
“她喜欢音乐。”“我也是。”	"Ela gosta de música." "Eu também."	CC-BY 2.0 (France) Attribution: tatoeba.org #334470 (fucongcong) & #415000 (brauliobezerra)	ok
他的自行车是蓝色的。	A bicicleta dele é azul.	CC-BY 2.0 (France) Attribution: tatoeba.org #334534 (fucongcong) & #405231 (brauliobezerra)	ok
他没有房子住。	Ele não tem uma casa onde possa viver.	CC-BY 2.0 (France) Attribution: tatoeba.org #334564 (fucongcong) & #406542 (brauliobezerra)	ok
请你给我一杯水。	Por favor, me dê um copo d'água.	CC-BY 2.0 (France) Attribution: tatoeba.org #334646 (fucongcong) & #340471 (tinacalysto)	ok
Ken的狗很大。	O cachorro do Ken é muito grande.	CC-BY 2.0 (France) Attribution: tatoeba.org #334687 (fucongcong) & #1018998 (une_monica)	ok
桌上有个苹果。	Há uma maçã na mesa.	CC-BY 2.0 (France) Attribution: tatoeba.org #334725 (fucongcong) & #698090 (brauliobezerra)	ok
这个价格不合理。	Este preço não é sensato.	CC-BY 2.0 (France) Attribution: tatoeba.org #334855 (fucongcong) & #961621 (alexmarcelo)	ok
我不说日语。	Eu não falo japonês.	CC-BY 2.0 (France) Attribution: tatoeba.org #334909 (fucongcong) & #340438 (tinacalysto)	ok
你会很惊讶你在一周内能学到的东西。	Você vai se surpreender com o que pode aprender em uma semana.	CC-BY 2.0 (France) Attribution: tatoeba.org #334915 (fucongcong) & #785047 (alvren)	ok
不，那不是我的新男朋友。	Não, ele não é o meu novo namorado.	CC-BY 2.0 (France) Attribution: tatoeba.org #335066 (fucongcong) & #379006 (ignea)	ok
他认识很多人。	Ele conhece muitas pessoas.	CC-BY 2.0 (France) Attribution: tatoeba.org #335104 (fucongcong) & #375103 (brauliobezerra)	ok
他太不合群。	Ele é muito antissocial.	CC-BY 2.0 (France) Attribution: tatoeba.org #335105 (fucongcong) & #784912 (alvren)	ok
我笑了。	Eu ri.	CC-BY 2.0 (France) Attribution: tatoeba.org #335165 (fucongcong) & #405688 (brauliobezerra)	ok
嘴里有东西的时候不准说话。	Você não deve falar de boca cheia.	CC-BY 2.0 (France) Attribution: tatoeba.org #335276 (fucongcong) & #341030 (tinacalysto)	ok
早上好！	Bom dia!	CC-BY 2.0 (France) Attribution: tatoeba.org #335381 (fucongcong) & #397611 (brauliobezerra)	ok
失败的责任在他。	Ele é o responsável pela derrota.	CC-BY 2.0 (France) Attribution: tatoeba.org #335406 (fucongcong) & #4937027 (Noktuo)	ok
我会尽我所能的。	Eu darei o melhor de mim.	CC-BY 2.0 (France) Attribution: tatoeba.org #335522 (fucongcong) & #341056 (tinacalysto)	ok
这个梯子是否足够坚固以承受我的重量？	Esta escada é forte o bastante para suportar o meu peso?	CC-BY 2.0 (France) Attribution: tatoeba.org #335611 (fucongcong) & #959968 (aaugustho)	ok
许多小公司倒闭了。	Muitas pequenas empresas foram à falência.	CC-BY 2.0 (France) Attribution: tatoeba.org #335884 (fucongcong) & #5905906 (Thai)	ok
他没有举起他的手。	Ele não levantou a mão.	CC-BY 2.0 (France) Attribution: tatoeba.org #336082 (fucongcong) & #1249818 (alexmarcelo)	ok
日本有许多别具一格的特色。	O Japão tem muitas características distintas.	CC-BY 2.0 (France) Attribution: tatoeba.org #336185 (fucongcong) & #1245164 (Welton)	ok
那是我们的学校。	Aquela é a nossa escola.	CC-BY 2.0 (France) Attribution: tatoeba.org #336241 (fucongcong) & #405392 (brauliobezerra)	ok
他很穷。	Ele é pobre.	CC-BY 2.0 (France) Attribution: tatoeba.org #336441 (fucongcong) & #553324 (Shishir)	ok
再见！	Tchau!	CC-BY 2.0 (France) Attribution: tatoeba.org #336477 (fucongcong) & #405211 (brauliobezerra)	ok
去年下了很多雪。	Choveu muito no ano passado.	CC-BY 2.0 (France) Attribution: tatoeba.org #336618 (fucongcong) & #4935879 (Noktuo)	errado
知道一门语言是一回事，教这门语言又是另一回事。	Saber uma língua é uma coisa, ensiná-la é outra.	CC-BY 2.0 (France) Attribution: tatoeba.org #336715 (fucongcong) & #901019 (alexmarcelo)	ok
你愿意和我跳舞吗？	Gostaria de dançar comigo?	CC-BY 2.0 (France) Attribution: tatoeba.org #336871 (fucongcong) & #380520 (brauliobezerra)	ok
你表上是几点？	Que horas são no seu relógio?	CC-BY 2.0 (France) Attribution: tatoeba.org #336872 (fucongcong) & #341091 (tinacalysto)	ok
我能预定一下打高尔夫球吗？	Posso fazer uma reserva para jogar golfe?	CC-BY 2.0 (France) Attribution: tatoeba.org #336883 (fucongcong) & #784804 (alvren)	ok
他说他累了，所以他想早点回家。	Ele disse que estava cansado e que por isso iria mais cedo para casa.	CC-BY 2.0 (France) Attribution: tatoeba.org #336939 (fucongcong) & #380403 (brauliobezerra)	ok
什么？	O quê?	CC-BY 2.0 (France) Attribution: tatoeba.org #338275 (Sprachprofi) & #340364 (alexmarcelo)	ok
我没有很多钱。	Não tenho muito dinheiro.	CC-BY 2.0 (France) Attribution: tatoeba.org #339043 (Sprachprofi) & #380429 (brauliobezerra)	ok
你相信他嗎？	Você acredita nele?	CC-BY 2.0 (France) Attribution: tatoeba.org #339450 (nickyeow) & #1403970 (alexmarcelo)	ok
我沒有錢買那本字典。	Não tenho dinheiro para comprar este dicionário.	CC-BY 2.0 (France) Attribution: tatoeba.org #339918 (nickyeow) & #1052796 (kazenochikara)	errado
你会说法语吗？	Você sabe falar francês?	CC-BY 2.0 (France) Attribution: tatoeba.org #340476 (aaroned) & #393570 (brauliobezerra)	ok
这是我的狗。	Este é o meu cachorro.	CC-BY 2.0 (France) Attribution: tatoeba.org #340502 (aaroned) & #1189992 (alexmarcelo)	ok
我对童年的记忆越来越模糊了.	Eu me lembro cada vez menos da minha infância.	CC-BY 2.0 (France) Attribution: tatoeba.org #342109 (Versuss) & #340974 (tinacalysto)	ok
男人跟隨了他。	Os homens seguiram-no.	CC-BY 2.0 (France) Attribution: tatoeba.org #342713 (nickyeow) & #5198347 (mymi)	errado
小孩高呼求救。	A criança gritou por socorro.	CC-BY 2.0 (France) Attribution: tatoeba.org #342718 (nickyeow) & #784806 (alvren)	ok
你昨天為甚麼缺席？	Por que você estava ausente ontem?	CC-BY 2.0 (France) Attribution: tatoeba.org #342721 (nickyeow) & #893477 (brauliobezerra)	ok
我有一辆车。	Eu tenho um carro.	CC-BY 2.0 (France) Attribution: tatoeba.org #342842 (fucongcong) & #1218028 (alexmarcelo)	ok
他是人文學界的權威。	Ele é uma autoridade em humanidades.	CC-BY 2.0 (France) Attribution: tatoeba.org #343202 (nickyeow) & #10699551 (milabr24)	ok
他是有錢人家的兒子。	Ele é filho de uma família rica.	CC-BY 2.0 (France) Attribution: tatoeba.org #343216 (nickyeow) & #959345 (alexmarcelo)	ok
谁发明了电话？	Quem inventou o telefone?	CC-BY 2.0 (France) Attribution: tatoeba.org #343714 (fucongcong) & #404822 (brauliobezerra)	ok
晚饭准备好了。	O jantar está pronto.	CC-BY 2.0 (France) Attribution: tatoeba.org #343737 (fucongcong) & #578915 (brauliobezerra)	ok
今天很热。	Hoje faz muito calor.	CC-BY 2.0 (France) Attribution: tatoeba.org #343752 (fucongcong) & #1167334 (alexmarcelo)	ok
氧和氢组成了水。	Oxigênio e hidrogênio formam água.	CC-BY 2.0 (France) Attribution: tatoeba.org #343759 (fucongcong) & #380573 (brauliobezerra)	ok
顺便问一句，你今晚有空吗？	A propósito, você está livre hoje à noite?	CC-BY 2.0 (France) Attribution: tatoeba.org #343858 (fucongcong) & #5408873 (Noktuo)	ok
他说得好像他什么都知道。	Ele fala como se soubesse tudo.	CC-BY 2.0 (France) Attribution: tatoeba.org #343988 (fucongcong) & #881006 (alexmarcelo)	ok
太郎在日本待了三天。	Taro ficou três dias no Japão.	CC-BY 2.0 (France) Attribution: tatoeba.org #343990 (fucongcong) & #379007 (ignea)	ok
如果你想考試合格的話，就要努力溫習了。	Se quiser passar no exame, você precisa se esforçar na revisão.	CC-BY 2.0 (France) Attribution: tatoeba.org #344133 (nickyeow) & #784919 (alvren)	ok
冷靜！	Acalme-se!	CC-BY 2.0 (France) Attribution: tatoeba.org #344228 (nickyeow) & #879438 (alexmarcelo)	ok
沒有人會知道。	Ninguém saberá.	CC-BY 2.0 (France) Attribution: tatoeba.org #344260 (nickyeow) & #380510 (brauliobezerra)	ok
我們在學校學英文。	Nós aprendemos inglês na escola.	CC-BY 2.0 (France) Attribution: tatoeba.org #344497 (nickyeow) & #4177483 (KimiP)	ok
我昨天感冒了	Ontem, peguei um resfriado.	CC-BY 2.0 (France) Attribution: tatoeba.org #344848 (zhouj1955) & #2695770 (hunzerf)	ok
我昨天碰到他了。	Eu encontrei-o ontem.	CC-BY 2.0 (France) Attribution: tatoeba.org #344876 (zhouj1955) & #4566924 (Claytonr)	ok
請驗驗我的視力。	Por favor cheque a minha visão.	CC-BY 2.0 (France) Attribution: tatoeba.org #344970 (nickyeow) & #374977 (brauliobezerra)	ok
他教了我游泳。	Ele me ensinou como nadar.	CC-BY 2.0 (France) Attribution: tatoeba.org #345679 (nickyeow) & #2409135 (Ricardo14)	ok
他喜欢爵士乐，我也是。	Ele gosta de jazz e eu também.	CC-BY 2.0 (France) Attribution: tatoeba.org #345748 (fucongcong) & #734744 (brauliobezerra)	ok
我忘了打電話給他。	Eu me esqueço de telefonar para ele.	CC-BY 2.0 (France) Attribution: tatoeba.org #345752 (nickyeow) & #4696509 (carlosalberto)	errado
看书很有意思。	Ler um livro é interessante.	CC-BY 2.0 (France) Attribution: tatoeba.org #345790 (fucongcong) & #381497 (brauliobezerra)	ok
我该求Peter帮忙吗？	Devo pedir a ajuda ao Pedro?	CC-BY 2.0 (France) Attribution: tatoeba.org #345968 (fucongcong) & #5412521 (Noktuo)	ok
我收到一份电报，说我叔叔到了。	Eu recebi um telegrama, dizendo que meu tio chegou.	CC-BY 2.0 (France) Attribution: tatoeba.org #345976 (fucongcong) & #784905 (alvren)	ok
他生于19世纪。	Ele nasceu no século XIX.	CC-BY 2.0 (France) Attribution: tatoeba.org #346075 (fucongcong) & #2104047 (alexmarcelo)	ok
Seiko 沒有姐妹。	Seiko não tem irmãs.	CC-BY 2.0 (France) Attribution: tatoeba.org #346088 (nickyeow) & #587325 (Shishir)	ok
我妹妹唱歌很好听。	Minha irmã canta muito bem.	CC-BY 2.0 (France) Attribution: tatoeba.org #346120 (fucongcong) & #886196 (alexmarcelo)	ok
請改正錯誤。	Por favor corrija os erros.	CC-BY 2.0 (France) Attribution: tatoeba.org #346166 (nickyeow) & #784793 (alvren)	ok
博物馆的参观者中有少数是外国人。	Havia um pequeno número de estrangeiros entre os visitantes do museu.	CC-BY 2.0 (France) Attribution: tatoeba.org #346775 (fucongcong) & #1799881 (alexmarcelo)	ok
我的两个姐妹都结婚了。	Minhas duas irmãs são casadas.	CC-BY 2.0 (France) Attribution: tatoeba.org #346791 (fucongcong) & #651804 (orbpic)	ok
你叫什么名字？	Qual é o seu nome?	CC-BY 2.0 (France) Attribution: tatoeba.org #346883 (fucongcong) & #397638 (brauliobezerra)	ok
他造了一個機器人。	Ele fez um robô.	CC-BY 2.0 (France) Attribution: tatoeba.org #346917 (nickyeow) & #937198 (alexmarcelo)	ok
他够大了，可以独自旅行了。	Ele é grande o bastante para viajar sozinho.	CC-BY 2.0 (France) Attribution: tatoeba.org #347037 (fucongcong) & #870452 (alexmarcelo)	ok
我不能出去，因为我有作业。	Não posso sair porque tenho tarefas para fazer.	CC-BY 2.0 (France) Attribution: tatoeba.org #347098 (fucongcong) & #5605113 (Covered)	ok
操你妈！	Morra！	CC-BY 2.0 (France) Attribution: tatoeba.org #347128 (zhouj1955) & #5200198 (mymi)	errado
他战死了。	Ele morreu na guerra.	CC-BY 2.0 (France) Attribution: tatoeba.org #347147 (zhouj1955) & #3521758 (Ricardo14)	ok
有三个小孩儿在公园里玩儿.	Três crianças estavam brincando no parque.	CC-BY 2.0 (France) Attribution: tatoeba.org #348015 (zhouj1955) & #347666 (tinacalysto)	ok
她很窮，但卻很快樂。	Ela é pobre, porém muito feliz.	CC-BY 2.0 (France) Attribution: tatoeba.org #348036 (nickyeow) & #784902 (alvren)	ok
我去過巴黎。	Eu estive em Paris.	CC-BY 2.0 (France) Attribution: tatoeba.org #348050 (nickyeow) & #1221707 (alexmarcelo)	ok
将费用记在我的账上。	Coloque esta fatura na minha conta.	CC-BY 2.0 (France) Attribution: tatoeba.org #348114 (zhouj1955) & #5416703 (Noktuo)	ok
穿那么薄，小心感冒。	Você vai se resfriar com este vestido tão leve.	CC-BY 2.0 (France) Attribution: tatoeba.org #348922 (zhouj1955) & #964147 (alexmarcelo)	ok
太小了。	É pequeno demais.	CC-BY 2.0 (France) Attribution: tatoeba.org #349189 (zhouj1955) & #629728 (adriano)	ok
她是一个非常美的女人。	Ela é uma mulher de grande beleza.	CC-BY 2.0 (France) Attribution: tatoeba.org #349282 (zhouj1955) & #893785 (kazenochikara)	ok
他太老实了，说不来谎话。	Ele é muito honesto, não conta mentiras.	CC-BY 2.0 (France) Attribution: tatoeba.org #349663 (fucongcong) & #5409056 (Noktuo)	ok
Rosa Montero是个不同寻常的女人。	Rosa Montero é uma mulher extraordinária.	CC-BY 2.0 (France) Attribution: tatoeba.org #349677 (fucongcong) & #351208 (vbkun)	ok
我十八岁。	Eu tenho 18 anos.	CC-BY 2.0 (France) Attribution: tatoeba.org #349902 (zhouj1955) & #1198249 (alexmarcelo)	ok
时间飞逝。	O tempo passa voando.	CC-BY 2.0 (France) Attribution: tatoeba.org #349909 (zhouj1955) & #3128691 (carlosalberto)	ok
对不起，我爱你。	Me desculpe, eu te amo.	CC-BY 2.0 (France) Attribution: tatoeba.org #352613 (sadhen) & #4944914 (Noktuo)	ok
我们对他的死亡表示遗憾。	Nós demonstramos pesar pela sua morte.	CC-BY 2.0 (France) Attribution: tatoeba.org #353514 (ruicong) & #784808 (alvren)	ok
我在这里待到10点。	Eu estarei aqui até às 10 horas.	CC-BY 2.0 (France) Attribution: tatoeba.org #353559 (ruicong) & #7753543 (asphodel)	ok
在这些男孩中，谁是Masao?	Qual destes garotos é Masao?	CC-BY 2.0 (France) Attribution: tatoeba.org #353588 (ruicong) & #347667 (tinacalysto)	ok
我覺得他的畫有點奇怪。	Suas pinturas me parecem estranhas.	CC-BY 2.0 (France) Attribution: tatoeba.org #358177 (nickyeow) & #877966 (alexmarcelo)	ok
我不知道這是不是真的。	Eu não sei se é verdade.	CC-BY 2.0 (France) Attribution: tatoeba.org #358445 (nickyeow) & #871880 (alexmarcelo)	ok
用你的詞典查查這些生字吧。	Procure as palavras no seu dicionário.	CC-BY 2.0 (France) Attribution: tatoeba.org #358483 (nickyeow) & #1193989 (POLIGLOTA)	ok
請告訴我怎樣才能聯絡上他。	Por favor, diga-me como posso entrar em contato com ele.	CC-BY 2.0 (France) Attribution: tatoeba.org #358486 (nickyeow) & #1193992 (POLIGLOTA)	ok
他是个好人。	Ele é uma boa pessoa.	CC-BY 2.0 (France) Attribution: tatoeba.org #363983 (fucongcong) & #418110 (brauliobezerra)	ok
這是甚麼意思？	O que isso significa?	CC-BY 2.0 (France) Attribution: tatoeba.org #364924 (nickyeow) & #784903 (alvren)	ok
看來他曾經是個有錢人。	Parece que ele já foi rico.	CC-BY 2.0 (France) Attribution: tatoeba.org #368746 (nickyeow) & #784911 (alvren)	ok
你无法说“不”。	Você não pode dizer "não".	CC-BY 2.0 (France) Attribution: tatoeba.org #373443 (fucongcong) & #390870 (brauliobezerra)	ok
谢谢你。	Obrigado!	CC-BY 2.0 (France) Attribution: tatoeba.org #374825 (sysko) & #380436 (brauliobezerra)	ok
这个沙拉有柠檬的味道。	Esta salada está com gosto de limão.	CC-BY 2.0 (France) Attribution: tatoeba.org #375392 (fucongcong) & #4936697 (carlosalberto)	ok
你什么时候回家？	A que horas você volta pra casa?	CC-BY 2.0 (France) Attribution: tatoeba.org #378958 (kellenparker) & #5422445 (Noktuo)	errado
我有很多朋友。	Eu tenho muitos amigos.	CC-BY 2.0 (France) Attribution: tatoeba.org #379465 (kellenparker) & #397707 (brauliobezerra)	ok
他喜欢这种音乐。	Ele é louco por este tipo de música.	CC-BY 2.0 (France) Attribution: tatoeba.org #379589 (kellenparker) & #881559 (alexmarcelo)	errado
我爱您。	Te amo.	CC-BY 2.0 (France) Attribution: tatoeba.org #380195 (Martha) & #369537 (MUIRIEL)	ok
我在吃个苹果。	Estou a comer uma maçã.	CC-BY 2.0 (France) Attribution: tatoeba.org #380603 (kellenparker) & #760642 (brauliobezerra)	ok
不是說笑的。	Isso não é brincadeira.	CC-BY 2.0 (France) Attribution: tatoeba.org #381649 (nickyeow) & #738948 (Gyuri)	ok
我有一只狗和两只猫。	Eu tenho um cachorro e dois gatos.	CC-BY 2.0 (France) Attribution: tatoeba.org #381928 (ver) & #760157 (Shishir)	ok
这一定是最好的方法 。	Este é com certeza o melhor meio.	CC-BY 2.0 (France) Attribution: tatoeba.org #381929 (ver) & #785048 (alvren)	ok
"谢谢。" "不用谢。"	"Obrigado." "De nada."	CC-BY 2.0 (France) Attribution: tatoeba.org #382149 (kellenparker) & #395116 (brauliobezerra)	ok
一、二、三、四、五、六、七、八、九、十。	Um, dois, três, quatro, cinco, seis, sete, oito, nove, dez.	CC-BY 2.0 (France) Attribution: tatoeba.org #382212 (nickyeow) & #393116 (brauliobezerra)	ok
他需要钱。	Ele precisa de dinheiro.	CC-BY 2.0 (France) Attribution: tatoeba.org #382945 (ver) & #400498 (Covered)	ok
我在街上踫見了一個老朋友。	Andando pela rua eu encontrei um velho amigo.	CC-BY 2.0 (France) Attribution: tatoeba.org #385984 (nickyeow) & #405533 (brauliobezerra)	ok
不好意思，你可以再說一次嗎？	Desculpa, poderia repetir aquela frase?	CC-BY 2.0 (France) Attribution: tatoeba.org #387831 (nickyeow) & #2460604 (MarlonX19)	ok
北京是中国的首都。	Pequim é a capital da China.	CC-BY 2.0 (France) Attribution: tatoeba.org #389050 (sysko) & #397671 (brauliobezerra)	ok
我真後悔以前沒有好好對她。	Gostaria de ter sido mais simpático com a rapariga.	CC-BY 2.0 (France) Attribution: tatoeba.org #389885 (nickyeow) & #429444 (iskander)	errado
没眼镜我可以读。	Eu consigo ler sem óculos.	CC-BY 2.0 (France) Attribution: tatoeba.org #390479 (fucongcong) & #1085658 (alexmarcelo)	ok
我知道他叫什么名字。	Eu sei qual é o nome dele.	CC-BY 2.0 (France) Attribution: tatoeba.org #390853 (fucongcong) & #403889 (brauliobezerra)	ok
我饿得能吃下一匹马。	Estou com tanta fome que poderia comer um cavalo.	CC-BY 2.0 (France) Attribution: tatoeba.org #390868 (fucongcong) & #768538 (helmfer)	ok
我喜欢滑雪。	Eu gosto de esquiar.	CC-BY 2.0 (France) Attribution: tatoeba.org #390888 (fucongcong) & #411486 (brauliobezerra)	ok
他不會開車。	Ele não sabe dirigir um carro.	CC-BY 2.0 (France) Attribution: tatoeba.org #391588 (nickyeow) & #406532 (brauliobezerra)	ok
我们每天都学习英文。	Nós estudamos inglês todos os dias.	CC-BY 2.0 (France) Attribution: tatoeba.org #392017 (ver) & #4311523 (ajdavidl)	ok
他说：“我五天前见过她。”	"Eu a vi cinco dias atrás", ele disse.	CC-BY 2.0 (France) Attribution: tatoeba.org #392681 (fucongcong) & #405121 (brauliobezerra)	ok
这不是我最喜欢的主题。	Este não é meu assunto favorito.	CC-BY 2.0 (France) Attribution: tatoeba.org #392685 (fucongcong) & #2695740 (hunzerf)	ok
你喜欢什么？	Do que você gosta?	CC-BY 2.0 (France) Attribution: tatoeba.org #392840 (Mouseneb) & #393567 (brauliobezerra)	ok
大家都在聚精會神地聽著。	Todos escutavam atentamente.	CC-BY 2.0 (France) Attribution: tatoeba.org #392925 (nickyeow) & #880669 (alexmarcelo)	ok
您住在哪里？	Onde você mora?	CC-BY 2.0 (France) Attribution: tatoeba.org #393584 (GlossaMatik) & #393581 (brauliobezerra)	ok
你有多高？	Qual a sua altura?	CC-BY 2.0 (France) Attribution: tatoeba.org #393593 (GlossaMatik) & #393590 (brauliobezerra)	ok
你不要着急。	Não te preocupes.	CC-BY 2.0 (France) Attribution: tatoeba.org #394139 (GlossaMatik) & #340591 (tinacalysto)	ok
你快要走了。	Você irá em breve.	CC-BY 2.0 (France) Attribution: tatoeba.org #395011 (GlossaMatik) & #375204 (brauliobezerra)	ok
谁也不知道他是否爱她。	Ninguém sabe se ele a ama ou não.	CC-BY 2.0 (France) Attribution: tatoeba.org #395551 (GlossaMatik) & #886197 (alexmarcelo)	ok
行。	Tudo bem.	CC-BY 2.0 (France) Attribution: tatoeba.org #395592 (GlossaMatik) & #1196341 (alexmarcelo)	ok
問題是她到底來還是不來。	A questão é se ela virá ou não.	CC-BY 2.0 (France) Attribution: tatoeba.org #395681 (nickyeow) & #395203 (brauliobezerra)	ok
她脸红了。	Seu rosto ficou vermelho.	CC-BY 2.0 (France) Attribution: tatoeba.org #396112 (GlossaMatik) & #380367 (brauliobezerra)	ok
電池快沒電了。	A bateria está fraca.	CC-BY 2.0 (France) Attribution: tatoeba.org #396443 (cienias) & #924774 (alexmarcelo)	ok
这是昨天来的那个女孩。	Esta é a menina que veio ontem.	CC-BY 2.0 (France) Attribution: tatoeba.org #396795 (GlossaMatik) & #997969 (alexmarcelo)	ok
不，中国菜是最好的。	Não, a cozinha chinesa é a melhor.	CC-BY 2.0 (France) Attribution: tatoeba.org #397112 (fucongcong) & #4934876 (Noktuo)	ok
你喜欢唱歌吗？	Você gosta de cantar?	CC-BY 2.0 (France) Attribution: tatoeba.org #397199 (kellenparker) & #404789 (brauliobezerra)	ok
她是我的女朋友。	Ela é minha namorada.	CC-BY 2.0 (France) Attribution: tatoeba.org #397209 (GlossaMatik) & #376502 (brauliobezerra)	ok
我妈妈早上早起。	Minha mãe acorda cedo.	CC-BY 2.0 (France) Attribution: tatoeba.org #397541 (fucongcong) & #1483248 (alexmarcelo)	ok
我明天能见你吗？	Posso te ver amanhã?	CC-BY 2.0 (France) Attribution: tatoeba.org #397544 (fucongcong) & #3353742 (Ricardo14)	ok
我很累。	Eu estou cansado.	CC-BY 2.0 (France) Attribution: tatoeba.org #397734 (GlossaMatik) & #347631 (tinacalysto)	ok
她喜欢听俄罗斯流行音乐。	Ela gosta de música pop russa.	CC-BY 2.0 (France) Attribution: tatoeba.org #399003 (GlossaMatik) & #2732577 (carlosalberto)	ok
人生不是凸的。	A vida não é convexa.	CC-BY 2.0 (France) Attribution: tatoeba.org #399007 (GlossaMatik) & #1200093 (alexmarcelo)	ok
多谢！	Muito obrigado!	CC-BY 2.0 (France) Attribution: tatoeba.org #399049 (kellenparker) & #395112 (brauliobezerra)	ok
我在翻译。	Eu estou traduzindo.	CC-BY 2.0 (France) Attribution: tatoeba.org #399090 (GlossaMatik) & #404792 (brauliobezerra)	ok
火星上也有猫。	Também há gatos em Marte.	CC-BY 2.0 (France) Attribution: tatoeba.org #399532 (GlossaMatik) & #4968728 (ToinhoAlam)	ok
我喜欢茶。	Eu gosto de chá.	CC-BY 2.0 (France) Attribution: tatoeba.org #399985 (fucongcong) & #1189905 (alexmarcelo)	ok
我也去了。	Eu também fui.	CC-BY 2.0 (France) Attribution: tatoeba.org #400490 (GlossaMatik) & #405243 (brauliobezerra)	ok
酒的消费每年都在上升。	O consumo de álcool aumenta a cada ano.	CC-BY 2.0 (France) Attribution: tatoeba.org #401013 (fucongcong) & #5434467 (Noktuo)	ok
己所不欲，勿施于人。	Aquilo que não deseja para si, não o faça às outras pessoas.	CC-BY 2.0 (France) Attribution: tatoeba.org #401620 (cburgmer) & #4931485 (Noktuo)	ok
我買了兩瓶牛奶。	Eu comprei duas garrafas de leite.	CC-BY 2.0 (France) Attribution: tatoeba.org #402231 (nickyeow) & #405247 (brauliobezerra)	ok
十二月是一年的最後一個月。	Dezembro é o último mês do ano.	CC-BY 2.0 (France) Attribution: tatoeba.org #402494 (nickyeow) & #405171 (brauliobezerra)	ok
我的孩子們真的很喜歡動物。	Minhas crianças gostam muito de animais.	CC-BY 2.0 (France) Attribution: tatoeba.org #402918 (Rebeca) & #378571 (brauliobezerra)	ok
桌子上有本书。	Tem um livro em cima da mesa.	CC-BY 2.0 (France) Attribution: tatoeba.org #403709 (GlossaMatik) & #956484 (alexmarcelo)	ok
你會這樣想是理所當然的。	É natural você pensar assim.	CC-BY 2.0 (France) Attribution: tatoeba.org #404978 (Rebeca) & #377625 (brauliobezerra)	ok
她拍了拍我的肩膀。	Ela me deu um tapinha no ombro.	CC-BY 2.0 (France) Attribution: tatoeba.org #405162 (fucongcong) & #784917 (alvren)	ok
我不知道他喝那么多酒。	Eu não sabia que ele bebia tanto.	CC-BY 2.0 (France) Attribution: tatoeba.org #405195 (fucongcong) & #418108 (brauliobezerra)	ok
我们都喜欢她。	Todos nós gostamos dela.	CC-BY 2.0 (France) Attribution: tatoeba.org #405210 (fucongcong) & #960409 (alexmarcelo)	ok
既然你要去超市，那就顺便买些鸡蛋吧。	Já que você vai ao supermercado, aproveite e compre alguns ovos.	CC-BY 2.0 (France) Attribution: tatoeba.org #406186 (sysko) & #5408884 (Noktuo)	ok
宝宝正在睡觉。	O bebê está dormindo.	CC-BY 2.0 (France) Attribution: tatoeba.org #406688 (fucongcong) & #1201177 (alexmarcelo)	ok
我非常喜欢我的工作。	Gosto muito do meu trabalho.	CC-BY 2.0 (France) Attribution: tatoeba.org #407231 (fucongcong) & #881508 (alexmarcelo)	ok
她有很多钱。	Ela tem muito dinheiro.	CC-BY 2.0 (France) Attribution: tatoeba.org #408237 (fucongcong) & #4876355 (Wermesondavid)	ok
明天是星期天。	Amanhã é domingo.	CC-BY 2.0 (France) Attribution: tatoeba.org #409409 (GlossaMatik) & #992325 (alexmarcelo)	ok
飞机起飞的时候紧张很正常。	É bem normal o nervosismo durante a decolagem do avião.	CC-BY 2.0 (France) Attribution: tatoeba.org #409455 (fucongcong) & #784946 (alvren)	ok
他把头发剪了。	Ele cortou o cabelo.	CC-BY 2.0 (France) Attribution: tatoeba.org #410876 (fucongcong) & #5412454 (Noktuo)	ok
我用12美元买的。	Eu o comprei por doze dólares.	CC-BY 2.0 (France) Attribution: tatoeba.org #411707 (fucongcong) & #871878 (alexmarcelo)	ok
这是我父亲的。	É do meu pai.	CC-BY 2.0 (France) Attribution: tatoeba.org #413069 (GlossaMatik) & #948788 (alexmarcelo)	ok
巴西是說甚麼語言的？	Qual é a língua falada no Brasil?	CC-BY 2.0 (France) Attribution: tatoeba.org #413259 (nickyeow) & #375154 (brauliobezerra)	ok
冬天是我最喜欢的季节。	O inverno é a minha estação favorita.	CC-BY 2.0 (France) Attribution: tatoeba.org #414622 (fucongcong) & #405104 (brauliobezerra)	ok
我母亲比我父亲大两岁。	Minha mãe tem dois anos a mais que meu pai.	CC-BY 2.0 (France) Attribution: tatoeba.org #414625 (fucongcong) & #973467 (alexmarcelo)	ok
Tom在哪里出生的？	Onde Tom nasceu?	CC-BY 2.0 (France) Attribution: tatoeba.org #416314 (kellenparker) & #748839 (brauliobezerra)	ok
你想吃什么？	O que você quer comer?	CC-BY 2.0 (France) Attribution: tatoeba.org #419672 (GlossaMatik) & #979123 (bufo)	ok
艾马提，我们需要更多肉！	Emet, precisamos de mais carne!	CC-BY 2.0 (France) Attribution: tatoeba.org #419704 (GlossaMatik) & #1172933 (lazymoose)	ok
我们只有茶水。	Nós só temos chá.	CC-BY 2.0 (France) Attribution: tatoeba.org #419713 (GlossaMatik) & #421839 (brauliobezerra)	ok
把门开开！	Abra um pouco a porta.	CC-BY 2.0 (France) Attribution: tatoeba.org #419976 (sysko) & #978097 (alexmarcelo)	errado
我正在用电脑。	Eu estou usando o computador.	CC-BY 2.0 (France) Attribution: tatoeba.org #420048 (sysko) & #3007693 (Balamax)	ok
你的朋友近来在忙些什么？	Com o que seu amigo tem se envolvido recentemente?	CC-BY 2.0 (France) Attribution: tatoeba.org #420050 (sysko) & #784899 (alvren)	ok
寄挂号信是保险一点，不会快反而慢。	É mais seguro enviar uma carta registrada, mas ela é mais demorada.	CC-BY 2.0 (France) Attribution: tatoeba.org #420554 (sysko) & #5438816 (Noktuo)	ok
这种式样的钱包你们有卖吗？	Vocês têm este tipo de carteira à venda?	CC-BY 2.0 (France) Attribution: tatoeba.org #420702 (sysko) & #5438878 (Noktuo)	ok
那么你频道换掉也行啊。	Você pode mudar o canal.	CC-BY 2.0 (France) Attribution: tatoeba.org #420800 (sysko) & #12080430 (FishlandicFishy)	ok
是啊，年纪不饶人，今年四十二了。	Eh, o tempo não perdoa ninguém. Este ano faço 42.	CC-BY 2.0 (France) Attribution: tatoeba.org #420818 (sysko) & #5408956 (Noktuo)	ok
我的手机不见了，怎么办？	Eu perdi o meu telefone, o que posso fazer?	CC-BY 2.0 (France) Attribution: tatoeba.org #420878 (sysko) & #12080350 (FishlandicFishy)	ok
我喜欢画油画，但是我不想拿它做我的终身职业。	Eu gosto de fazer pinturas a óleo, mas não pretendo fazê-lo como um emprego por toda a minha vida.	CC-BY 2.0 (France) Attribution: tatoeba.org #420970 (sysko) & #784907 (alvren)	ok
你会讲普通话吗？	Você sabe falar mandarim?	CC-BY 2.0 (France) Attribution: tatoeba.org #421010 (sysko) & #2149262 (alexmarcelo)	ok
我夢見的是一個沒有戰爭的、和平的世界。	O mundo que eu vi no meu sonho era um mundo de paz sem guerra.	CC-BY 2.0 (France) Attribution: tatoeba.org #421996 (nickyeow) & #421924 (brauliobezerra)	ok
他很有信心贏這場比賽。	Ele está muito confiante de que vencerá a partida.	CC-BY 2.0 (France) Attribution: tatoeba.org #422988 (nickyeow) & #4931234 (Noktuo)	ok
真是一個好主意！	É de fato uma boa ideia!	CC-BY 2.0 (France) Attribution: tatoeba.org #422992 (nickyeow) & #4931238 (Noktuo)	ok
她有三個姊妹，一個是護士，另外的兩個是教師。	Ela tem três irmãs: uma é enfermeira, e as outras duas são professoras.	CC-BY 2.0 (France) Attribution: tatoeba.org #423884 (nickyeow) & #1199481 (alexmarcelo)	ok
你介意我在這裏抽煙嗎？	Você se importa que eu fume aqui?	CC-BY 2.0 (France) Attribution: tatoeba.org #425348 (nickyeow) & #881675 (alexmarcelo)	ok
學外語要花好幾年的時間才能學得精通。	Leva-se anos para dominar uma língua estrangeira.	CC-BY 2.0 (France) Attribution: tatoeba.org #426245 (nickyeow) & #576968 (brauliobezerra)	ok
我每周游一次泳。	Eu nado uma vez por semana.	CC-BY 2.0 (France) Attribution: tatoeba.org #429111 (fucongcong) & #1841124 (nowasky)	ok
她是个好女孩。	Ela é uma garota doce.	CC-BY 2.0 (France) Attribution: tatoeba.org #429116 (fucongcong) & #5198360 (mymi)	errado
他只是个诗人。	Ele não é nada além de um poeta.	CC-BY 2.0 (France) Attribution: tatoeba.org #430985 (fucongcong) & #7742095 (Leonroz)	ok
Emi看上去很幸福。	Emi parece feliz.	CC-BY 2.0 (France) Attribution: tatoeba.org #431455 (fucongcong) & #579058 (brauliobezerra)	ok
不要逃避我的問題。	Não fuja da minha pergunta.	CC-BY 2.0 (France) Attribution: tatoeba.org #431535 (nickyeow) & #393731 (brauliobezerra)	ok
我比你高一点。	Sou um pouco mais alta que você.	CC-BY 2.0 (France) Attribution: tatoeba.org #431826 (GlossaMatik) & #1571522 (alexmarcelo)	ok
别那么着急。	Não se preocupe tanto assim.	CC-BY 2.0 (France) Attribution: tatoeba.org #432327 (GlossaMatik) & #913077 (alexmarcelo)	errado
他的眼睛是蓝色的。	Os olhos dele são azuis.	CC-BY 2.0 (France) Attribution: tatoeba.org #438487 (fucongcong) & #354844 (nogie)	ok
您叫什么名字？	Como te chamas?	CC-BY 2.0 (France) Attribution: tatoeba.org #444659 (fucongcong) & #444681 (Covered)	errado
你记得吗？	Você se lembra?	CC-BY 2.0 (France) Attribution: tatoeba.org #444736 (fucongcong) & #380526 (brauliobezerra)	ok
你需要这本书吗？	Você precisa deste livro?	CC-BY 2.0 (France) Attribution: tatoeba.org #444797 (fucongcong) & #777156 (brauliobezerra)	ok
他来的很突然。	Ele chegou sem ser notado.	CC-BY 2.0 (France) Attribution: tatoeba.org #454447 (peipei) & #1319552 (alexmaur)	errado
一百年叫做一个世纪。	Cem anos se chamam um século.	CC-BY 2.0 (France) Attribution: tatoeba.org #461264 (minshirui) & #1701072 (alexmarcelo)	ok
你翻譯這本書用了多少時間？	Quanto tempo você levou para traduzir esse livro?	CC-BY 2.0 (France) Attribution: tatoeba.org #461506 (nickyeow) & #381537 (brauliobezerra)	ok
她说了什么？	O que ela disse?	CC-BY 2.0 (France) Attribution: tatoeba.org #461639 (fucongcong) & #959423 (une_monica)	ok
你的狗在哪儿？	Onde está o seu cachorro?	CC-BY 2.0 (France) Attribution: tatoeba.org #462030 (fucongcong) & #999732 (alexmarcelo)	ok
我们昨天踢了足球。	Nós jogamos futebol ontem.	CC-BY 2.0 (France) Attribution: tatoeba.org #464842 (fucongcong) & #576916 (brauliobezerra)	ok
麦克和肯是朋友。	Mike e Ken são amigos.	CC-BY 2.0 (France) Attribution: tatoeba.org #464902 (fucongcong) & #951117 (alexmarcelo)	ok
时间是世界上最宝贵的东西。	Tempo é a coisa mais preciosa do mundo.	CC-BY 2.0 (France) Attribution: tatoeba.org #464922 (fucongcong) & #2676776 (hunzerf)	ok
每天费用多少？	Quanto é a diária?	CC-BY 2.0 (France) Attribution: tatoeba.org #465910 (fucongcong) & #5416700 (Noktuo)	ok
我渴了。	Estou com sede.	CC-BY 2.0 (France) Attribution: tatoeba.org #465911 (fucongcong) & #397654 (brauliobezerra)	ok
他写阿拉伯文。	Ele escreve em árabe.	CC-BY 2.0 (France) Attribution: tatoeba.org #466243 (fucongcong) & #1206578 (alexmarcelo)	ok
上周她生了个漂亮的女孩。	Semana passada ela deu à luz uma linda menina.	CC-BY 2.0 (France) Attribution: tatoeba.org #466281 (fucongcong) & #734791 (brauliobezerra)	ok
您不该说谎话。	Você não deve mentir.	CC-BY 2.0 (France) Attribution: tatoeba.org #469332 (fucongcong) & #5409054 (Noktuo)	ok
我所担心的是他的态度。	O que me preocupa é a sua atitude.	CC-BY 2.0 (France) Attribution: tatoeba.org #469457 (fucongcong) & #2695760 (hunzerf)	ok
你喜欢做什么？	O que você gosta de fazer?	CC-BY 2.0 (France) Attribution: tatoeba.org #469469 (fucongcong) & #1236673 (alexmarcelo)	ok
我在這裏住了三十年了。	Eu vivi aqui durante trinta anos.	CC-BY 2.0 (France) Attribution: tatoeba.org #470461 (nickyeow) & #438812 (iskander)	ok
您非常勇敢。	Você é muito corajoso.	CC-BY 2.0 (France) Attribution: tatoeba.org #471280 (fucongcong) & #393589 (brauliobezerra)	ok
我要吃鱼和海鲜。	Eu quero comer peixe e frutos do mar.	CC-BY 2.0 (France) Attribution: tatoeba.org #471393 (fucongcong) & #12080307 (FishlandicFishy)	ok
这是你的家人吗？	Esta é a tua família?	CC-BY 2.0 (France) Attribution: tatoeba.org #471395 (fucongcong) & #964074 (alexmarcelo)	ok
我有很多工作要做。	Tenho muito trabalho a fazer.	CC-BY 2.0 (France) Attribution: tatoeba.org #472590 (nickyeow) & #374993 (brauliobezerra)	ok
美國的罪犯大多是吸毒成癮的癮君子。	Muitos criminosos nos Estados Unidos são viciados em drogas.	CC-BY 2.0 (France) Attribution: tatoeba.org #472620 (nickyeow) & #378210 (brauliobezerra)	ok
开电视。	Ligue a TV.	CC-BY 2.0 (France) Attribution: tatoeba.org #472986 (fucongcong) & #1180909 (brauliobezerra)	ok
电视的确有一些缺点。	Televisão tem de fato suas desvantagens.	CC-BY 2.0 (France) Attribution: tatoeba.org #472994 (fucongcong) & #5434445 (Noktuo)	ok
但你喜欢！	Mas você gosta!	CC-BY 2.0 (France) Attribution: tatoeba.org #473005 (fucongcong) & #393758 (brauliobezerra)	ok
我用Twitter。	Eu uso Twitter.	CC-BY 2.0 (France) Attribution: tatoeba.org #474921 (egg0073) & #1279108 (alexmarcelo)	ok
那不是猫。那是狗。	Isso não é um gato, isso é um cachorro.	CC-BY 2.0 (France) Attribution: tatoeba.org #476230 (fucongcong) & #975862 (alexmarcelo)	ok
你是个好男孩。	Você é um bom garoto.	CC-BY 2.0 (France) Attribution: tatoeba.org #476561 (fucongcong) & #880869 (brauliobezerra)	ok
你比我高。	Você é mais alto do que eu.	CC-BY 2.0 (France) Attribution: tatoeba.org #476631 (fucongcong) & #734713 (brauliobezerra)	ok
是的。	Sim.	CC-BY 2.0 (France) Attribution: tatoeba.org #478749 (biglion) & #477137 (Shishir)	ok
他来自杭州。	Ele vem de Hangzhou.	CC-BY 2.0 (France) Attribution: tatoeba.org #480954 (biglion) & #784798 (alvren)	ok
宝宝开始哭了。	O bebê começou a chorar.	CC-BY 2.0 (France) Attribution: tatoeba.org #481195 (fucongcong) & #1002924 (alexmarcelo)	ok
我的書在哪裏？	Onde está o meu livro?	CC-BY 2.0 (France) Attribution: tatoeba.org #481459 (nickyeow) & #381775 (brauliobezerra)	ok
他有两只猫。	Ele tem dois gatos.	CC-BY 2.0 (France) Attribution: tatoeba.org #482305 (siriusbb) & #534820 (Shishir)	ok
他是法国人。	Ele é francês.	CC-BY 2.0 (France) Attribution: tatoeba.org #483022 (adjusting) & #997977 (alexmarcelo)	ok
我年輕的時候常常去打棒球。	Eu jogava muito basebol quando era jovem.	CC-BY 2.0 (France) Attribution: tatoeba.org #484142 (nickyeow) & #377660 (brauliobezerra)	ok
我住了一個星期的醫院。	Passei uma semana no hospital.	CC-BY 2.0 (France) Attribution: tatoeba.org #486559 (nickyeow) & #784913 (alvren)	ok
那个包是我的。	Aquela bolsa é minha.	CC-BY 2.0 (France) Attribution: tatoeba.org #486991 (GlossaMatik) & #893844 (kazenochikara)	ok
实验证明了他的理论。	O experimento confirmou sua teoria.	CC-BY 2.0 (France) Attribution: tatoeba.org #487444 (fucongcong) & #340986 (tinacalysto)	ok
这是他们家。	Esta é a casa deles.	CC-BY 2.0 (France) Attribution: tatoeba.org #487586 (fucongcong) & #1189993 (alexmarcelo)	ok
他洗车。	Ele lava o carro.	CC-BY 2.0 (France) Attribution: tatoeba.org #487608 (fucongcong) & #1236236 (alexmarcelo)	ok
我感冒了。	Estou resfriado.	CC-BY 2.0 (France) Attribution: tatoeba.org #488753 (GlossaMatik) & #411493 (brauliobezerra)	ok
我們養的母雞昨天生了很多蛋。	Nossas galinhas puseram muitos ovos ontem.	CC-BY 2.0 (France) Attribution: tatoeba.org #489530 (nickyeow) & #5806441 (rebrafi)	ok
他是我的朋友。	Ele é meu amigo.	CC-BY 2.0 (France) Attribution: tatoeba.org #490784 (GlossaMatik) & #1204990 (alexmarcelo)	ok
我是个翻译。	Sou tradutor.	CC-BY 2.0 (France) Attribution: tatoeba.org #490803 (GlossaMatik) & #1187142 (alexmarcelo)	ok
他学会了游泳。	Ele aprendeu a nadar.	CC-BY 2.0 (France) Attribution: tatoeba.org #492218 (minshirui) & #731589 (brauliobezerra)	ok
你最喜欢什么运动？	Qual é o seu esporte favorito?	CC-BY 2.0 (France) Attribution: tatoeba.org #493497 (biglion) & #576854 (brauliobezerra)	ok
他有辆车。	Ele tem um carro.	CC-BY 2.0 (France) Attribution: tatoeba.org #493519 (biglion) & #1043791 (brauliobezerra)	ok
我们家在公路边上。	Nossa casa está na beira da estrada.	CC-BY 2.0 (France) Attribution: tatoeba.org #501196 (fucongcong) & #6002099 (Thai)	ok
“啊！”是一个感叹词。	"Ah!" é uma interjeição.	CC-BY 2.0 (France) Attribution: tatoeba.org #501433 (fucongcong) & #415024 (brauliobezerra)	ok
这不是我的错！	Não é minha culpa!	CC-BY 2.0 (France) Attribution: tatoeba.org #501542 (fucongcong) & #340352 (tinacalysto)	ok
宁愿做自己而被人讨厌，也不要因为虚假而被人喜欢。	Melhor ser odiado por aquilo que somos do que ser amado por aquilo que não somos.	CC-BY 2.0 (France) Attribution: tatoeba.org #501584 (fucongcong) & #340349 (tinacalysto)	ok
为什么生活充满着那么多痛苦?	Porquê a vida é tão cheia de sofrimento?	CC-BY 2.0 (France) Attribution: tatoeba.org #501717 (fucongcong) & #12113697 (MelAbreu)	ok
为什么你不吃蔬菜？	Por que você não come vegetais?	CC-BY 2.0 (France) Attribution: tatoeba.org #502693 (fucongcong) & #405548 (brauliobezerra)	ok
为什么人们去电影院？	Por que as pessoas vão ao cinema?	CC-BY 2.0 (France) Attribution: tatoeba.org #502694 (fucongcong) & #886686 (alexmarcelo)	ok
你什么都没跟他说？	Você não disse nada para ele?	CC-BY 2.0 (France) Attribution: tatoeba.org #502756 (fucongcong) & #405107 (brauliobezerra)	ok
這個女孩是誰？	Quem é esta menina?	CC-BY 2.0 (France) Attribution: tatoeba.org #502766 (nickyeow) & #1396782 (alexmarcelo)	ok
生活是美丽的。	A vida é bela.	CC-BY 2.0 (France) Attribution: tatoeba.org #502771 (fucongcong) & #380513 (brauliobezerra)	ok
出去的时候把门关上。	Feche a porta quando sair.	CC-BY 2.0 (France) Attribution: tatoeba.org #502864 (fucongcong) & #396280 (brauliobezerra)	ok
我梦到你了。	Eu sonhei com você.	CC-BY 2.0 (France) Attribution: tatoeba.org #503039 (fucongcong) & #405278 (brauliobezerra)	ok
每个人都是一个世界。	Cada pessoa é um mundo.	CC-BY 2.0 (France) Attribution: tatoeba.org #503242 (fucongcong) & #418029 (brauliobezerra)	ok
我想喝杯咖啡。	Eu gostaria de beber um café.	CC-BY 2.0 (France) Attribution: tatoeba.org #505639 (nickyeow) & #424028 (brauliobezerra)	ok
我父亲现在在医院。	Meu pai está no hospital agora.	CC-BY 2.0 (France) Attribution: tatoeba.org #510655 (fucongcong) & #1248831 (Welton)	ok
我找到了托尼。	Encontrei Tony.	CC-BY 2.0 (France) Attribution: tatoeba.org #510882 (fucongcong) & #1218035 (alexmarcelo)	ok
“不”，他用坚定的口气说道。	"Não", disse ele em um tom decidido.	CC-BY 2.0 (France) Attribution: tatoeba.org #512115 (fucongcong) & #5420976 (Noktuo)	ok
我需要你。	Eu preciso de você.	CC-BY 2.0 (France) Attribution: tatoeba.org #512853 (fucongcong) & #974309 (alexmarcelo)	ok
我应该打扫我的房间。	Tenho que limpar meu quarto.	CC-BY 2.0 (France) Attribution: tatoeba.org #512911 (fucongcong) & #974273 (alexmarcelo)	errado
她住在纽约。	Ela vive em Nova York.	CC-BY 2.0 (France) Attribution: tatoeba.org #512934 (fucongcong) & #1238135 (alexmarcelo)	ok
他住在苹果里面。	Ele mora numa maçã.	CC-BY 2.0 (France) Attribution: tatoeba.org #514814 (GlossaMatik) & #551890 (Shishir)	ok
学维吾尔语。	Aprenda uigur!	CC-BY 2.0 (France) Attribution: tatoeba.org #515240 (Uyturk) & #7902701 (piterkeo)	ok
你有两本书。	Você tem dois livros.	CC-BY 2.0 (France) Attribution: tatoeba.org #524451 (Shishir) & #1234159 (alexmarcelo)	ok
她讲中文。	Ela fala chinês.	CC-BY 2.0 (France) Attribution: tatoeba.org #528398 (biglion) & #751976 (Shishir)	ok
這是一幅地圖。	Este é um mapa.	CC-BY 2.0 (France) Attribution: tatoeba.org #546599 (nickyeow) & #1189982 (alexmarcelo)	ok
你有四只狗。	Você tem quatro cachorros.	CC-BY 2.0 (France) Attribution: tatoeba.org #558665 (Shishir) & #558666 (Shishir)	ok
他喜欢游泳。	Ele gosta de nadar.	CC-BY 2.0 (France) Attribution: tatoeba.org #568779 (Shishir) & #568778 (Shishir)	ok
我们在哪儿？	Onde estamos?	CC-BY 2.0 (France) Attribution: tatoeba.org #573150 (Shishir) & #573148 (Shishir)	ok
与邻居相亲相爱。	Ama o teu próximo.	CC-BY 2.0 (France) Attribution: tatoeba.org #591880 (CLARET) & #1229734 (alexmarcelo)	errado
我还是一个小男孩的时候就住在这里。	Moro aqui desde criança.	CC-BY 2.0 (France) Attribution: tatoeba.org #609967 (sarah) & #2431630 (Sadness)	ok
日本与韩国是邻国。	O Japão e a Coreia do Sul são vizinhos.	CC-BY 2.0 (France) Attribution: tatoeba.org #613445 (U2FS) & #889640 (alexmarcelo)	ok
它們是用粗糙的褐色皮革製成的。	Eles foram feitos de couro marrom bastante áspero.	CC-BY 2.0 (France) Attribution: tatoeba.org #616123 (nickyeow) & #5434320 (Noktuo)	ok
鐵的原子序數是二十六。	O número atômico do ferro é 26.	CC-BY 2.0 (France) Attribution: tatoeba.org #617675 (nickyeow) & #1487183 (alexmarcelo)	ok
我昨天去了公园。	Ontem fui ao parque.	CC-BY 2.0 (France) Attribution: tatoeba.org #617707 (sysko) & #869214 (alexmarcelo)	ok
你不用每天都來這裏。	Não é preciso que você venha aqui todos os dias.	CC-BY 2.0 (France) Attribution: tatoeba.org #619206 (nickyeow) & #985344 (alexmarcelo)	ok
我等着我妈妈。	Estou esperando minha mãe.	CC-BY 2.0 (France) Attribution: tatoeba.org #621803 (sysko) & #985345 (alexmarcelo)	ok
十、二十、三十、四十、五十、六十、七十、八十、九十、一百。	Dez, vinte, trinta, quarenta, cinquenta, sessenta, setenta, oitenta, noventa, cem.	CC-BY 2.0 (France) Attribution: tatoeba.org #622486 (shanghainese) & #730802 (lenon_perez)	ok
我们去影院。	Vamos ao cinema.	CC-BY 2.0 (France) Attribution: tatoeba.org #627353 (Shishir) & #985341 (alexmarcelo)	ok
你应该理解，这是严肃的。	Você deveria entender, isso é sério.	CC-BY 2.0 (France) Attribution: tatoeba.org #630258 (CLARET) & #2695751 (hunzerf)	ok
学回鹘语吧！	Aprenda uigur!	CC-BY 2.0 (France) Attribution: tatoeba.org #632037 (sysko) & #7902701 (piterkeo)	ok
義大利的首都是羅馬。	A capital da Itália é Roma.	CC-BY 2.0 (France) Attribution: tatoeba.org #642832 (nickyeow) & #973230 (alexmarcelo)	ok
我叫傑克。	Chamo-me Jack.	CC-BY 2.0 (France) Attribution: tatoeba.org #651234 (egg0073) & #1227768 (alexmarcelo)	ok
他用刀切了肉。	Ele cortou a carne com uma faca.	CC-BY 2.0 (France) Attribution: tatoeba.org #657619 (sysko) & #1172923 (lazymoose)	ok
今天是星期六。	Hoje é sábado.	CC-BY 2.0 (France) Attribution: tatoeba.org #661576 (mervegorus) & #661608 (Shishir)	ok
我晚饭后弹钢琴。	Eu toco o piano depois do jantar.	CC-BY 2.0 (France) Attribution: tatoeba.org #669016 (sysko) & #12080468 (FishlandicFishy)	ok
你可能已經看過這本書。	Talvez você já tenha lido esse livro.	CC-BY 2.0 (France) Attribution: tatoeba.org #672602 (nickyeow) & #893447 (brauliobezerra)	ok
他對我說：「請你幫我一個忙。」	Ele me disse: "Por favor, faça-me um favor."	CC-BY 2.0 (France) Attribution: tatoeba.org #672752 (nickyeow) & #919956 (alexmarcelo)	ok
我知道这种动物的名字。	Eu sei o nome desse animal.	CC-BY 2.0 (France) Attribution: tatoeba.org #673250 (sysko) & #902570 (brauliobezerra)	ok
我们没有糖。	Não temos açúcar.	CC-BY 2.0 (France) Attribution: tatoeba.org #673335 (sysko) & #921918 (alexmarcelo)	ok
他叫什么名字？	Qual é o nome dele?	CC-BY 2.0 (France) Attribution: tatoeba.org #674243 (sysko) & #1190052 (alexmarcelo)	ok
英语不是我的母语。	O inglês não é meu idioma nativo.	CC-BY 2.0 (France) Attribution: tatoeba.org #677043 (sysko) & #777159 (brauliobezerra)	ok
我有两个孩子。	Eu tenho dois filhos.	CC-BY 2.0 (France) Attribution: tatoeba.org #677470 (oliveroil) & #1235324 (alexmarcelo)	ok
今天早上你為什麼遲到了呢?	Por que você chegou atrasado hoje de manhã?	CC-BY 2.0 (France) Attribution: tatoeba.org #677633 (Martha) & #770708 (brauliobezerra)	ok
我有个弟弟。	Eu tenho um irmão.	CC-BY 2.0 (France) Attribution: tatoeba.org #679441 (sysko) & #886765 (alexmarcelo)	ok
我有个哥哥。	Eu tenho um irmão.	CC-BY 2.0 (France) Attribution: tatoeba.org #679442 (sysko) & #886765 (alexmarcelo)	errado
長頭髮落伍了。	Cabelo comprido está fora de moda.	CC-BY 2.0 (France) Attribution: tatoeba.org #686735 (offdare) & #5408987 (Noktuo)	ok
我馬上到你那兒。	Vou até aí em um instante.	CC-BY 2.0 (France) Attribution: tatoeba.org #686801 (offdare) & #784915 (alvren)	ok
你在讀什麽？	O que você está lendo?	CC-BY 2.0 (France) Attribution: tatoeba.org #686821 (offdare) & #380328 (brauliobezerra)	ok
英語真難，不是嗎？	Inglês é muito difícil, né?	CC-BY 2.0 (France) Attribution: tatoeba.org #686850 (offdare) & #1052844 (brauliobezerra)	ok
这间房间是谁的？	De quem é este quarto?	CC-BY 2.0 (France) Attribution: tatoeba.org #686926 (sysko) & #972348 (alexmarcelo)	ok
我很穷。	Sou pobre.	CC-BY 2.0 (France) Attribution: tatoeba.org #686971 (peipei) & #956599 (alexmarcelo)	ok
他想和我们一起来。	Ele quer vir conosco.	CC-BY 2.0 (France) Attribution: tatoeba.org #687038 (peipei) & #999737 (alexmarcelo)	ok
她爸爸不会来的，他很忙。	Seu pai não vai vir, ele está ocupado.	CC-BY 2.0 (France) Attribution: tatoeba.org #693733 (ver) & #774345 (kjh)	ok
这是一条狗。	Este é um cachorro.	CC-BY 2.0 (France) Attribution: tatoeba.org #694393 (shanghainese) & #1189981 (alexmarcelo)	ok
我有词典。	Eu tenho um dicionário.	CC-BY 2.0 (France) Attribution: tatoeba.org #695413 (Vortarulo) & #868951 (alexmarcelo)	ok
他会说日语。	Ele sabe japonês.	CC-BY 2.0 (France) Attribution: tatoeba.org #697642 (Vortarulo) & #784935 (alvren)	ok
境外办理护照都需要哪些手续和证明材料？	Quais são os certificados e procedimentos necessários para obtenção de um passaporte para o estrangeiro?	CC-BY 2.0 (France) Attribution: tatoeba.org #700122 (sysko) & #5439005 (Noktuo)	errado
不客气。	De nada.	CC-BY 2.0 (France) Attribution: tatoeba.org #700670 (weipipi) & #380433 (brauliobezerra)	ok
很好，谢谢。	Muito bem, obrigado.	CC-BY 2.0 (France) Attribution: tatoeba.org #707194 (Ayalche) & #1220246 (alexmarcelo)	ok
我喜欢数学。	Eu gosto de matemática.	CC-BY 2.0 (France) Attribution: tatoeba.org #708143 (CLARET) & #401061 (brauliobezerra)	ok
我知道她是西班牙人。	Eu sei que ela é espanhola.	CC-BY 2.0 (France) Attribution: tatoeba.org #710349 (fucongcong) & #909378 (alexmarcelo)	ok
他喜欢吹牛。	Ele gosta de tirar onda.	CC-BY 2.0 (France) Attribution: tatoeba.org #710823 (Yashanti) & #5412515 (Noktuo)	ok
他也学习汉语。	Ele também estuda chinês.	CC-BY 2.0 (France) Attribution: tatoeba.org #713203 (Yashanti) & #723558 (Shishir)	ok
他不是意大利人吗？	Ele não é italiano?	CC-BY 2.0 (France) Attribution: tatoeba.org #715733 (Yashanti) & #4827969 (carlosalberto)	ok
我是義大利人。	Eu sou italiano.	CC-BY 2.0 (France) Attribution: tatoeba.org #716953 (egg0073) & #1215876 (alexmarcelo)	ok
这件衣服样式倒是挺好，就是贵了点儿。	O estilo desta roupa é muito legal, só está um pouco cara.	CC-BY 2.0 (France) Attribution: tatoeba.org #717276 (serendipity42) & #5438883 (Noktuo)	ok
我是从中国来的。	Eu vim da China.	CC-BY 2.0 (France) Attribution: tatoeba.org #717391 (sadhen) & #406643 (brauliobezerra)	ok
摩天大厦里的电梯是至关重要的。	Os elevadores em arranha céus são sistemas vitais.	CC-BY 2.0 (France) Attribution: tatoeba.org #718422 (Yashanti) & #418191 (brauliobezerra)	ok
我的朋友在学韩语。	Meu amigo estuda coreano.	CC-BY 2.0 (France) Attribution: tatoeba.org #718678 (sysko) & #620692 (Covered)	ok
我知道她在哪里。	Eu sei onde ela está.	CC-BY 2.0 (France) Attribution: tatoeba.org #726748 (CLARET) & #732350 (brauliobezerra)	ok
她父親是日本人。	O pai dela é japonês.	CC-BY 2.0 (France) Attribution: tatoeba.org #727581 (Martha) & #729712 (brauliobezerra)	ok
现在中国公认的标准旗袍的现代版本是首先在上海发展起来的。	A versão moderna do vestido chinês padrão foi primeiramente desenvolvida em Shanghai.	CC-BY 2.0 (France) Attribution: tatoeba.org #728002 (Yashanti) & #785027 (alvren)	errado
有其父必有其子。	Tal pai, tal filho.	CC-BY 2.0 (France) Attribution: tatoeba.org #728638 (Martha) & #340373 (tinacalysto)	ok
這本字典是誰的？	De quem é este dicionário?	CC-BY 2.0 (France) Attribution: tatoeba.org #729437 (nickyeow) & #1396838 (alexmarcelo)	ok
昨天我到迪士尼樂園。	Ontem eu fui à Disney.	CC-BY 2.0 (France) Attribution: tatoeba.org #734309 (Martha) & #734678 (brauliobezerra)	ok
她很漂亮。	É bonita.	CC-BY 2.0 (France) Attribution: tatoeba.org #744283 (Vortarulo) & #971591 (alexmarcelo)	ok
很晚了。	Está tarde.	CC-BY 2.0 (France) Attribution: tatoeba.org #745892 (fucongcong) & #380531 (brauliobezerra)	ok
请不要说得那么快。	Por favor, não fale tão rápido.	CC-BY 2.0 (France) Attribution: tatoeba.org #746035 (fucongcong) & #380418 (brauliobezerra)	ok
我是从新加坡来的。	Eu sou de Singapura.	CC-BY 2.0 (France) Attribution: tatoeba.org #746065 (fucongcong) & #380432 (brauliobezerra)	ok
我是女人。	Sou uma mulher.	CC-BY 2.0 (France) Attribution: tatoeba.org #747591 (Shishir) & #747590 (Shishir)	ok
你住哪里？	Onde vives?	CC-BY 2.0 (France) Attribution: tatoeba.org #748307 (Vortarulo) & #340615 (tinacalysto)	ok
问题是怎么出现的？	Como o erro surgiu?	CC-BY 2.0 (France) Attribution: tatoeba.org #749407 (kroko) & #749410 (kroko)	errado
实验构造是怎样的？它们是如何相连接的？	Qual era a configuração do experimento? O que estava conectado e como?	CC-BY 2.0 (France) Attribution: tatoeba.org #749417 (kroko) & #749435 (kroko)	ok
错误是如何显示出来的？	De que forma o erro se manifestou?	CC-BY 2.0 (France) Attribution: tatoeba.org #749460 (kroko) & #749463 (kroko)	ok
错误是经常出现还是偶尔出现？错误是否能够模仿？	O erro é recorrente ou esporádico? O erro pode ser reproduzido?	CC-BY 2.0 (France) Attribution: tatoeba.org #749474 (kroko) & #749478 (kroko)	ok
調查正在進行中。	A investigação está em andamento.	CC-BY 2.0 (France) Attribution: tatoeba.org #752113 (Martha) & #4728215 (anthrax26)	ok
多少苹果？	Quantas maçãs?	CC-BY 2.0 (France) Attribution: tatoeba.org #755840 (U2FS) & #549263 (Shishir)	ok
我跟你开玩笑呢。	Eu estou fazendo uma piada com você.	CC-BY 2.0 (France) Attribution: tatoeba.org #756875 (sadhen) & #4944909 (Noktuo)	ok
這件物件的表面頗為粗糙。	A superfície deste objeto é bem rugosa.	CC-BY 2.0 (France) Attribution: tatoeba.org #759701 (nickyeow) & #5434318 (Noktuo)	ok
我不說日語。	Eu não falo japonês.	CC-BY 2.0 (France) Attribution: tatoeba.org #759735 (Martha) & #340438 (tinacalysto)	ok
你们吃肉吗？	Vocês comem carne?	CC-BY 2.0 (France) Attribution: tatoeba.org #760125 (Shishir) & #657236 (orbpic)	ok
今晚天气冷死了。	Está um frio de matar esta noite.	CC-BY 2.0 (France) Attribution: tatoeba.org #760140 (U2FS) & #784803 (alvren)	ok
我不想买这张地毯。	Eu não quero comprar este tapete.	CC-BY 2.0 (France) Attribution: tatoeba.org #760824 (ednorog) & #762166 (samueldora)	ok
该起床了。	Hora de se levantar.	CC-BY 2.0 (France) Attribution: tatoeba.org #760906 (ednorog) & #393687 (brauliobezerra)	ok
我在等待批准。	Eu estou esperando pela aprovação.	CC-BY 2.0 (France) Attribution: tatoeba.org #761325 (Martha) & #5435765 (Noktuo)	ok
大家笑了。	Todos riram.	CC-BY 2.0 (France) Attribution: tatoeba.org #762992 (humihiro) & #406505 (brauliobezerra)	ok
我教英语。	Eu ensino inglês.	CC-BY 2.0 (France) Attribution: tatoeba.org #763025 (Shishir) & #380684 (brauliobezerra)	ok
安的弱點就是巧克力。	Ana tem uma fraqueza pelo chocolate.	CC-BY 2.0 (France) Attribution: tatoeba.org #766993 (Martha) & #8524706 (Capistrano)	ok
不要恨我。	Não me odeies.	CC-BY 2.0 (France) Attribution: tatoeba.org #767118 (Martha) & #1009076 (alexmarcelo)	ok
我看不到任何東西。	Não consigo ver nada.	CC-BY 2.0 (France) Attribution: tatoeba.org #770205 (Martha) & #770164 (marloncori)	ok
汤姆不会打网球。	Tom não sabe jogar tênis.	CC-BY 2.0 (France) Attribution: tatoeba.org #770761 (U2FS) & #770757 (brauliobezerra)	ok
這是真的。	É verdade.	CC-BY 2.0 (France) Attribution: tatoeba.org #771357 (Martha) & #869168 (alexmarcelo)	ok
你喝咖啡嗎?	Você toma café?	CC-BY 2.0 (France) Attribution: tatoeba.org #771627 (Martha) & #969120 (brauliobezerra)	ok
我六點半回來。	Volto às seis e meia.	CC-BY 2.0 (France) Attribution: tatoeba.org #771640 (Martha) & #1480907 (alexmarcelo)	ok
我繼續工作。	Eu continuei trabalhando.	CC-BY 2.0 (France) Attribution: tatoeba.org #771656 (Martha) & #419150 (brauliobezerra)	errado
你开始学世界语了。	Você começou a aprender esperanto.	CC-BY 2.0 (France) Attribution: tatoeba.org #774411 (U2FS) & #734647 (brauliobezerra)	ok
這女孩怕狗。	A menina tem medo de cachorro.	CC-BY 2.0 (France) Attribution: tatoeba.org #775392 (Martha) & #5198359 (mymi)	ok
你可以拿大的盒子或是小的盒子。	Você pode escolher a caixa grande ou a pequena.	CC-BY 2.0 (France) Attribution: tatoeba.org #775667 (Martha) & #893442 (brauliobezerra)	errado
你把它給誰了?	Para quem você deu?	CC-BY 2.0 (France) Attribution: tatoeba.org #775807 (Martha) & #641341 (brauliobezerra)	ok
你很快就會習慣這種冷天氣。	Você se acostumará logo a este clima frio.	CC-BY 2.0 (France) Attribution: tatoeba.org #775831 (Martha) & #2679187 (hunzerf)	ok
今天下雪。	Está nevando hoje.	CC-BY 2.0 (France) Attribution: tatoeba.org #776959 (Martha) & #1266529 (alexmarcelo)	ok
我想要一支手機, 但是我沒有足夠的錢買一支。	Quero um telefone celular, mas não tenho dinheiro suficiente para comprar um.	CC-BY 2.0 (France) Attribution: tatoeba.org #777733 (Martha) & #2705201 (hunzerf)	ok
一年有十二個月。	Um ano tem doze meses.	CC-BY 2.0 (France) Attribution: tatoeba.org #778507 (Martha) & #481183 (brauliobezerra)	ok
我們搭飛機去墨西哥旅行。	Viajamos para o México de avião.	CC-BY 2.0 (France) Attribution: tatoeba.org #778711 (Martha) & #2695767 (hunzerf)	ok
肯的狗是白色的。	O cachorro de Ken é branco.	CC-BY 2.0 (France) Attribution: tatoeba.org #779017 (Martha) & #1311438 (alexmarcelo)	ok
有時等待很難！	Às vezes, esperar é difícil!	CC-BY 2.0 (France) Attribution: tatoeba.org #780315 (Martha) & #2695729 (hunzerf)	ok
你在等誰?	Quem você está esperando?	CC-BY 2.0 (France) Attribution: tatoeba.org #781493 (Martha) & #893436 (brauliobezerra)	ok
女人们有伞。	As mulheres têm guarda-chuvas.	CC-BY 2.0 (France) Attribution: tatoeba.org #784030 (fucongcong) & #5198349 (mymi)	ok
那幅画有多少年了？	Qual a idade dessa pintura?	CC-BY 2.0 (France) Attribution: tatoeba.org #784058 (fucongcong) & #909311 (alexmarcelo)	ok
我喜欢散步。	Gosto de passear.	CC-BY 2.0 (France) Attribution: tatoeba.org #784473 (fucongcong) & #5559045 (Ricardo14)	ok
伏特加在哪里？	Onde está a vodca?	CC-BY 2.0 (France) Attribution: tatoeba.org #784510 (fucongcong) & #1221769 (alexmarcelo)	ok
我有两个兄弟和三个姐妹。	Tenho dois irmãos e três irmãs.	CC-BY 2.0 (France) Attribution: tatoeba.org #784564 (fucongcong) & #627227 (Gyuri)	ok
今天沒有人能想像一個沒有電視的生活。	Hoje, ninguém pode imaginar uma vida sem televisão.	CC-BY 2.0 (France) Attribution: tatoeba.org #785107 (Martha) & #4792356 (anthrax26)	ok
我十年前結婚了。	Casei-me há dez anos.	CC-BY 2.0 (France) Attribution: tatoeba.org #786125 (Martha) & #1077143 (alexmarcelo)	ok
这本书是托尼的。	Este livro é do Tony.	CC-BY 2.0 (France) Attribution: tatoeba.org #787043 (fucongcong) & #973431 (alexmarcelo)	ok
她有点儿面包。	Ela tem um pouco de pão.	CC-BY 2.0 (France) Attribution: tatoeba.org #787242 (fucongcong) & #3271583 (mervert1)	ok
没有错误。	Não tem nenhum erro.	CC-BY 2.0 (France) Attribution: tatoeba.org #787341 (fucongcong) & #985316 (alexmarcelo)	ok
我要把这本书留给自己。	Vou ficar com este livro para mim.	CC-BY 2.0 (France) Attribution: tatoeba.org #787372 (fucongcong) & #4935860 (Noktuo)	ok
谁是你老师？	Quem é sua professora?	CC-BY 2.0 (France) Attribution: tatoeba.org #787631 (fucongcong) & #393672 (brauliobezerra)	errado
我是Tom Hunter。	Eu sou Tom Hunter.	CC-BY 2.0 (France) Attribution: tatoeba.org #788651 (bfsutian) & #576739 (brauliobezerra)	ok
一公斤香蕉多少錢?	Quanto custa um quilo de bananas?	CC-BY 2.0 (France) Attribution: tatoeba.org #789340 (Martha) & #7314355 (iart61)	ok
学荷兰语不难。	Não é difícil aprender holandês.	CC-BY 2.0 (France) Attribution: tatoeba.org #791488 (fucongcong) & #1009595 (Gyuri)	ok
他开始掉头发了。	Ele está começando a perder os cabelos.	CC-BY 2.0 (France) Attribution: tatoeba.org #791594 (fucongcong) & #2684692 (carlosalberto)	ok
我爸爸在花园里。	Meu pai está no jardim.	CC-BY 2.0 (France) Attribution: tatoeba.org #791652 (fucongcong) & #742857 (brauliobezerra)	ok
这些珍珠是真的，不是人造的。	Estas pérolas são autênticas, não são falsas.	CC-BY 2.0 (France) Attribution: tatoeba.org #791686 (fucongcong) & #1291771 (alexmarcelo)	ok
假装你是我。	Finja que você é eu.	CC-BY 2.0 (France) Attribution: tatoeba.org #791687 (fucongcong) & #791690 (alvren)	ok
你们该养成使用字典的习惯。	Vocês devem cultivar o hábito de consultar o dicionário.	CC-BY 2.0 (France) Attribution: tatoeba.org #792843 (fucongcong) & #5412128 (Noktuo)	ok
這把椅子很醜。	Esta cadeira é feia.	CC-BY 2.0 (France) Attribution: tatoeba.org #793289 (Martha) & #375844 (megamanenm)	ok
昨天是我的生日。	Ontem foi meu aniversário.	CC-BY 2.0 (France) Attribution: tatoeba.org #793308 (Martha) & #519633 (anonym)	ok
他在他的同事之中受到歡迎。	Ele é popular entre seus colegas.	CC-BY 2.0 (France) Attribution: tatoeba.org #793588 (Martha) & #904633 (alexmarcelo)	ok
我也是。	Eu também.	CC-BY 2.0 (France) Attribution: tatoeba.org #793651 (Vortarulo) & #411469 (brauliobezerra)	ok
他女儿饭做得不好。	Sua filha não cozinha bem.	CC-BY 2.0 (France) Attribution: tatoeba.org #793992 (fucongcong) & #993483 (alexmarcelo)	ok
日本人有黑色的眼睛。	Os japoneses têm olhos negros.	CC-BY 2.0 (France) Attribution: tatoeba.org #794015 (Martha) & #658063 (brauliobezerra)	ok
这电子辞典的好处就是便于携带。	A parte boa desse dicionário eletrônico é que ele é fácil de carregar.	CC-BY 2.0 (France) Attribution: tatoeba.org #794251 (fucongcong) & #390792 (brauliobezerra)	ok
我住在東京。	Vivo em Tóquio.	CC-BY 2.0 (France) Attribution: tatoeba.org #794633 (marupiter) & #1205216 (alexmarcelo)	ok
我的眼睛是藍色的。	Meus olhos são azuis.	CC-BY 2.0 (France) Attribution: tatoeba.org #794634 (marupiter) & #423976 (brauliobezerra)	ok
我們把牛奶製成乳酪和奶油。	Nós transformamos leite em queijo e manteiga.	CC-BY 2.0 (France) Attribution: tatoeba.org #795286 (Martha) & #720942 (brauliobezerra)	ok
我们把牛奶製成奶酪和黄油。	Nós transformamos leite em queijo e manteiga.	CC-BY 2.0 (France) Attribution: tatoeba.org #795313 (U2FS) & #720942 (brauliobezerra)	ok
最壞的已經過去了。	O pior já acabou.	CC-BY 2.0 (France) Attribution: tatoeba.org #795804 (Martha) & #576651 (brauliobezerra)	ok
我不认识所有的学生。	Eu não conheço todos os alunos.	CC-BY 2.0 (France) Attribution: tatoeba.org #796114 (yutaka) & #379082 (brauliobezerra)	ok
我对自己说话。	Eu falo sozinho.	CC-BY 2.0 (France) Attribution: tatoeba.org #796132 (yutaka) & #1236351 (alexmarcelo)	ok
我不能说。	Não posso dizer.	CC-BY 2.0 (France) Attribution: tatoeba.org #796833 (fucongcong) & #390841 (brauliobezerra)	ok
一般來說，消费者喜歡數量勝於質量。	Em geral os consumidores preferem quantidade à qualidade.	CC-BY 2.0 (France) Attribution: tatoeba.org #798140 (Martha) & #5434479 (Noktuo)	ok
我們並不是全部都會講英語。	Nem todos nós falamos inglês.	CC-BY 2.0 (France) Attribution: tatoeba.org #798184 (Martha) & #381779 (brauliobezerra)	ok
請開燈。	Acenda a luz, por favor.	CC-BY 2.0 (France) Attribution: tatoeba.org #798427 (Martha) & #393753 (brauliobezerra)	ok
文字游戏很少能被翻译。	Trocadilhos raramente podem ser traduzidos.	CC-BY 2.0 (France) Attribution: tatoeba.org #799280 (fucongcong) & #12799193 (Luguero)	ok
她不怕死。	Ela não tem medo da morte.	CC-BY 2.0 (France) Attribution: tatoeba.org #802839 (fucongcong) & #972416 (alexmarcelo)	ok
他愛她。她也愛他。	Ele a ama. Ela o ama, também.	CC-BY 2.0 (France) Attribution: tatoeba.org #803866 (Martha) & #1264412 (alexmarcelo)	ok
他知道你愛他嗎?	Ele sabe que você o ama?	CC-BY 2.0 (France) Attribution: tatoeba.org #803884 (Martha) & #406482 (brauliobezerra)	ok
她給了我很多吃的東西。	Ela me deu muita comida.	CC-BY 2.0 (France) Attribution: tatoeba.org #805202 (Martha) & #948735 (alexmarcelo)	ok
我姑姑給了我一本集郵冊。	Minha tia me deu um álbum de coleção de selos.	CC-BY 2.0 (France) Attribution: tatoeba.org #805218 (Martha) & #1737025 (alexmarcelo)	ok
這是一個好主意。	É uma grande ideia.	CC-BY 2.0 (France) Attribution: tatoeba.org #805887 (cherylting) & #1571563 (alexmarcelo)	errado
這教堂從西元1173年就有。	Esta igreja data do ano 1173 da era cristã.	CC-BY 2.0 (France) Attribution: tatoeba.org #805905 (cherylting) & #4959972 (Noktuo)	ok
以眼還眼，以牙還牙。	Olho por olho, dente por dente.	CC-BY 2.0 (France) Attribution: tatoeba.org #806252 (Martha) & #405596 (brauliobezerra)	ok
我不喜歡咖啡。	Eu não gosto de café.	CC-BY 2.0 (France) Attribution: tatoeba.org #806805 (cherylting) & #393733 (brauliobezerra)	ok
過去這個ID的句子是被Tatoeba計劃的貢獻者所添加的。	Sentenças depois desse ID são sentenças adicionadas pelos contribuidores do Projeto Tatoeba.	CC-BY 2.0 (France) Attribution: tatoeba.org #808595 (Martha) & #375073 (brauliobezerra)	errado
他是一位小說家和詩人。	Ele é novelista e poeta.	CC-BY 2.0 (France) Attribution: tatoeba.org #808852 (cherylting) & #871765 (alexmarcelo)	ok
这家公司的老板是谁？	Quem é o chefe desta empresa?	CC-BY 2.0 (France) Attribution: tatoeba.org #811010 (fucongcong) & #3351778 (kerbear407)	ok
他有两个女儿。	Ele tem duas filhas.	CC-BY 2.0 (France) Attribution: tatoeba.org #811296 (fucongcong) & #401791 (brauliobezerra)	ok
你會說中文嗎？	Falas chinês?	CC-BY 2.0 (France) Attribution: tatoeba.org #811843 (Martha) & #768270 (helmfer)	ok
他用英文寫信嗎?	Ele escreve cartas em inglês?	CC-BY 2.0 (France) Attribution: tatoeba.org #811850 (Martha) & #4878790 (zvzuibqx)	ok
英語很難學。	É difícil aprender inglês.	CC-BY 2.0 (France) Attribution: tatoeba.org #811877 (Martha) & #947208 (une_monica)	ok
英語簡單易學。	O inglês é fácil de aprender.	CC-BY 2.0 (France) Attribution: tatoeba.org #811879 (Martha) & #996670 (alexmarcelo)	ok
祝你好运。	Felicidades para você.	CC-BY 2.0 (France) Attribution: tatoeba.org #812490 (fucongcong) & #1139618 (vekiano)	errado
中国是一个新兴市场。	A China é um mercado emergente.	CC-BY 2.0 (France) Attribution: tatoeba.org #813639 (fucongcong) & #2179932 (alexmarcelo)	ok
汤姆的生日是昨天。	O aniversário do Tom foi ontem.	CC-BY 2.0 (France) Attribution: tatoeba.org #816556 (fucongcong) & #1835927 (alexmarcelo)	ok
我來自哥倫比亞。	Venho da Colômbia.	CC-BY 2.0 (France) Attribution: tatoeba.org #816898 (Martha) & #1368214 (alexmarcelo)	ok
大坂是日本的商业中心。	Osaca é o centro comercial do Japão.	CC-BY 2.0 (France) Attribution: tatoeba.org #817264 (fucongcong) & #1658314 (alexmarcelo)	ok
你觉得足球在美国没有那么流行是什么原因？	Por que motivo você acha que o futebol não é popular nos Estados Unidos?	CC-BY 2.0 (France) Attribution: tatoeba.org #817275 (fucongcong) & #4931712 (Noktuo)	ok
你是誰？	Quem é você?	CC-BY 2.0 (France) Attribution: tatoeba.org #818109 (Martha) & #378454 (brauliobezerra)	ok
你必须按照你的计划行事。	Você deve seguir com seu plano.	CC-BY 2.0 (France) Attribution: tatoeba.org #818326 (tarim222) & #818320 (KenBr)	ok
他的体重超过80公斤。	Ele pesa mais do que 80 quilos.	CC-BY 2.0 (France) Attribution: tatoeba.org #818416 (tarim222) & #818410 (KenBr)	ok
这里，现在。	Aqui e agora.	CC-BY 2.0 (France) Attribution: tatoeba.org #818934 (fucongcong) & #651645 (orbpic)	errado
湯姆是我的朋友。	Tom é meu amigo.	CC-BY 2.0 (France) Attribution: tatoeba.org #819347 (Martha) & #576760 (brauliobezerra)	ok
他喜歡踢足球。	Ele gosta de jogar futebol.	CC-BY 2.0 (France) Attribution: tatoeba.org #819409 (Martha) & #576852 (brauliobezerra)	ok
讓我們搭公車吧。	Vamos pegar um ônibus.	CC-BY 2.0 (France) Attribution: tatoeba.org #819442 (Martha) & #576914 (brauliobezerra)	ok
邁克歌唱得很好。	Mike canta bem.	CC-BY 2.0 (France) Attribution: tatoeba.org #819463 (Martha) & #576960 (brauliobezerra)	ok
你是日本人吗？	Você é japonês?	CC-BY 2.0 (France) Attribution: tatoeba.org #820939 (tarim222) & #814703 (votuporangano)	ok
露西喜歡打網球。	Lucy gosta de jogar tênis.	CC-BY 2.0 (France) Attribution: tatoeba.org #824570 (Martha) & #869247 (alexmarcelo)	ok
我們什麼時候可以吃？	Quando podemos comer?	CC-BY 2.0 (France) Attribution: tatoeba.org #824584 (Martha) & #1190058 (alexmarcelo)	ok
他是個大男孩。	Ele é um garotão.	CC-BY 2.0 (France) Attribution: tatoeba.org #824647 (Martha) & #5198356 (mymi)	ok
你真的不會游泳嗎？	É verdade que você não sabe nadar?	CC-BY 2.0 (France) Attribution: tatoeba.org #824714 (Martha) & #394338 (brauliobezerra)	ok
我們已經到了。	Chegamos!	CC-BY 2.0 (France) Attribution: tatoeba.org #825155 (Martha) & #6985155 (Ricardo14)	ok
她轉移了視線。	Ela desviou o olhar.	CC-BY 2.0 (France) Attribution: tatoeba.org #825166 (Martha) & #1031543 (kazenochikara)	ok
我認識他。	Eu conheço-o.	CC-BY 2.0 (France) Attribution: tatoeba.org #825892 (Martha) & #950892 (alexmarcelo)	ok
我是個英雄。	Eu sou um herói.	CC-BY 2.0 (France) Attribution: tatoeba.org #826001 (Martha) & #867462 (kazenochikara)	ok
湯姆喜歡游泳。	Tom gosta de nadar.	CC-BY 2.0 (France) Attribution: tatoeba.org #826152 (Martha) & #977980 (alexmarcelo)	ok
我叫他邁克。	Eu o chamo de Mike.	CC-BY 2.0 (France) Attribution: tatoeba.org #826228 (Martha) & #734688 (brauliobezerra)	ok
我喜歡爵士樂。	Eu gosto de jazz.	CC-BY 2.0 (France) Attribution: tatoeba.org #826284 (Martha) & #868844 (alexmarcelo)	ok
我恨你。	Te odeio.	CC-BY 2.0 (France) Attribution: tatoeba.org #827522 (Martha) & #828928 (brauliobezerra)	ok
你知道這是一個問題嗎？	Você sabia que isto é uma pergunta?	CC-BY 2.0 (France) Attribution: tatoeba.org #827545 (Martha) & #907301 (alexmarcelo)	errado
這副眼鏡多少錢？	Quanto custaram os óculos?	CC-BY 2.0 (France) Attribution: tatoeba.org #827570 (Martha) & #828950 (brauliobezerra)	errado
我需要很多書。	Eu preciso de muitos livros.	CC-BY 2.0 (France) Attribution: tatoeba.org #827574 (Martha) & #826361 (brauliobezerra)	ok
是不是你們其中一個人要來這裡重做我才剛做過的？	Algum de vocês quer vir aqui e refazer o que eu acabei de fazer?	CC-BY 2.0 (France) Attribution: tatoeba.org #827604 (Martha) & #879512 (alexmarcelo)	ok
你為什麼哭？	Por que você chorou?	CC-BY 2.0 (France) Attribution: tatoeba.org #828691 (Martha) & #828924 (brauliobezerra)	errado
我养成了9点后不再看电视的习惯。	Eu criei o hábito de não assistir televisão depois das nove.	CC-BY 2.0 (France) Attribution: tatoeba.org #829701 (fucongcong) & #5412139 (Noktuo)	ok
我不喜歡愛麗絲。	Eu não gosto de Alice.	CC-BY 2.0 (France) Attribution: tatoeba.org #832774 (Martha) & #423953 (brauliobezerra)	ok
他沒有孩子。	Ele não tem filhos.	CC-BY 2.0 (France) Attribution: tatoeba.org #832972 (Martha) & #406539 (brauliobezerra)	ok
他常常走路去學校。	Ele frequentemente caminha até a escola.	CC-BY 2.0 (France) Attribution: tatoeba.org #832997 (Martha) & #1845194 (nowasky)	ok
他寫了一封信。	Ele escreveu uma carta.	CC-BY 2.0 (France) Attribution: tatoeba.org #834321 (Martha) & #3438095 (carlosalberto)	ok
昨天他喝了很多。	Ele bebeu muito ontem.	CC-BY 2.0 (France) Attribution: tatoeba.org #834330 (Martha) & #1639465 (franca)	ok
他常常彈吉他。	Ele frequentemente toca violão.	CC-BY 2.0 (France) Attribution: tatoeba.org #834368 (Martha) & #770786 (brauliobezerra)	ok
吉姆是詹姆斯的簡稱。	Jim é a abreviação de James.	CC-BY 2.0 (France) Attribution: tatoeba.org #834587 (Martha) & #899692 (alexmarcelo)	ok
我希望我比較高。	Quem me dera ser mais alta.	CC-BY 2.0 (France) Attribution: tatoeba.org #834625 (Martha) & #1483289 (sugoi)	ok
我每天早上吃早餐。	Eu tomo café da manhã todos os dias.	CC-BY 2.0 (France) Attribution: tatoeba.org #834646 (Martha) & #871109 (alexmarcelo)	ok
我的祖父來自大阪。	O meu avô vem de Osaca.	CC-BY 2.0 (France) Attribution: tatoeba.org #834733 (Martha) & #2626852 (alexmarcelo)	ok
我可以彈鋼琴嗎？	Posso tocar piano?	CC-BY 2.0 (France) Attribution: tatoeba.org #835629 (Martha) & #770638 (brauliobezerra)	ok
不，謝謝你。我吃飽了。	Não, obrigado. Estou cheio.	CC-BY 2.0 (France) Attribution: tatoeba.org #835728 (Martha) & #417850 (brauliobezerra)	ok
伯恩是瑞士首都。	Berna é a capital da Suíça.	CC-BY 2.0 (France) Attribution: tatoeba.org #836236 (Martha) & #4803270 (carlosalberto)	ok
沒有我可以做的事。	Não há nada que eu possa fazer.	CC-BY 2.0 (France) Attribution: tatoeba.org #840515 (Martha) & #1021157 (alexmarcelo)	ok
我是穆斯林。	Sou muçulmana.	CC-BY 2.0 (France) Attribution: tatoeba.org #843358 (U2FS) & #1018068 (alexmarcelo)	errado
我吃面包。	Eu como pão.	CC-BY 2.0 (France) Attribution: tatoeba.org #843482 (fucongcong) & #1148643 (alexmarcelo)	ok
我是伊斯兰教徒。	Sou muçulmana.	CC-BY 2.0 (France) Attribution: tatoeba.org #843916 (U2FS) & #1018068 (alexmarcelo)	errado
比薩是我最喜歡的食物。	Pizza é minha comida favorita.	CC-BY 2.0 (France) Attribution: tatoeba.org #844527 (Martha) & #770636 (brauliobezerra)	ok
我是在北京学习中文的。	Foi em Pequim que eu estudei chinês.	CC-BY 2.0 (France) Attribution: tatoeba.org #844670 (eastasiastudent) & #844816 (brauliobezerra)	ok
我们不是在巴黎认识的。	Não foi em Paris que nos conhecemos.	CC-BY 2.0 (France) Attribution: tatoeba.org #844703 (eastasiastudent) & #844807 (brauliobezerra)	ok
我们城市的动物园又大又新。	O jardim zoológico da nossa cidade é grande e novo.	CC-BY 2.0 (France) Attribution: tatoeba.org #845141 (fucongcong) & #12080379 (FishlandicFishy)	ok
湯姆是個好人。	Tom é uma boa pessoa.	CC-BY 2.0 (France) Attribution: tatoeba.org #845947 (Martha) & #770772 (brauliobezerra)	ok
他買給我一本新字典。	Ele comprou um novo dicionário para mim.	CC-BY 2.0 (France) Attribution: tatoeba.org #845966 (Martha) & #1165872 (carlo)	ok
我不知道她住在哪裡。	Não sei onde ela mora.	CC-BY 2.0 (France) Attribution: tatoeba.org #846106 (Martha) & #942453 (alexmarcelo)	ok
我有一輛新的紅色汽車。	Tenho um novo carro vermelho.	CC-BY 2.0 (France) Attribution: tatoeba.org #846173 (Martha) & #1276934 (alexmarcelo)	ok
我能和你谈谈吗？	Posso falar contigo?	CC-BY 2.0 (France) Attribution: tatoeba.org #846723 (fucongcong) & #990349 (alexmarcelo)	ok
老师没收了一个学生的手机，因为他在课上发短信。	O professor confiscou o celular de um aluno porque esse enviava mensagens de texto durante a aula.	CC-BY 2.0 (France) Attribution: tatoeba.org #847668 (fucongcong) & #4935887 (Noktuo)	ok
如果明天天气好，我们就去野餐。	Se amanhã o tempo estiver bom, nós iremos para um piquenique.	CC-BY 2.0 (France) Attribution: tatoeba.org #847683 (fucongcong) & #4935885 (Noktuo)	ok
她把她的座位让给了一个老人。	Ela cedeu sua cadeira a uma pessoa mais velha.	CC-BY 2.0 (France) Attribution: tatoeba.org #847867 (fucongcong) & #4934866 (Noktuo)	ok
他们认为他胜任不了这项工作。	Eles acham que ela não está à altura do trabalho.	CC-BY 2.0 (France) Attribution: tatoeba.org #847898 (fucongcong) & #4934860 (Noktuo)	errado
他帶珍出去吃晚飯。	Levou Jane para jantar fora.	CC-BY 2.0 (France) Attribution: tatoeba.org #848366 (Martha) & #945134 (alexmarcelo)	ok
他昨天在公園裡散步。	Ele caminhou ontem pelo parque.	CC-BY 2.0 (France) Attribution: tatoeba.org #848760 (Martha) & #1403326 (alexmarcelo)	ok
他把自己藏在門後面。	Ele se escondeu atrás da porta.	CC-BY 2.0 (France) Attribution: tatoeba.org #848913 (Martha) & #381677 (brauliobezerra)	ok
請把這句話翻譯成日文。	Por favor, traduza esta frase para o japonês.	CC-BY 2.0 (France) Attribution: tatoeba.org #850525 (Martha) & #1265910 (alexmarcelo)	ok
她小提琴演奏得非常好。	Ela toca violino muito bem.	CC-BY 2.0 (France) Attribution: tatoeba.org #851475 (Martha) & #3686570 (Rrenato)	ok
我想和你去旅行。	Eu quero viajar com você.	CC-BY 2.0 (France) Attribution: tatoeba.org #851482 (Martha) & #3686573 (Rrenato)	ok
我的母親不會說英語。	Minha mãe não fala inglês.	CC-BY 2.0 (France) Attribution: tatoeba.org #851547 (Martha) & #558365 (Shishir)	ok
這不是一個很有趣的小說。	Este não é um romance muito interessante.	CC-BY 2.0 (France) Attribution: tatoeba.org #852007 (Martha) & #1576086 (elencw)	ok
我的父親買了一輛新車。	Meu pai comprou um carro novo.	CC-BY 2.0 (France) Attribution: tatoeba.org #856381 (Martha) & #1289412 (alexmarcelo)	ok
我会说一点儿苏格兰盖尔语。	Eu falo um pouco de gaélico escocês.	CC-BY 2.0 (France) Attribution: tatoeba.org #857233 (U2FS) & #849053 (marloncori)	ok
开门！	Abre a porta!	CC-BY 2.0 (France) Attribution: tatoeba.org #862207 (U2FS) & #998013 (alexmarcelo)	ok
我父母給我寄了一張明信片。	Meus pais me enviaram um cartão-postal.	CC-BY 2.0 (France) Attribution: tatoeba.org #864296 (Martha) & #864300 (Qt)	ok
所有的罪恶源于金钱的不足	A falta de dinheiro é a raiz de todo mal.	CC-BY 2.0 (France) Attribution: tatoeba.org #864514 (elizabethchan) & #1157471 (ujo)	errado
湯姆比他的母親高。	Tom é mais alto que a mãe dele.	CC-BY 2.0 (France) Attribution: tatoeba.org #865484 (Martha) & #770771 (brauliobezerra)	ok
你可以做到，不是嗎？	Você consegue fazê-lo, não consegue?	CC-BY 2.0 (France) Attribution: tatoeba.org #866165 (Martha) & #756737 (brauliobezerra)	ok
我希望我沒有打擾你。	Eu espero não estar te incomodando.	CC-BY 2.0 (France) Attribution: tatoeba.org #867617 (Martha) & #7826291 (Ricardo14)	ok
湯姆想去日本。	Tom quer ir para o Japão.	CC-BY 2.0 (France) Attribution: tatoeba.org #868084 (Martha) & #756774 (brauliobezerra)	ok
你覺得他怎麼樣?	O que você acha dele?	CC-BY 2.0 (France) Attribution: tatoeba.org #868444 (Martha) & #756845 (brauliobezerra)	ok
这很难。	Isto é difícil.	CC-BY 2.0 (France) Attribution: tatoeba.org #869094 (sadhen) & #869093 (alexmarcelo)	ok
昨天下大雨。	Ontem choveu muito.	CC-BY 2.0 (France) Attribution: tatoeba.org #870126 (Martha) & #1381072 (tulio)	ok
閉上你的眼睛，然後數到十。	Feche os olhos e conte até dez.	CC-BY 2.0 (France) Attribution: tatoeba.org #871040 (Martha) & #871044 (alexmarcelo)	ok
你今天上午看起來很高興。	Você parece muito feliz esta manhã.	CC-BY 2.0 (France) Attribution: tatoeba.org #871207 (Martha) & #4935849 (Noktuo)	ok
湯姆和弗蘭克是好朋友。	Tom e Frank são bons amigos.	CC-BY 2.0 (France) Attribution: tatoeba.org #872188 (Martha) & #1639387 (alexmarcelo)	ok
你昨晚睡得好嗎，史蒂夫？	Você dormiu bem a noite passada, Steve?	CC-BY 2.0 (France) Attribution: tatoeba.org #872195 (Martha) & #873217 (alexmarcelo)	ok
嗨！你好嗎？	Oi! Como vai você?	CC-BY 2.0 (France) Attribution: tatoeba.org #873404 (Martha) & #1473097 (rafael8243)	ok
他們每個星期天上教堂。	Eles vão à igreja todos os domingos.	CC-BY 2.0 (France) Attribution: tatoeba.org #874289 (Martha) & #974271 (alexmarcelo)	ok
由美子是網球俱樂部的成員。	Yumiko é membro do clube de tênis.	CC-BY 2.0 (France) Attribution: tatoeba.org #875115 (Martha) & #959346 (alexmarcelo)	ok
嗨，比爾。你好嗎?	Oi, Bill. Como vai?	CC-BY 2.0 (France) Attribution: tatoeba.org #876420 (Martha) & #393727 (brauliobezerra)	ok
广东与广西之间隔着什么？	O que separa Guangdong de Guangxi?	CC-BY 2.0 (France) Attribution: tatoeba.org #876567 (GlossaMatik) & #877050 (brauliobezerra)	ok
我今天沒有更多的事要做了。	Hoje não tenho nada mais que fazer.	CC-BY 2.0 (France) Attribution: tatoeba.org #878425 (Martha) & #2693801 (carlosalberto)	ok
我还不知道你是那么好厨师。	Eu não sabia que você era um cozinheiro tão bom.	CC-BY 2.0 (France) Attribution: tatoeba.org #878436 (U2FS) & #4959976 (Noktuo)	errado
他睡著了但收音機還開著。	Ele adormeceu com o rádio ligado.	CC-BY 2.0 (France) Attribution: tatoeba.org #879119 (Martha) & #879123 (alexmarcelo)	ok
我知道站在那裡的那個男孩。	Eu conheço o menino parado ali.	CC-BY 2.0 (France) Attribution: tatoeba.org #881522 (Martha) & #881524 (alexmarcelo)	ok
你會待在日本多久？	Por quanto tempo você vai ficar no Japão?	CC-BY 2.0 (France) Attribution: tatoeba.org #881547 (Martha) & #881552 (alexmarcelo)	ok
她在京都沒有很多朋友。	Ela não tem muitos amigos em Quioto.	CC-BY 2.0 (France) Attribution: tatoeba.org #881730 (Martha) & #4586322 (calebante)	ok
從這裡到希爾頓飯店要花多久時間？	Quanto leva para ir daqui até o Hotel Hilton?	CC-BY 2.0 (France) Attribution: tatoeba.org #881825 (Martha) & #881835 (alexmarcelo)	ok
我已經認識她五年了。	Eu a conheço há cinco anos.	CC-BY 2.0 (France) Attribution: tatoeba.org #882980 (Martha) & #882981 (alexmarcelo)	ok
到火車站有多遠？	A que distância fica a estação?	CC-BY 2.0 (France) Attribution: tatoeba.org #883319 (Martha) & #1245176 (Welton)	ok
我不知道這個蛋糕是誰做的。	Não sei quem fez este bolo.	CC-BY 2.0 (France) Attribution: tatoeba.org #884165 (Martha) & #8146535 (zvzuibqx)	ok
她是你媽媽嗎?	Ela é tua mãe?	CC-BY 2.0 (France) Attribution: tatoeba.org #884211 (Martha) & #978513 (alexmarcelo)	ok
很難辨明真品跟膺品。	É difícil distinguir o verdadeiro e o falso.	CC-BY 2.0 (France) Attribution: tatoeba.org #884636 (Tajfun) & #8522809 (Capistrano)	ok
他在下午三點鐘的時候來了。	Ele veio às três da tarde.	CC-BY 2.0 (France) Attribution: tatoeba.org #885396 (Martha) & #885398 (alexmarcelo)	ok
我在冬天出生。	Eu nasci no inverno.	CC-BY 2.0 (France) Attribution: tatoeba.org #887849 (Martha) & #786857 (lenon_perez)	ok
好浪漫啊！	Que romântico!	CC-BY 2.0 (France) Attribution: tatoeba.org #891031 (U2FS) & #729684 (brauliobezerra)	ok
她把雜誌放在桌上。	Ela pôs a revista em cima da mesa.	CC-BY 2.0 (France) Attribution: tatoeba.org #891755 (Martha) & #1408242 (alexmarcelo)	ok
我想和格特‧嘉尼一起死。	Quero morrer com Getter Jaani.	CC-BY 2.0 (France) Attribution: tatoeba.org #892413 (Martha) & #892018 (FernandoMaiaJr)	ok
我喜歡和你在一起。	Eu gosto de estar com você.	CC-BY 2.0 (France) Attribution: tatoeba.org #892908 (Martha) & #892904 (kazenochikara)	ok
它可以在一天之內完成。	Isso pode ser feito em um dia.	CC-BY 2.0 (France) Attribution: tatoeba.org #893493 (Martha) & #1341853 (portella)	ok
她不知道怎麼打高爾夫球。	Ela não sabe jogar golfe.	CC-BY 2.0 (France) Attribution: tatoeba.org #894034 (Martha) & #909407 (alexmarcelo)	ok
我們應該坐下。	Deveríamos nos sentar.	CC-BY 2.0 (France) Attribution: tatoeba.org #894076 (Martha) & #2695749 (hunzerf)	ok
你喜欢下雨吗？	Você gosta da chuva?	CC-BY 2.0 (France) Attribution: tatoeba.org #894324 (Shishir) & #566124 (Shishir)	ok
我叔叔把他的車給了我。	Meu tio me deu o carro dele.	CC-BY 2.0 (France) Attribution: tatoeba.org #894359 (Martha) & #1404222 (alexmarcelo)	ok
在花園裡的玫瑰正盛開著。	As rosas no jardim estão florescendo.	CC-BY 2.0 (France) Attribution: tatoeba.org #895630 (Martha) & #4590048 (isaacandrade)	ok
快來這裡。	Venha cá rápido.	CC-BY 2.0 (France) Attribution: tatoeba.org #897264 (Martha) & #578909 (brauliobezerra)	ok
中国重要的宗教是道教、佛教、伊斯兰教和基督教。	As principais religiões da China são o Taoismo, o Budismo, o Islamismo e o Cristianismo.	CC-BY 2.0 (France) Attribution: tatoeba.org #897971 (eastasiastudent) & #4919456 (carlosalberto)	ok
Tom, 晚餐想吃啥？	Tom, o que você gostaria de comer no jantar?	CC-BY 2.0 (France) Attribution: tatoeba.org #899747 (shanghainese) & #401058 (brauliobezerra)	ok
你想先去哪裡?	Onde você gostaria de ir primeiro?	CC-BY 2.0 (France) Attribution: tatoeba.org #903615 (Martha) & #1006109 (alexmarcelo)	ok
什么是幸福？	O que é a felicidade?	CC-BY 2.0 (France) Attribution: tatoeba.org #915053 (shanghainese) & #405521 (brauliobezerra)	ok
我不飞	Eu não voo.	CC-BY 2.0 (France) Attribution: tatoeba.org #917141 (aye1995) & #8995423 (Akira123)	ok
格雷厄姆格林是我最喜歡的作家。	Graham Greene é meu escritor favorito.	CC-BY 2.0 (France) Attribution: tatoeba.org #917968 (Martha) & #992390 (alexmarcelo)	ok
我是獨生子。	Sou filho único.	CC-BY 2.0 (France) Attribution: tatoeba.org #926769 (Martha) & #886756 (alexmarcelo)	ok
我不知道他活着还是死了。	Não sei se está vivo ou morto.	CC-BY 2.0 (France) Attribution: tatoeba.org #939316 (U2FS) & #939391 (alexmarcelo)	ok
我的妻子在试图睡觉。	Minha mulher está tentando dormir.	CC-BY 2.0 (France) Attribution: tatoeba.org #939776 (U2FS) & #376519 (brauliobezerra)	ok
我買了一本書。	Comprei um livro.	CC-BY 2.0 (France) Attribution: tatoeba.org #941107 (Martha) & #886748 (alexmarcelo)	ok
USB是什么意思？	Que significa USB?	CC-BY 2.0 (France) Attribution: tatoeba.org #958364 (sysko) & #1180589 (alexmarcelo)	ok
我哥哥会开车。	Meu irmão mais velho sabe dirigir.	CC-BY 2.0 (France) Attribution: tatoeba.org #973034 (Shishir) & #1173865 (alexmarcelo)	ok
你喜欢网球吗？	Você gosta de tênis?	CC-BY 2.0 (France) Attribution: tatoeba.org #1012178 (tarim222) & #421903 (brauliobezerra)	ok
我想該買新的相機的時候到了。	Eu acho que é hora de eu comprar uma nova câmera.	CC-BY 2.0 (France) Attribution: tatoeba.org #1020700 (Glossika) & #904674 (alexmarcelo)	ok
您曾经去过威尼斯吗？	Você tinha ido para a Veneza?	CC-BY 2.0 (France) Attribution: tatoeba.org #1050403 (tatomeimei) & #12080304 (FishlandicFishy)	errado
我是老师。	Sou professor.	CC-BY 2.0 (France) Attribution: tatoeba.org #1050441 (tatomeimei) & #1108747 (megamanenm)	ok
学校在哪儿？	Onde fica a escola?	CC-BY 2.0 (France) Attribution: tatoeba.org #1054527 (Shishir) & #1054629 (alexmarcelo)	ok
蘋果在哪裏？	Onde estão as maçãs?	CC-BY 2.0 (France) Attribution: tatoeba.org #1063548 (Zifre) & #1063543 (alexmarcelo)	ok
你同意吗?	Você concorda?	CC-BY 2.0 (France) Attribution: tatoeba.org #1067453 (ArizonaJim) & #579034 (brauliobezerra)	ok
托尼每天都跑步。	Tony corre todo dia.	CC-BY 2.0 (France) Attribution: tatoeba.org #1071015 (funghsu) & #1292751 (alexmarcelo)	ok
父亲示意我离开房间。	Meu pai fez um sinal para que eu deixasse o quarto.	CC-BY 2.0 (France) Attribution: tatoeba.org #1074525 (fucongcong) & #4934837 (Noktuo)	ok
既然我在和我的银行咨询人员谈论我的贷款， 我顺便说一下我妻子的。	Já que eu estava com o consultor do meu banco falando sobre o meu empréstimo, eu aproveitei e falei do da minha esposa.	CC-BY 2.0 (France) Attribution: tatoeba.org #1075179 (sysko) & #5408894 (Noktuo)	ok
如果你会唱歌，那很好。	Seria bom se você soubesse cantar.	CC-BY 2.0 (France) Attribution: tatoeba.org #1083545 (fucongcong) & #4934832 (Noktuo)	errado
你是西班牙人，是不是？	Você é espanhol, não é?	CC-BY 2.0 (France) Attribution: tatoeba.org #1089593 (Shishir) & #1088327 (alexmarcelo)	ok
生日快樂，Shishir。	Feliz aniversário, Shishir!	CC-BY 2.0 (France) Attribution: tatoeba.org #1112443 (Zifre) & #1110950 (alexmarcelo)	ok
他们不累。	Eles não estão cansados.	CC-BY 2.0 (France) Attribution: tatoeba.org #1120763 (cntrational) & #1318815 (bufo)	ok
这个女孩子在喝茶。	A menina está tomando chá.	CC-BY 2.0 (France) Attribution: tatoeba.org #1130853 (sadhen) & #1130851 (alexmarcelo)	ok
他是我最好的朋友。	Ele é meu melhor amigo.	CC-BY 2.0 (France) Attribution: tatoeba.org #1132233 (nickyeow) & #731667 (cruzedu73)	ok
我不会游泳。	Eu não sei nadar.	CC-BY 2.0 (France) Attribution: tatoeba.org #1140349 (Shishir) & #1140343 (alexmarcelo)	ok
电脑是新的。	O computador é novo.	CC-BY 2.0 (France) Attribution: tatoeba.org #1144001 (Shishir) & #404863 (brauliobezerra)	ok
她是日本人。	Ela é japonesa.	CC-BY 2.0 (France) Attribution: tatoeba.org #1163569 (cntrational) & #4692685 (Ricardo14)	ok
他喜欢唱歌，也喜欢跳舞。	Ele gosta de cantar e dançar.	CC-BY 2.0 (France) Attribution: tatoeba.org #1173213 (eastasiastudent) & #1177948 (Shishir)	ok
为什么你学世界语？	Por que você aprende Esperanto?	CC-BY 2.0 (France) Attribution: tatoeba.org #1173473 (Vortarulo) & #1145491 (tulio)	ok
我的妹妹有名。	Minha irmã é famosa.	CC-BY 2.0 (France) Attribution: tatoeba.org #1176883 (treskro3) & #635159 (Vincent_Mazzo)	ok
这只狗是红色的。	O cachorro é vermelho.	CC-BY 2.0 (France) Attribution: tatoeba.org #1177988 (Shishir) & #1177982 (Shishir)	ok
聽説你不來。	Ouvi dizer que você não vem.	CC-BY 2.0 (France) Attribution: tatoeba.org #1178844 (treskro3) & #12549728 (Luguero)	ok
她有兩個叔叔；一個住在京都，一個住在大阪。	Ela tem dois tios; um vive em Quioto e o outro em Osaka.	CC-BY 2.0 (France) Attribution: tatoeba.org #1182735 (treskro3) & #948857 (alexmarcelo)	ok
天氣很冷。	Está muito frio.	CC-BY 2.0 (France) Attribution: tatoeba.org #1184105 (treskro3) & #995216 (alexmarcelo)	ok
你们在找什么？	Que estão procurando?	CC-BY 2.0 (France) Attribution: tatoeba.org #1188965 (Shishir) & #1188946 (alexmarcelo)	ok
他有一个鸡蛋，他在吃鸡蛋。	Ele tem um ovo e o está comendo.	CC-BY 2.0 (France) Attribution: tatoeba.org #1192409 (sadhen) & #2597839 (alexmarcelo)	ok
这个男人在吃面包。	O homem está comendo pão.	CC-BY 2.0 (France) Attribution: tatoeba.org #1192410 (sadhen) & #1276867 (alexmarcelo)	ok
这个男孩子在吃面包。	O garoto está comendo pão.	CC-BY 2.0 (France) Attribution: tatoeba.org #1192411 (sadhen) & #4944929 (Noktuo)	ok
这只猫在吃东西。	O gato está comendo.	CC-BY 2.0 (France) Attribution: tatoeba.org #1192413 (sadhen) & #1587238 (alexmarcelo)	ok
有人在吃东西。	Alguém está comendo alguma coisa.	CC-BY 2.0 (France) Attribution: tatoeba.org #1192415 (sadhen) & #4944927 (Noktuo)	ok
她不是小孩。	Ele não é uma criança.	CC-BY 2.0 (France) Attribution: tatoeba.org #1192429 (sadhen) & #2993661 (hayastan)	errado
我爱她。	Eu a amo.	CC-BY 2.0 (France) Attribution: tatoeba.org #1192448 (dandan4doris) & #1189907 (alexmarcelo)	ok
我真的很想去参加聚会，但是不能。	Eu queria muito ir à festa, mas não pude.	CC-BY 2.0 (France) Attribution: tatoeba.org #1193313 (dandan4doris) & #1192161 (alexmarcelo)	errado
我吃水果、喝水。	Como frutas e bebo água.	CC-BY 2.0 (France) Attribution: tatoeba.org #1227034 (tsayng) & #1180157 (lazymoose)	ok
有時候，我還是會想起她。	Eu ainda penso nela de vez em quando.	CC-BY 2.0 (France) Attribution: tatoeba.org #1227124 (tsayng) & #918240 (alexmarcelo)	ok
這是第一次。	Essa é a primeira vez.	CC-BY 2.0 (France) Attribution: tatoeba.org #1227135 (tsayng) & #386071 (brauliobezerra)	ok
世界上有10种人：懂二进制的人和不懂二进制的人。	Há 10 tipos de pessoas no mundo: aquelas que entendem binário e aquelas que não entendem.	CC-BY 2.0 (France) Attribution: tatoeba.org #1233202 (sadhen) & #417809 (brauliobezerra)	ok
這場會議很重要，不要錯過了！	Esta conferência é muito importante, não vá perdê-la!	CC-BY 2.0 (France) Attribution: tatoeba.org #1236341 (tsayng) & #4933754 (Noktuo)	ok
愛不過是發明。	O amor é só uma invenção.	CC-BY 2.0 (France) Attribution: tatoeba.org #1236377 (tsayng) & #1536904 (alexmarcelo)	ok
那是小李的书。	Este livro é de Xiaoli.	CC-BY 2.0 (France) Attribution: tatoeba.org #1245276 (eastasiastudent) & #2676771 (hunzerf)	errado
终于到周末了。	Finalmente chegou o fim de semana.	CC-BY 2.0 (France) Attribution: tatoeba.org #1249212 (Tsetseg) & #12774499 (Luguero)	ok
圖書館裡有很多書。	Há muitos livros na biblioteca.	CC-BY 2.0 (France) Attribution: tatoeba.org #1260555 (egg0073) & #1290630 (paula_guisard)	ok
她唱歌唱得很好聽。	Ela canta muito bem.	CC-BY 2.0 (France) Attribution: tatoeba.org #1269865 (nickyeow) & #1200434 (Ricardo14)	ok
那是个谎话。	Isto é uma mentira.	CC-BY 2.0 (France) Attribution: tatoeba.org #1278518 (Vortarulo) & #5409051 (Noktuo)	errado
我没有四个姐妹。	Não tenho quatro irmãs.	CC-BY 2.0 (France) Attribution: tatoeba.org #1278683 (Shishir) & #1278681 (Shishir)	ok
现在你别夸张了。	Não exagere agora.	CC-BY 2.0 (France) Attribution: tatoeba.org #1302424 (shanghainese) & #5412511 (Noktuo)	ok
泰国的官方语言是泰语。	A língua oficial da Tailândia é o tailandês.	CC-BY 2.0 (France) Attribution: tatoeba.org #1314136 (vicch) & #880695 (alexmarcelo)	ok
我感觉你不是很热。	Eu não acho que você está tão quente.	CC-BY 2.0 (France) Attribution: tatoeba.org #1314160 (vicch) & #12080408 (FishlandicFishy)	errado
他的祖国是德国。	Sua pátria é a Alemanha.	CC-BY 2.0 (France) Attribution: tatoeba.org #1314196 (vicch) & #1554793 (alexmarcelo)	ok
我走着去工作比坐车快。	Posso ir mais depressa ao meu trabalho a pé do que de carro.	CC-BY 2.0 (France) Attribution: tatoeba.org #1314214 (vicch) & #3076315 (ruj)	ok
这件事我算是都不了解。	Isso é algo que eu não entendo.	CC-BY 2.0 (France) Attribution: tatoeba.org #1315019 (shanghainese) & #4712507 (anthrax26)	errado
他常常坐着看书一连好几个小时。	Ele se senta para ler livros por muitas horas consecutivas com frequência.	CC-BY 2.0 (France) Attribution: tatoeba.org #1316016 (sadhen) & #4944916 (Noktuo)	ok
额外费用不包括在内。	Despesas extras não estão incluídas.	CC-BY 2.0 (France) Attribution: tatoeba.org #1323339 (vicch) & #5416704 (Noktuo)	ok
我们晚饭吃什么？	O que teremos para o jantar?	CC-BY 2.0 (France) Attribution: tatoeba.org #1323692 (vicch) & #4931644 (Noktuo)	ok
男孩还是女孩？	É menino ou menina?	CC-BY 2.0 (France) Attribution: tatoeba.org #1330015 (vicch) & #5198354 (mymi)	ok
你是我妈妈。	Você é a minha mãe.	CC-BY 2.0 (France) Attribution: tatoeba.org #1342264 (Shishir) & #1343203 (alexmarcelo)	ok
Mario是義大利的公民 。	Mario é um cidadão italiano.	CC-BY 2.0 (France) Attribution: tatoeba.org #1353321 (egg0073) & #875775 (alexmarcelo)	ok
肉还是鱼？	Carne ou peixe?	CC-BY 2.0 (France) Attribution: tatoeba.org #1358670 (sadhen) & #1172913 (lazymoose)	ok
我们学习音乐。	Nós estudamos música.	CC-BY 2.0 (France) Attribution: tatoeba.org #1358711 (sadhen) & #404329 (brauliobezerra)	ok
他不存在。	Ele não existe.	CC-BY 2.0 (France) Attribution: tatoeba.org #1361960 (sadhen) & #10166395 (DavidDias)	ok
度假愉快！	Aproveite suas férias.	CC-BY 2.0 (France) Attribution: tatoeba.org #1363636 (tsayng) & #579065 (brauliobezerra)	ok
我做了一个奇怪的梦。	Tive um sonho estranho.	CC-BY 2.0 (France) Attribution: tatoeba.org #1372552 (sadhen) & #376759 (brauliobezerra)	ok
我没注意。	Eu não prestei atenção.	CC-BY 2.0 (France) Attribution: tatoeba.org #1383801 (fucongcong) & #4934825 (Noktuo)	ok
這封信在信封內。	A carta está dentro do envelope.	CC-BY 2.0 (France) Attribution: tatoeba.org #1388187 (Zifre) & #1207011 (alexmarcelo)	ok
他的急脾气迟早会惹祸上身。	Seu temperamento explosivo mais cedo ou mais tarde vai lhe trazer problemas.	CC-BY 2.0 (France) Attribution: tatoeba.org #1397031 (mtdot) & #5438814 (Noktuo)	ok
饶了我吧！	Me deixa!	CC-BY 2.0 (France) Attribution: tatoeba.org #1397313 (mtdot) & #5408948 (Noktuo)	errado
我連親也沒有親過她一下。	Eu nem sequer a beijei.	CC-BY 2.0 (France) Attribution: tatoeba.org #1398668 (nickyeow) & #10790145 (megamanenm)	ok
他能讲流利的日语。	Ele é fluente em japonês.	CC-BY 2.0 (France) Attribution: tatoeba.org #1408049 (wangzi0921) & #882239 (alexmarcelo)	ok
这就是我每天都会在火车上看见的那个男人。	Este é o homem que eu vejo no trem todos os dias.	CC-BY 2.0 (France) Attribution: tatoeba.org #1409093 (wangzi0921) & #340350 (tinacalysto)	ok
她用一把刀杀死了他。	Ela o matou com uma faca.	CC-BY 2.0 (France) Attribution: tatoeba.org #1409339 (wangzi0921) & #891208 (alexmarcelo)	ok
7点我出发去学校。	Vou à escola às sete.	CC-BY 2.0 (France) Attribution: tatoeba.org #1409362 (wangzi0921) & #1054643 (alexmarcelo)	ok
还剩下几个三明治?	Quantos sanduíches ainda tem?	CC-BY 2.0 (France) Attribution: tatoeba.org #1409371 (wangzi0921) & #417990 (brauliobezerra)	ok
他比我年轻。	Você é mais jovem que eu.	CC-BY 2.0 (France) Attribution: tatoeba.org #1415765 (sadhen) & #5479975 (Noktuo)	errado
我非常喜欢英语。	Eu gosto muito de inglês.	CC-BY 2.0 (France) Attribution: tatoeba.org #1417548 (sadhen) & #375196 (brauliobezerra)	ok
一天有二十四个小时。	Um dia tem vinte e quatro horas.	CC-BY 2.0 (France) Attribution: tatoeba.org #1417581 (sadhen) & #1167373 (alexmarcelo)	ok
战争即和平，自由即奴役，无知即力量。	Guerra é paz. Liberdade é escravidão. Ignorância é força.	CC-BY 2.0 (France) Attribution: tatoeba.org #1423391 (sadhen) & #1576799 (nancy)	ok
这条规则不是任何情况下都奏效的。	Esta regra não se aplica em todos os casos.	CC-BY 2.0 (France) Attribution: tatoeba.org #1424167 (sadhen) & #5412434 (Noktuo)	ok
我准备晚餐。	Eu preparo o jantar.	CC-BY 2.0 (France) Attribution: tatoeba.org #1424176 (sadhen) & #1918001 (alexmarcelo)	ok
他敲门。	Ele bateu à porta.	CC-BY 2.0 (France) Attribution: tatoeba.org #1433854 (Balamax) & #1433826 (nancy)	ok
他喜歡茶。	Ele gosta de chá.	CC-BY 2.0 (France) Attribution: tatoeba.org #1436794 (egg0073) & #1118826 (alexmarcelo)	ok
這則謠言令人信以為真。	Acredita-se que o rumor seja verdade.	CC-BY 2.0 (France) Attribution: tatoeba.org #1438727 (tim1452) & #1183723 (paula_guisard)	ok
我們是好朋友。	Somos bons amigos.	CC-BY 2.0 (France) Attribution: tatoeba.org #1441661 (egg0073) & #1190026 (alexmarcelo)	ok
我想访问韩国。	Eu quero visitar a Coréia.	CC-BY 2.0 (France) Attribution: tatoeba.org #1446885 (asosan) & #1602963 (JaqueSo)	ok
我觉得汤姆今年不会毕业。	Eu sinto que o Tom não irá se graduar este ano.	CC-BY 2.0 (France) Attribution: tatoeba.org #1448902 (sirpoot) & #1584729 (elencw)	ok
他开始说英语了。	Ele começou a falar inglês.	CC-BY 2.0 (France) Attribution: tatoeba.org #1450403 (asosan) & #381696 (brauliobezerra)	ok
我想學跳舞。	Quero aprender a dançar.	CC-BY 2.0 (France) Attribution: tatoeba.org #1455143 (nickyeow) & #1139836 (vekiano)	ok
你的谎言像报纸一样！	Suas mentiras são como os jornais!	CC-BY 2.0 (France) Attribution: tatoeba.org #1467050 (sadhen) & #12080421 (FishlandicFishy)	ok
今天是我的生日。	Hoje é meu aniversário.	CC-BY 2.0 (France) Attribution: tatoeba.org #1480125 (egg0073) & #985110 (alexmarcelo)	ok
加油！	Se esforce!	CC-BY 2.0 (France) Attribution: tatoeba.org #1501769 (fenfang557) & #729379 (lenon_perez)	ok
到目前为止，你认为你阅读过多少书籍？	Quantos livros você pensa ter lido até agora?	CC-BY 2.0 (France) Attribution: tatoeba.org #1505473 (fenfang557) & #1175000 (alexmarcelo)	ok
他是義大利人。	Ele é italiano.	CC-BY 2.0 (France) Attribution: tatoeba.org #1509457 (egg0073) & #974564 (alexmarcelo)	ok
我喜歡學中文和英文。	Eu gosto de aprender chinês e inglês.	CC-BY 2.0 (France) Attribution: tatoeba.org #1511039 (egg0073) & #1510649 (alexmarcelo)	ok
那个男人年纪很大。	O homem é velho.	CC-BY 2.0 (France) Attribution: tatoeba.org #1516457 (gonnastop) & #1567942 (alexmarcelo)	ok
会议一直开到五点。	A reunião durou até as cinco.	CC-BY 2.0 (France) Attribution: tatoeba.org #1517480 (gonnastop) & #1553164 (alexmarcelo)	ok
我去把門關了好嗎?	Fecho a porta?	CC-BY 2.0 (France) Attribution: tatoeba.org #1531670 (cc_neko) & #1236405 (alexmarcelo)	ok
我非常喜歡它.	Eu gosto muito disso.	CC-BY 2.0 (France) Attribution: tatoeba.org #1535882 (jacquiceung) & #340624 (tinacalysto)	ok
安静吧！	Calma!	CC-BY 2.0 (France) Attribution: tatoeba.org #1541680 (menyo) & #1198176 (alexmarcelo)	ok
我马上就认出了他。	Eu o reconheci imediatamente.	CC-BY 2.0 (France) Attribution: tatoeba.org #1565718 (GlossaMatik) & #11085160 (bill)	ok
我们的婴儿出生得健康。	Nosso bebê nasceu saudável.	CC-BY 2.0 (France) Attribution: tatoeba.org #1567595 (Max_Hydrogen) & #1292888 (alexmarcelo)	ok
要想学好中文，就应该多跟中国人交流。	Se você quer estudar chinês bem, deveria se comunicar com chineses mais frequentemente.	CC-BY 2.0 (France) Attribution: tatoeba.org #1579952 (trieuho) & #1571245 (alexmarcelo)	ok
我收到了朋友的一封信。	Recebi uma carta de um amigo.	CC-BY 2.0 (France) Attribution: tatoeba.org #1582769 (GlossaMatik) & #869230 (alexmarcelo)	ok
两个女人唱着歌。	Duas mulheres cantam.	CC-BY 2.0 (France) Attribution: tatoeba.org #1586819 (Shishir) & #1588296 (nancy)	errado
何不送给她一些花?	Por que você não lhe dá algumas flores?	CC-BY 2.0 (France) Attribution: tatoeba.org #1586913 (trieuho) & #1588815 (alexmarcelo)	ok
我不喜欢巧克力。	Eu não gosto de chocolate.	CC-BY 2.0 (France) Attribution: tatoeba.org #1589511 (qana) & #1592017 (alexmarcelo)	ok
你們呢？	E vocês?	CC-BY 2.0 (France) Attribution: tatoeba.org #1623187 (egg0073) & #1197518 (alexmarcelo)	ok
告訴我發生了什麼事。	Conta-me o que aconteceu.	CC-BY 2.0 (France) Attribution: tatoeba.org #1639547 (cienias) & #1644677 (alexmarcelo)	ok
我的兄弟買了電子吉他。	O meu irmão comprou uma guitarra elétrica.	CC-BY 2.0 (France) Attribution: tatoeba.org #1639567 (cienias) & #1462017 (sugoi)	ok
好喝嗎？	É bom?	CC-BY 2.0 (France) Attribution: tatoeba.org #1644468 (fengli) & #4818489 (Ricardo14)	errado
你今天要做什麼？	O que você quer fazer hoje?	CC-BY 2.0 (France) Attribution: tatoeba.org #1647223 (fengli) & #1613441 (alexmarcelo)	errado
他把感冒传染给我了。	Ele me passou um resfriado.	CC-BY 2.0 (France) Attribution: tatoeba.org #1659792 (vicch) & #880982 (alexmarcelo)	ok
她是日本人嗎？	Ela é japonesa?	CC-BY 2.0 (France) Attribution: tatoeba.org #1671358 (egg0073) & #1331115 (brauliobezerra)	ok
他很有钱，但不幸福。	Ele é muito rico, mas não é feliz.	CC-BY 2.0 (France) Attribution: tatoeba.org #1672002 (sadhen) & #4933688 (Noktuo)	ok
有人说英语吗？	Há alguém que fale inglês?	CC-BY 2.0 (France) Attribution: tatoeba.org #1691743 (sadhen) & #1137871 (jdonnarumma)	ok
是谁在读？	Quem está lendo?	CC-BY 2.0 (France) Attribution: tatoeba.org #1694985 (sadhen) & #869046 (alexmarcelo)	ok
一百年被叫做一个世纪。	Cem anos se chamam um século.	CC-BY 2.0 (France) Attribution: tatoeba.org #1695405 (Venki) & #1701072 (alexmarcelo)	ok
他是一个生物学家。	Ele é biólogo.	CC-BY 2.0 (France) Attribution: tatoeba.org #1706402 (sadhen) & #1132748 (alexmarcelo)	ok
她是我的初恋。	Ela é o meu primeiro amor.	CC-BY 2.0 (France) Attribution: tatoeba.org #1709122 (ashulga) & #1470073 (alexmarcelo)	ok
6的4倍是多少?	Quanto é seis vezes quatro?	CC-BY 2.0 (France) Attribution: tatoeba.org #1738296 (sadhen) & #4931718 (Noktuo)	ok
除了英文，他還說德文。	Além de inglês, ele fala alemão.	CC-BY 2.0 (France) Attribution: tatoeba.org #1740818 (egg0073) & #7902939 (piterkeo)	ok
我教中文。	Ensino chinês.	CC-BY 2.0 (France) Attribution: tatoeba.org #1746084 (sadhen) & #438206 (iskander)	ok
这个故事是真的。	Esta história é verdadeira.	CC-BY 2.0 (France) Attribution: tatoeba.org #1749767 (sadhen) & #1311580 (alexmarcelo)	ok
你知道问题在哪里。	Você sabe onde está o problema.	CC-BY 2.0 (France) Attribution: tatoeba.org #1753077 (sadhen) & #1966167 (Matheus)	ok
別哭。	Não chore.	CC-BY 2.0 (France) Attribution: tatoeba.org #1762935 (nickyeow) & #1048412 (brauliobezerra)	ok
他告诉过我他会去威尼斯。	Ele me disse que iria para Veneza.	CC-BY 2.0 (France) Attribution: tatoeba.org #1778255 (sadhen) & #418147 (brauliobezerra)	ok
我不同意他。	Eu não concordo com ele.	CC-BY 2.0 (France) Attribution: tatoeba.org #1778258 (sadhen) & #418149 (brauliobezerra)	ok
他不知道自己是不是真的想這樣做。	Ele não tem certeza se quer fazer isso.	CC-BY 2.0 (France) Attribution: tatoeba.org #1780716 (nickyeow) & #2815004 (MarlonX19)	ok
这些鞋子太紧了，伤脚。	Estes sapatos são muito apertados, machucam os pés.	CC-BY 2.0 (France) Attribution: tatoeba.org #1783815 (sadhen) & #4935912 (Noktuo)	ok
我爷爷喜欢步行。	Meu avô gosta de caminhar.	CC-BY 2.0 (France) Attribution: tatoeba.org #1786027 (sadhen) & #405355 (brauliobezerra)	ok
热情具有传染性。	O entusiasmo é contagioso.	CC-BY 2.0 (France) Attribution: tatoeba.org #1788036 (sadhen) & #2149346 (alexmarcelo)	ok
他们吃很多米饭。	Eles comem muito arroz.	CC-BY 2.0 (France) Attribution: tatoeba.org #1788049 (sadhen) & #1652679 (Ricardo14)	ok
番茄是蔬菜而不是水果。	O tomate é um legume, não uma fruta.	CC-BY 2.0 (France) Attribution: tatoeba.org #1788075 (sadhen) & #2576836 (Matheus)	ok
我不喜歡用谷歌翻譯。	Não gosto de usar o Google Tradutor.	CC-BY 2.0 (France) Attribution: tatoeba.org #1790204 (menyo) & #1789205 (alexmarcelo)	ok
他有一只狗。	Ele tem um cachorro.	CC-BY 2.0 (France) Attribution: tatoeba.org #1801131 (Shishir) & #654803 (Shishir)	ok
我们能拯救这颗星球吗？	Podemos salvar o planeta?	CC-BY 2.0 (France) Attribution: tatoeba.org #1808258 (sadhen) & #1810410 (alexmarcelo)	ok
我总是饿了。	Eu sempre estou com fome.	CC-BY 2.0 (France) Attribution: tatoeba.org #1819543 (wyodoodoyw) & #1030944 (Celio)	ok
我们知道他们是谁。	Sabemos quem são.	CC-BY 2.0 (France) Attribution: tatoeba.org #1833697 (Shishir) & #1829807 (alexmarcelo)	ok
你是學生。	Você é um estudante.	CC-BY 2.0 (France) Attribution: tatoeba.org #1865769 (egg0073) & #10055811 (Ricardo14)	ok
你什么都没说。	Você não disse nada.	CC-BY 2.0 (France) Attribution: tatoeba.org #1867401 (sixtynine) & #4931660 (Noktuo)	ok
我的母语是日语。	Minha língua materna é o japonês.	CC-BY 2.0 (France) Attribution: tatoeba.org #1872248 (fercheung) & #957907 (alexmarcelo)	ok
你爱谁？	Quem você ama?	CC-BY 2.0 (France) Attribution: tatoeba.org #1880459 (fercheung) & #1571266 (alexmarcelo)	ok
一个足球队由十一个球员组成。	Uma equipe de futebol consiste de onze jogadores.	CC-BY 2.0 (France) Attribution: tatoeba.org #1881095 (sadhen) & #737196 (cruzedu73)	ok
老师也会犯错。	Os professores também cometem erros.	CC-BY 2.0 (France) Attribution: tatoeba.org #1883018 (sadhen) & #5109452 (bill)	ok
黑猫在吃白鼠	O gato preto está comendo o rato branco.	CC-BY 2.0 (France) Attribution: tatoeba.org #1888699 (Venki) & #9406744 (phcavelar)	ok
我爱我的女儿。	Eu amo a minha filha.	CC-BY 2.0 (France) Attribution: tatoeba.org #1890391 (Shishir) & #1869787 (alexmarcelo)	ok
秘鲁是排在巴西和阿根廷之后的南美第三大国家。	O Peru é o terceiro maior país da América do Sul depois do Brasil e da Argentina.	CC-BY 2.0 (France) Attribution: tatoeba.org #1899398 (fercheung) & #1815669 (alexmarcelo)	ok
你很漂亮.	Você é bela.	CC-BY 2.0 (France) Attribution: tatoeba.org #1928569 (EDOBEAR) & #1199955 (alexmarcelo)	ok
他被批准早退。	Ele recebeu permissão para sair mais cedo.	CC-BY 2.0 (France) Attribution: tatoeba.org #1928606 (EDOBEAR) & #5435794 (Noktuo)	ok
给我！	Me dê.	CC-BY 2.0 (France) Attribution: tatoeba.org #1943919 (LanguageExpert) & #5200194 (mymi)	ok
我丢了我的帽子。	Perdi o meu chapéu.	CC-BY 2.0 (France) Attribution: tatoeba.org #1958174 (bigfatpanda) & #1974205 (Ricardo14)	ok
我明天要跟你去圖書館。	Eu irei à biblioteca com você amanhã.	CC-BY 2.0 (France) Attribution: tatoeba.org #1959136 (egg0073) & #4810057 (Ricardo14)	ok
我是芬蘭人。	Sou finlandês.	CC-BY 2.0 (France) Attribution: tatoeba.org #1959886 (egg0073) & #3742370 (Ricardo14)	ok
我想跳舞。	Quero dançar.	CC-BY 2.0 (France) Attribution: tatoeba.org #1962854 (Kiwi) & #1348910 (alexmarcelo)	ok
你要对结果负责。	Você é responsável pelos resultados.	CC-BY 2.0 (France) Attribution: tatoeba.org #2004698 (sadhen) & #403890 (brauliobezerra)	ok
我不认为她很在意。	Eu não acho que ela se importe muito.	CC-BY 2.0 (France) Attribution: tatoeba.org #2007047 (sadhen) & #4933690 (Noktuo)	ok
我不知道她想不想和我一起去。	Não sei se ela quer ir comigo.	CC-BY 2.0 (France) Attribution: tatoeba.org #2029298 (ydcok) & #2397923 (Ricardo14)	ok
这湖里有许多鱼。	Há muitos peixes no lago.	CC-BY 2.0 (France) Attribution: tatoeba.org #2029376 (ydcok) & #4225281 (carloseperola)	ok
一旦养成坏习惯，就很难改过来。	Uma vez cultivado um mau hábito, então já é muito difícil corrigi-lo.	CC-BY 2.0 (France) Attribution: tatoeba.org #2029411 (ydcok) & #5412135 (Noktuo)	ok
我每天都说英语。	Falo inglês todos os dias.	CC-BY 2.0 (France) Attribution: tatoeba.org #2030788 (sadhen) & #1001695 (alexmarcelo)	ok
我完全不懂德语。	Não entendo absolutamente nada de alemão.	CC-BY 2.0 (France) Attribution: tatoeba.org #2032287 (ydcok) & #1542830 (alexmarcelo)	ok
柏林是德国城市。	Berlim é uma cidade alemã.	CC-BY 2.0 (France) Attribution: tatoeba.org #2052152 (sadhen) & #1656946 (alexmarcelo)	ok
实际上他根本没有去考试。	Na verdade ele nem mesmo fez a prova.	CC-BY 2.0 (France) Attribution: tatoeba.org #2076269 (User5120) & #1174801 (paula_guisard)	ok
他的年收入比他兄弟多。	O seu rendimento anual é maior do que o do seu irmão.	CC-BY 2.0 (France) Attribution: tatoeba.org #2078398 (User5120) & #438204 (iskander)	ok
我爸爸把一个坏椅子修好了。	Meu pai consertou uma cadeira quebrada.	CC-BY 2.0 (France) Attribution: tatoeba.org #2078509 (User5120) & #1289413 (alexmarcelo)	ok
那對他依然奏效。	Isto ainda é válido para ele.	CC-BY 2.0 (France) Attribution: tatoeba.org #2140009 (uhasan) & #5412432 (Noktuo)	errado
我來自贊比亞。	Eu sou da Zâmbia.	CC-BY 2.0 (France) Attribution: tatoeba.org #2140044 (uhasan) & #378188 (brauliobezerra)	ok
别着急，我们马上就来。	Não se preocupe, estamos a caminho.	CC-BY 2.0 (France) Attribution: tatoeba.org #2165608 (faraway9911) & #1143312 (alexmarcelo)	ok
不懂。	Não entendo.	CC-BY 2.0 (France) Attribution: tatoeba.org #2182379 (shanghainese) & #1617641 (alexmarcelo)	ok
他愚蠢且荒谬。	Ele é tolo e absurdo.	CC-BY 2.0 (France) Attribution: tatoeba.org #2188423 (sadhen) & #12080399 (FishlandicFishy)	ok
你很美, 甚至不必使用化妝品。	Você é tão bonita ao ponto de não precisar de maquiagem.	CC-BY 2.0 (France) Attribution: tatoeba.org #2188442 (sadhen) & #4933761 (Noktuo)	ok
小人物同样可以创造历史。	Pequenos povos também podem fazer história.	CC-BY 2.0 (France) Attribution: tatoeba.org #2192125 (sadhen) & #2192127 (acbarbosa)	errado
我是猫。	Sou um gato.	CC-BY 2.0 (France) Attribution: tatoeba.org #2195322 (linzilyu) & #2418054 (MarlonX19)	ok
我爱吃哈密瓜。	Eu adoro comer melão.	CC-BY 2.0 (France) Attribution: tatoeba.org #2196046 (acbarbosa) & #2196045 (acbarbosa)	errado
他们七年前在西班牙认识的。	Eles se conheceram na Espanha há sete anos.	CC-BY 2.0 (France) Attribution: tatoeba.org #2200475 (johannjunge) & #8455665 (bill)	ok
火车票贵吗？	As passagens de trem são caras?	CC-BY 2.0 (France) Attribution: tatoeba.org #2202352 (GlossaMatik) & #4144990 (KimiP)	ok
你记住他的电话号码没有？	Você se lembra do número de telefone dele?	CC-BY 2.0 (France) Attribution: tatoeba.org #2220828 (joulin) & #981306 (une_monica)	ok
可以。	Está bom.	CC-BY 2.0 (France) Attribution: tatoeba.org #2265425 (shanghainese) & #5995167 (Thai)	ok
你经常去教堂吗？	Você vai sempre à igreja?	CC-BY 2.0 (France) Attribution: tatoeba.org #2336006 (anndiana) & #987326 (alexmarcelo)	ok
我的老师开车把我送回了家。	Meu professor me levou de volta pra casa de carro.	CC-BY 2.0 (France) Attribution: tatoeba.org #2336772 (anndiana) & #4959980 (Noktuo)	ok
她帮助了他。	Ela o ajudou.	CC-BY 2.0 (France) Attribution: tatoeba.org #2337126 (anndiana) & #891281 (alexmarcelo)	ok
Einstein认为自己是一个哲学家。	Einstein se considerava um filósofo.	CC-BY 2.0 (France) Attribution: tatoeba.org #2338613 (anndiana) & #972859 (alexmarcelo)	ok
我要在这里呆到后天。	Vou ficar aqui até depois de amanhã.	CC-BY 2.0 (France) Attribution: tatoeba.org #2338681 (anndiana) & #1234924 (alexmarcelo)	ok
和纽约的那些摩天高楼相比，这座建筑显得很小。	Os prédios são pequenos em comparação com os arranha-céus de Nova York.	CC-BY 2.0 (France) Attribution: tatoeba.org #2338723 (anndiana) & #405399 (brauliobezerra)	errado
巴西人为他感到骄傲。	As pessoas no Brasil estavam orgulhosas dele.	CC-BY 2.0 (France) Attribution: tatoeba.org #2338725 (anndiana) & #375152 (brauliobezerra)	errado
咖啡還是茶？	Café ou chá?	CC-BY 2.0 (France) Attribution: tatoeba.org #2347106 (egg0073) & #1201251 (alexmarcelo)	ok
你睡觉吗？	Você está dormindo?	CC-BY 2.0 (France) Attribution: tatoeba.org #2357582 (anndiana) & #1163383 (tulio)	errado
那个在弹钢琴的女孩是我的妹妹。	A menina que toca piano é minha irmã.	CC-BY 2.0 (France) Attribution: tatoeba.org #2357589 (anndiana) & #1075688 (alexmarcelo)	ok
罗马是世界的首都。	Roma é a capital do mundo.	CC-BY 2.0 (France) Attribution: tatoeba.org #2363176 (User5120) & #1331941 (alexmarcelo)	ok
他站在他母亲的后面。	Ele ficou atrás da mãe dele.	CC-BY 2.0 (France) Attribution: tatoeba.org #2364529 (anndiana) & #381608 (brauliobezerra)	ok
他不经常来学校。	Ele frequentemente não vem para a escola.	CC-BY 2.0 (France) Attribution: tatoeba.org #2364550 (anndiana) & #1488142 (brauliobezerra)	errado
我决定顺便去看望看望他。	Eu decidi aproveitar e ir visitar ele.	CC-BY 2.0 (France) Attribution: tatoeba.org #2367633 (GlossaMatik) & #5408877 (Noktuo)	ok
据我所知，他是个诚实的人。	Pelo que eu sei, ele é honesto.	CC-BY 2.0 (France) Attribution: tatoeba.org #2390188 (anndiana) & #1571773 (alexmarcelo)	ok
你对你的父母撒过谎吗？	Você mentiu aos seus pais?	CC-BY 2.0 (France) Attribution: tatoeba.org #2390194 (anndiana) & #1775736 (alexmarcelo)	ok
我会说一点点日语。	Eu sei falar um pouquinho de japonês.	CC-BY 2.0 (France) Attribution: tatoeba.org #2393700 (fenfang557) & #2550628 (alexmarcelo)	ok
你的父亲几岁了？	Quantos anos tem o seu pai?	CC-BY 2.0 (France) Attribution: tatoeba.org #2397080 (anndiana) & #871158 (alexmarcelo)	ok
我覺得這計畫不是很聰明。	Eu acho que este plano não foi muito esperto.	CC-BY 2.0 (France) Attribution: tatoeba.org #2511469 (tsayng) & #4933700 (Noktuo)	ok
我不認為我的人生很有趣。	Eu não acho que minha vida seja interessante.	CC-BY 2.0 (France) Attribution: tatoeba.org #2511545 (tsayng) & #4933756 (Noktuo)	ok
旗帜是国家象征。	Bandeiras são símbolos nacionais.	CC-BY 2.0 (France) Attribution: tatoeba.org #2520860 (europeanlanguages) & #8165715 (lucasmg123)	ok
苏联学家研究什么呢？	O que um sovietólogo estuda?	CC-BY 2.0 (France) Attribution: tatoeba.org #2604498 (Balamax) & #2604841 (Balamax)	ok
你也是。	Você também.	CC-BY 2.0 (France) Attribution: tatoeba.org #2635835 (cienias) & #4276280 (ajdavidl)	ok
明天你得来这儿。	Amanhã você vai precisar vir aqui.	CC-BY 2.0 (France) Attribution: tatoeba.org #2682188 (iainmb93) & #12080295 (FishlandicFishy)	ok
我在一家工廠工作。	Eu trabalho em uma fábrica.	CC-BY 2.0 (France) Attribution: tatoeba.org #2684992 (egg0073) & #2692280 (hunzerf)	ok
他付了两倍的费用。	Ele pagou a diária em dobro.	CC-BY 2.0 (France) Attribution: tatoeba.org #2694363 (sadhen) & #5416701 (Noktuo)	errado
你看起来不高兴。	Você não parece feliz.	CC-BY 2.0 (France) Attribution: tatoeba.org #2694365 (sadhen) & #1324317 (alexmarcelo)	ok
笔记本电脑比台式电脑好。	Um laptop é melhor que um computador de mesa.	CC-BY 2.0 (France) Attribution: tatoeba.org #2698002 (GlossaMatik) & #2730258 (hunzerf)	ok
别哭了！哭也不能解决问题。	Não chore! Chorar não resolve nada.	CC-BY 2.0 (France) Attribution: tatoeba.org #2704945 (fenfang557) & #2705217 (hunzerf)	ok
每天都有人死去。	Pessoas morrem todos os dias.	CC-BY 2.0 (France) Attribution: tatoeba.org #2707934 (cienias) & #2730229 (hunzerf)	ok
她很開心有我陪伴。	Ela estava feliz por minha companhia.	CC-BY 2.0 (France) Attribution: tatoeba.org #2707949 (cienias) & #2730220 (hunzerf)	ok
我幫忙媽媽做菜。	Ajudo minha mãe a preparar a comida.	CC-BY 2.0 (France) Attribution: tatoeba.org #2715528 (cienias) & #2730203 (hunzerf)	ok
这家小卖部什么时候开门？	A que horas abre esta lojinha?	CC-BY 2.0 (France) Attribution: tatoeba.org #2726977 (aruhito) & #2730189 (hunzerf)	ok
我想我病了.	Acho que estou doente.	CC-BY 2.0 (France) Attribution: tatoeba.org #2734408 (hunzerf) & #2733013 (carlosalberto)	ok
我已經有這本書了。	Eu já tenho esse livro.	CC-BY 2.0 (France) Attribution: tatoeba.org #2757023 (Zoe) & #3476848 (Ricardo14)	ok
我不能同意您的看法。	Eu não posso concordar com a sua opinião.	CC-BY 2.0 (France) Attribution: tatoeba.org #2771102 (cienias) & #12080436 (FishlandicFishy)	ok
這道沙拉有檸檬的味道。	Esta salada está com gosto de limão.	CC-BY 2.0 (France) Attribution: tatoeba.org #2806362 (cienias) & #4936697 (carlosalberto)	ok
他下个月会去纽约。	Ele vai para Nova York próximo mês.	CC-BY 2.0 (France) Attribution: tatoeba.org #2879114 (Popolon) & #377600 (brauliobezerra)	ok
你们怎么样？我很久没见面你们？	Como estão seus avós? Faz tempo que não os vejo.	CC-BY 2.0 (France) Attribution: tatoeba.org #2879730 (Popolon) & #1112632 (alexmarcelo)	errado
这个问题一直困扰着我们，直到昨晚我们找到了原因并修复了它。	Este problema nos estava perturbando até que na noite passada encontramos sua causa e o resolvemos.	CC-BY 2.0 (France) Attribution: tatoeba.org #2938678 (vicch) & #5434349 (Noktuo)	ok
很奇怪，不是么？	Muito estranho, não é?	CC-BY 2.0 (France) Attribution: tatoeba.org #3043969 (sadhen) & #4933687 (Noktuo)	ok
汤姆是我们的法语老师。	Tom é nosso professor de francês.	CC-BY 2.0 (France) Attribution: tatoeba.org #3076608 (tommyfang95) & #2520598 (Ctrl_Alt_Del)	ok
天气怎么样？	Como é o clima?	CC-BY 2.0 (France) Attribution: tatoeba.org #3078820 (hsuan07) & #1421475 (alexmarcelo)	ok
汤姆没有我年轻。	Tom não é tão jovem como eu.	CC-BY 2.0 (France) Attribution: tatoeba.org #3086252 (svhschinese) & #1070411 (alexmarcelo)	ok
你不问我，我就不会说谎话。	É só não me perguntar, que eu não contarei mentira.	CC-BY 2.0 (France) Attribution: tatoeba.org #3130881 (sadhen) & #5409060 (Noktuo)	ok
这匹马不是白色的。	O cavalo não é branco.	CC-BY 2.0 (France) Attribution: tatoeba.org #3154187 (GlossaMatik) & #3154181 (Ricardo14)	ok
米莉在吃一个苹果。	Millie está comendo uma maçã.	CC-BY 2.0 (France) Attribution: tatoeba.org #3189533 (GlossaMatik) & #3188567 (Ricardo14)	ok
汤姆昨天买了一部相机。	O Tom comprou uma câmera ontem.	CC-BY 2.0 (France) Attribution: tatoeba.org #3216464 (lijun) & #2653674 (marcospcruz)	ok
外面在下雪。	Está nevando lá fora.	CC-BY 2.0 (France) Attribution: tatoeba.org #3322674 (cienias) & #3052464 (alexmarcelo)	ok
邻居不在家，他很高兴。	Ele está feliz porque os vizinhos não estão em casa.	CC-BY 2.0 (France) Attribution: tatoeba.org #3365366 (go_oo) & #4933693 (Noktuo)	ok
请问，图书馆在哪儿？	Com licença, onde fica a biblioteca?	CC-BY 2.0 (France) Attribution: tatoeba.org #3377985 (GlossaMatik) & #4934809 (Noktuo)	ok
我也在这里。	Eu também estou aqui.	CC-BY 2.0 (France) Attribution: tatoeba.org #3378127 (GlossaMatik) & #4771749 (carlosalberto)	ok
快点准备！明天是最后一天了。	Prepare-se! Amanhã é o último dia.	CC-BY 2.0 (France) Attribution: tatoeba.org #3394047 (penguooo) & #1196374 (alexmarcelo)	ok
我每天喝1.7升水。	Bebo 1,7 litro de água por dia.	CC-BY 2.0 (France) Attribution: tatoeba.org #3394049 (penguooo) & #1054489 (alexmarcelo)	ok
我比Tom好。	Eu sou melhor do que Tom.	CC-BY 2.0 (France) Attribution: tatoeba.org #3478436 (schlagermanx) & #6059866 (bill)	ok
汤姆也在这？	O Tom está aqui também?	CC-BY 2.0 (France) Attribution: tatoeba.org #3479480 (UomoChina) & #4819368 (Ricardo14)	ok
中国也许是世界上唯一一个由政府控制温度的国家。	A China talvez seja o único país do mundo no qual o governo controla a temperatura.	CC-BY 2.0 (France) Attribution: tatoeba.org #3554263 (sadhen) & #5038583 (Noktuo)	ok
他们的世界很小，但他们精心地呵护着。	O mundo deles é pequeno, mas o cuidam com o maior zelo.	CC-BY 2.0 (France) Attribution: tatoeba.org #3554265 (sadhen) & #4997701 (Noktuo)	ok
您能为爱情而死吗？	Você morreria pela pessoa amada?	CC-BY 2.0 (France) Attribution: tatoeba.org #3554269 (sadhen) & #4997700 (Noktuo)	errado
开始的时候，我们以为我们什么都知道，但后来发现，事实是我们什么都不知道。	No início, achávamos que sabíamos de tudo, mas depois descobrimos que na verdade não sabíamos.	CC-BY 2.0 (France) Attribution: tatoeba.org #3554295 (sadhen) & #4997698 (Noktuo)	ok
汤姆有玛丽的地址。	Tom tem o endereço de Maria.	CC-BY 2.0 (France) Attribution: tatoeba.org #3605692 (sadhen) & #4997695 (Noktuo)	ok
设备是便携的。	O dispositivo é portátil.	CC-BY 2.0 (France) Attribution: tatoeba.org #3647401 (xfig) & #3785746 (piterkeo)	ok
我的名字叫Juba。	Meu nome é Juba.	CC-BY 2.0 (France) Attribution: tatoeba.org #3680725 (GlossaMatik) & #3679116 (ajdavidl)	ok
他总是在网上。	Ele esta sempre conectado.	CC-BY 2.0 (France) Attribution: tatoeba.org #3686664 (GlossaMatik) & #3687409 (Rrenato)	ok
我知道我错了。	Eu sei que estou errado.	CC-BY 2.0 (France) Attribution: tatoeba.org #3698971 (katshi94) & #3689591 (Rrenato)	ok
小张一会儿就把电视机修理好了，他有两下子，我佩服他！	Xiao Zhang consertou o aparelho de televisão em poucos instantes, ele sabe o que faz! Eu o admiro.	CC-BY 2.0 (France) Attribution: tatoeba.org #3709207 (trieuho) & #5409009 (Noktuo)	ok
你想來杯汽水嗎？	Você quer um copo de refrigerante?	CC-BY 2.0 (France) Attribution: tatoeba.org #3709573 (egg0073) & #1136298 (alexmarcelo)	ok
你也要去嗎？	Quer ir também?	CC-BY 2.0 (France) Attribution: tatoeba.org #3739008 (egg0073) & #6382101 (bill)	ok
我是沙尔利。	Eu sou Charlie.	CC-BY 2.0 (France) Attribution: tatoeba.org #3753530 (Vortarulo) & #3754192 (marcosmilton)	ok
车往前走。	O carro vai para a frente.	CC-BY 2.0 (France) Attribution: tatoeba.org #3780485 (e78xx_xxx) & #5480139 (Noktuo)	ok
我从来没有看到她笑过。	Eu nunca vi ela sorrindo.	CC-BY 2.0 (France) Attribution: tatoeba.org #3783468 (Debbie_Linder) & #4959968 (Noktuo)	ok
我不想长大。	Eu não quero crescer.	CC-BY 2.0 (France) Attribution: tatoeba.org #3839406 (sadhen) & #4997694 (Noktuo)	ok
汤姆，这些全都是你的书吗?	Tom, todos estes livros são seus?	CC-BY 2.0 (France) Attribution: tatoeba.org #3839412 (sadhen) & #4997693 (Noktuo)	ok
在某种程度上，我认同你所说的。	Eu até certo ponto concordo com o que você disse.	CC-BY 2.0 (France) Attribution: tatoeba.org #3839477 (sadhen) & #4997692 (Noktuo)	ok
你为什么长不大呢？	Por que você não cresce?	CC-BY 2.0 (France) Attribution: tatoeba.org #3839481 (sadhen) & #4609551 (calebante)	ok
我希望你能长大。	Eu espero que você cresça.	CC-BY 2.0 (France) Attribution: tatoeba.org #3839485 (sadhen) & #4997690 (Noktuo)	ok
有些人永远也长不大。	Algumas pessoas nunca crescem.	CC-BY 2.0 (France) Attribution: tatoeba.org #3839490 (sadhen) & #4997689 (Noktuo)	ok
你能帮我给这些人分发节目单吗？	Você irá me ajudar a distribuir a lista de programas para estas pessoas?	CC-BY 2.0 (France) Attribution: tatoeba.org #3845335 (sadhen) & #4997688 (Noktuo)	ok
这只是时间上的问题。	Era só uma questão de tempo.	CC-BY 2.0 (France) Attribution: tatoeba.org #3845336 (sadhen) & #4997687 (Noktuo)	errado
靠！我咬到自己舌头了。	Ai! Eu mordi minha língua.	CC-BY 2.0 (France) Attribution: tatoeba.org #3845348 (sadhen) & #4969034 (Noktuo)	ok
这不酷！	Isto não é legal.	CC-BY 2.0 (France) Attribution: tatoeba.org #3845351 (sadhen) & #4969041 (Noktuo)	ok
在日本生活消费很高。	O custo de vida no Japão é alto.	CC-BY 2.0 (France) Attribution: tatoeba.org #3845383 (sadhen) & #4969031 (Noktuo)	ok
从古到今，没有过不灭亡的国家。	Do passado ao presente, nunca houve uma nação que não tenha sido destruída.	CC-BY 2.0 (France) Attribution: tatoeba.org #3845390 (sadhen) & #4969021 (Noktuo)	ok
烦人！	Silêncio!	CC-BY 2.0 (France) Attribution: tatoeba.org #3859473 (rickjiang) & #961646 (alexmarcelo)	errado
許多猶太人被德國人驅逐。	Muitos judeus foram deportados pelos alemães.	CC-BY 2.0 (France) Attribution: tatoeba.org #3947643 (egg0073) & #2690242 (carlosalberto)	ok
复活节快乐。	Feliz Páscoa!	CC-BY 2.0 (France) Attribution: tatoeba.org #4063182 (carenas) & #933822 (alexmarcelo)	ok
未来属于我们当中那些仍然愿意弄脏自己双手的少数人。	O futuro pertence àqueles dentre nós que não temem sujar as próprias mãos.	CC-BY 2.0 (France) Attribution: tatoeba.org #4084043 (sadhen) & #4969007 (Noktuo)	errado
他有能力教授西班牙文。	Ele é capaz de ensinar espanhol.	CC-BY 2.0 (France) Attribution: tatoeba.org #4247391 (egg0073) & #901079 (alexmarcelo)	ok
谁想当百万富翁？	Quem quer ser milionário?	CC-BY 2.0 (France) Attribution: tatoeba.org #4265116 (notabene) & #3027250 (Balamax)	ok
我当初要是买音乐会的票就好了。	Se eu tivesse comprado o bilhete pro concerto no início então estaria tudo bem.	CC-BY 2.0 (France) Attribution: tatoeba.org #4267327 (notabene) & #5462550 (Noktuo)	errado
他个不高，但很有劲。	Ele não é alto, mas tem força.	CC-BY 2.0 (France) Attribution: tatoeba.org #4267391 (notabene) & #4933692 (Noktuo)	ok
她是个女程序员吗？	Ela é programadora?	CC-BY 2.0 (France) Attribution: tatoeba.org #4270714 (notabene) & #4969046 (Noktuo)	ok
我从来没想到会发生那种事。	Eu nunca pensei que algo assim aconteceria.	CC-BY 2.0 (France) Attribution: tatoeba.org #4311079 (sadhen) & #4968993 (Noktuo)	ok
你現在該離開了。	Agora você deve ir.	CC-BY 2.0 (France) Attribution: tatoeba.org #4455682 (egg0073) & #8518454 (Castro5432)	ok
女人正在喝水。	A mulher está bebendo água agora.	CC-BY 2.0 (France) Attribution: tatoeba.org #4504266 (egg0073) & #767975 (marloncori)	ok
你想去哪儿?	Aonde queres ir?	CC-BY 2.0 (France) Attribution: tatoeba.org #4563232 (ecl1) & #4567799 (escutcheon)	ok
因为下雨了，所以我们就待在家里面。	Como choveu, permanecemos em casa.	CC-BY 2.0 (France) Attribution: tatoeba.org #4757679 (ryanwoo) & #769649 (helmfer)	ok
多学些。	Estude mais.	CC-BY 2.0 (France) Attribution: tatoeba.org #4757712 (ryanwoo) & #2187927 (alexmarcelo)	ok
抱抱汤姆！	Abrace o Tom.	CC-BY 2.0 (France) Attribution: tatoeba.org #4759957 (ryanwoo) & #4603564 (Ricardo14)	ok
一个女人的家门口发现一个弃婴。	Um bebê abandonado foi encontrado na porta da casa de uma senhora.	CC-BY 2.0 (France) Attribution: tatoeba.org #4759975 (ryanwoo) & #1007255 (alexmarcelo)	ok
短语是句法单位。	A frase é uma unidade sintática.	CC-BY 2.0 (France) Attribution: tatoeba.org #4759996 (ryanwoo) & #3165468 (carlosalberto)	errado
汤姆已经对学法语不感兴趣了。	Tom perdeu o interesse em estudar francês.	CC-BY 2.0 (France) Attribution: tatoeba.org #4760029 (ryanwoo) & #1412225 (alexmarcelo)	ok
你找到问题的答案了吗	Você alguma vez encontrou resposta a esta pergunta?	CC-BY 2.0 (France) Attribution: tatoeba.org #4760039 (ryanwoo) & #1718390 (alexmarcelo)	errado
平均一天睡六个小时。	Em média durmo seis horas por dia.	CC-BY 2.0 (France) Attribution: tatoeba.org #4760056 (ryanwoo) & #1483279 (sugoi)	ok
我睡得很香。	Tive uma boa noite de sono.	CC-BY 2.0 (France) Attribution: tatoeba.org #4760071 (ryanwoo) & #882969 (alexmarcelo)	ok
河水不好。	A água do rio não é boa.	CC-BY 2.0 (France) Attribution: tatoeba.org #4760096 (ryanwoo) & #1915562 (alexmarcelo)	ok
十岁时他就成了孤儿。	Ficou órfão aos dez anos.	CC-BY 2.0 (France) Attribution: tatoeba.org #4760129 (ryanwoo) & #958480 (alexmarcelo)	ok
爱很自私。	O amor é egoísta.	CC-BY 2.0 (France) Attribution: tatoeba.org #4760170 (ryanwoo) & #2817421 (akilez)	ok
你们在写什么？	O que vocês escrevem?	CC-BY 2.0 (France) Attribution: tatoeba.org #4761381 (billt_estates) & #2064290 (alexmarcelo)	ok
威廉是从巴西来的。他是巴西人。	Guilherme é do Brasil. Ele é brasileiro.	CC-BY 2.0 (France) Attribution: tatoeba.org #4761401 (billt_estates) & #1110333 (alexmarcelo)	ok
他有长头发。	Ele tem o cabelo comprido.	CC-BY 2.0 (France) Attribution: tatoeba.org #4761437 (billt_estates) & #5412449 (Noktuo)	ok
食物是冷的。	A comida está fria.	CC-BY 2.0 (France) Attribution: tatoeba.org #4761473 (billt_estates) & #6590153 (bill)	ok
她给我打了一个看不懂的手势。	Ela me fez um sinal que eu não captei.	CC-BY 2.0 (France) Attribution: tatoeba.org #4764877 (ryanwoo) & #1822768 (alexmarcelo)	ok
她不是她看起来的那样。	Ela não é o que parece ser.	CC-BY 2.0 (France) Attribution: tatoeba.org #4764879 (ryanwoo) & #1141616 (alexmarcelo)	ok
我既不抽烟也不喝酒。	Eu não fumo nem bebo.	CC-BY 2.0 (France) Attribution: tatoeba.org #4765407 (ryanwoo) & #892238 (alexmarcelo)	ok
他有二十个孩子。	Ele tem vinte filhos.	CC-BY 2.0 (France) Attribution: tatoeba.org #4765413 (ryanwoo) & #4765323 (carlosalberto)	ok
她去过三次法国。	Ela foi à França três vezes.	CC-BY 2.0 (France) Attribution: tatoeba.org #4765415 (ryanwoo) & #4765319 (carlosalberto)	ok
当我离开购物中心，车子不在我停的地方。	Quando saí do shopping, o carro não estava mais onde eu o tinha estacionado.	CC-BY 2.0 (France) Attribution: tatoeba.org #4765438 (ryanwoo) & #4040376 (alexmarcelo)	ok
我们用了一整天打扑克。	Passamos o dia todo jogando pôquer.	CC-BY 2.0 (France) Attribution: tatoeba.org #4765458 (ryanwoo) & #4040380 (alexmarcelo)	ok
我不想吃。	Não quero comer.	CC-BY 2.0 (France) Attribution: tatoeba.org #4795947 (umidake) & #3234947 (claudiaungur)	ok
可惜，世界上的愚人总比聪明人要多。	Que pena, a quantidade de pessoas estúpidas neste mundo supera em muito a de inteligentes.	CC-BY 2.0 (France) Attribution: tatoeba.org #4813372 (sadhen) & #4968988 (Noktuo)	ok
再见，Ian。	Tchau, Ian.	CC-BY 2.0 (France) Attribution: tatoeba.org #4813386 (sadhen) & #4959932 (Noktuo)	ok
一个人得遇到多大的挫折才会自杀？	Qual o tamanho do revés que uma pessoa precisa experienciar para ser capaz de se matar?	CC-BY 2.0 (France) Attribution: tatoeba.org #4813387 (sadhen) & #4959930 (Noktuo)	ok
一个在网络世界叱咤风云的人物，在现实社会中也只是平凡人而已。	Uma pessoa com habilidades extraordinárias no mundo da internet, na vida real, não passa de uma pessoa comum.	CC-BY 2.0 (France) Attribution: tatoeba.org #4813388 (sadhen) & #4959923 (Noktuo)	ok
对你来说，最痛苦的事是什么？	Na sua opinião, qual é a coisa mais dolorosa?	CC-BY 2.0 (France) Attribution: tatoeba.org #4813391 (sadhen) & #4959905 (Noktuo)	ok
如果地球下个月将进入冰河期，你将如何准备？	Se a Terra entrasse em período glacial no próximo mês, como você se prepararia?	CC-BY 2.0 (France) Attribution: tatoeba.org #4813394 (sadhen) & #4959897 (Noktuo)	errado
PHP 是世界上最好的语言。	PHP é a melhor linguagem de programação do mundo.	CC-BY 2.0 (France) Attribution: tatoeba.org #4813398 (sadhen) & #4953874 (Noktuo)	ok
你有深海恐惧症吗？	Você tem fobia do fundo do mar?	CC-BY 2.0 (France) Attribution: tatoeba.org #4813402 (sadhen) & #4953872 (Noktuo)	ok
个人隐私就是一个笑话。	A privacidade das pessoas é simplesmente uma piada.	CC-BY 2.0 (France) Attribution: tatoeba.org #4813406 (sadhen) & #4953859 (Noktuo)	ok
你怕虫子吗？	Você tem medo de inseto?	CC-BY 2.0 (France) Attribution: tatoeba.org #4813407 (sadhen) & #4953857 (Noktuo)	ok
我是个书呆子。	Eu sou um CDF.	CC-BY 2.0 (France) Attribution: tatoeba.org #4813408 (sadhen) & #4953855 (Noktuo)	ok
聪明的男人就算爱极了一个女人，也只是藏在心里，绝不会将他的爱在她面前表现出来。	Um homem inteligente, ainda que ame muito uma mulher, guardará o sentimento em seu íntimo, e de forma alguma o revelará a ela.	CC-BY 2.0 (France) Attribution: tatoeba.org #4813410 (sadhen) & #4953845 (Noktuo)	ok
我恨他。	Eu odeio ele.	CC-BY 2.0 (France) Attribution: tatoeba.org #4813436 (sadhen) & #4953780 (Noktuo)	ok
大家习惯把上海称为魔都，把北京称为帝都。	Todo mundo costuma chamar Shangai de "Módū" e Pequim de "Dìdū"	CC-BY 2.0 (France) Attribution: tatoeba.org #4819886 (sadhen) & #4951185 (Noktuo)	ok
我的英文不好。	O meu inglês não é bom.	CC-BY 2.0 (France) Attribution: tatoeba.org #4832248 (sunflower) & #4933759 (Noktuo)	ok
你说是不是啊？	Você disse sim, ou não?!	CC-BY 2.0 (France) Attribution: tatoeba.org #4835822 (sadhen) & #4951171 (Noktuo)	errado
我本来什么也不知道啊！	De início, eu também não sabia!	CC-BY 2.0 (France) Attribution: tatoeba.org #4835824 (sadhen) & #4951163 (Noktuo)	ok
孩子，这是怎么回事？	Criança, o que está acontecendo?	CC-BY 2.0 (France) Attribution: tatoeba.org #4835825 (sadhen) & #4951151 (Noktuo)	ok
你们恐怕是认错人了吧！	Eu acho que eles tem medo de assumir a culpa!	CC-BY 2.0 (France) Attribution: tatoeba.org #4835828 (sadhen) & #4951140 (Noktuo)	errado
他是个忠厚老实的人，不免上当。	Este é um homem honesto e inocente, sem dúvida será enganado.	CC-BY 2.0 (France) Attribution: tatoeba.org #4835844 (sadhen) & #4951133 (Noktuo)	ok
他这个人心眼不好。	Este homem não tem bom coração.	CC-BY 2.0 (France) Attribution: tatoeba.org #4835850 (sadhen) & #4951115 (Noktuo)	ok
你还认识我吗？	Você me conhece?	CC-BY 2.0 (France) Attribution: tatoeba.org #4835855 (sadhen) & #1150495 (tulio)	ok
你想我吗？	Você sente saudades minhas?	CC-BY 2.0 (France) Attribution: tatoeba.org #4835859 (sadhen) & #4950142 (Noktuo)	ok
你别生我的气啊。	Não fique com raiva de mim.	CC-BY 2.0 (France) Attribution: tatoeba.org #4835868 (sadhen) & #4950139 (Noktuo)	ok
我一直都真心实意地对你，你为什么要骗我？	Eu desde sempre fui sincero com você, por que você quer me enganar?	CC-BY 2.0 (France) Attribution: tatoeba.org #4835875 (sadhen) & #4950138 (Noktuo)	ok
事情闹到这种地步，也没有什么可以隐瞒了。	A situação chegou a tal ponto e não é mais possível esconder.	CC-BY 2.0 (France) Attribution: tatoeba.org #4835881 (sadhen) & #4950137 (Noktuo)	ok
兄弟，你到底姓什么啊？	Mano, qual é mesmo o seu sobrenome?	CC-BY 2.0 (France) Attribution: tatoeba.org #4835903 (sadhen) & #4950133 (Noktuo)	ok
后会有期。	Espero te ver outra vez.	CC-BY 2.0 (France) Attribution: tatoeba.org #4835918 (sadhen) & #4950132 (Noktuo)	ok
人类是唯一彼此交谈的动物。	O ser humano é o único animal que fala.	CC-BY 2.0 (France) Attribution: tatoeba.org #4844730 (sadhen) & #4950131 (Noktuo)	ok
人类是唯一能够彼此交谈的动物。	O ser humano é o único animal capaz de falar.	CC-BY 2.0 (France) Attribution: tatoeba.org #4844733 (sadhen) & #4950130 (Noktuo)	ok
这钥匙能打开什么？	Esta chave abre o quê?	CC-BY 2.0 (France) Attribution: tatoeba.org #4844739 (sadhen) & #4950129 (Noktuo)	ok
你把它们带来了么？	Você os trouxe?	CC-BY 2.0 (France) Attribution: tatoeba.org #4844741 (sadhen) & #4950127 (Noktuo)	ok
他瞄准了，却没命中。	Ele mirou, mas errou o alvo.	CC-BY 2.0 (France) Attribution: tatoeba.org #4844744 (sadhen) & #4947420 (Noktuo)	ok
你能演奏管风琴吗？	Você sabe tocar órgão?	CC-BY 2.0 (France) Attribution: tatoeba.org #4844748 (sadhen) & #998049 (alexmarcelo)	ok
我非常享受你的陪伴。	Eu realmente aprecio sua companhia.	CC-BY 2.0 (France) Attribution: tatoeba.org #4844756 (sadhen) & #4586678 (Ricardo14)	ok
Dan在新闻中了解到Linda的去世。	Dan descobriu sobre a morte de Linda no noticiário.	CC-BY 2.0 (France) Attribution: tatoeba.org #4844762 (sadhen) & #4939149 (Noktuo)	ok
你为什么不去加入她？	Por que você não se junta a ela?	CC-BY 2.0 (France) Attribution: tatoeba.org #4844765 (sadhen) & #4939146 (Noktuo)	ok
这是冷的。	Isto está frio.	CC-BY 2.0 (France) Attribution: tatoeba.org #4844766 (sadhen) & #4939141 (Noktuo)	ok
大爆炸致死六人。	Uma imensa explosão levou seis pessoas ao óbito.	CC-BY 2.0 (France) Attribution: tatoeba.org #4844767 (sadhen) & #4947346 (Noktuo)	ok
我本应婉拒。	Você deveria ter recusado.	CC-BY 2.0 (France) Attribution: tatoeba.org #4844815 (sadhen) & #4947360 (Noktuo)	errado
你结束了吗？	Você terminou?	CC-BY 2.0 (France) Attribution: tatoeba.org #4844819 (sadhen) & #393578 (brauliobezerra)	ok
汤姆让他的仆人们在黑暗下进餐。	Tom fez seus servos comerem no escuro.	CC-BY 2.0 (France) Attribution: tatoeba.org #4844827 (sadhen) & #4947316 (Noktuo)	ok
他在一周前离开去往欧洲，就是说，是在五月十号。	Tem uma semana que ele partiu para a Europa, ou seja, no dia dez de maio.	CC-BY 2.0 (France) Attribution: tatoeba.org #4844841 (sadhen) & #4939131 (Noktuo)	ok
那是我在这里的另外一个理由。	Esta é a outra razão de eu estar aqui.	CC-BY 2.0 (France) Attribution: tatoeba.org #4844844 (sadhen) & #4939126 (Noktuo)	ok
汤姆不会系领带。	Tom não sabe colocar uma gravata.	CC-BY 2.0 (France) Attribution: tatoeba.org #4844847 (sadhen) & #4939125 (Noktuo)	ok
你好！	Olá!	CC-BY 2.0 (France) Attribution: tatoeba.org #4869782 (zvzuibqx) & #404788 (brauliobezerra)	ok
谢谢！	Obrigado!	CC-BY 2.0 (France) Attribution: tatoeba.org #4878949 (musclegirlxyp) & #380436 (brauliobezerra)	ok
大家都在哪儿？	Cadê todo mundo?	CC-BY 2.0 (France) Attribution: tatoeba.org #4879240 (musclegirlxyp) & #1693957 (alexmarcelo)	ok
外面在下雪呢。	Está chovendo lá fora.	CC-BY 2.0 (France) Attribution: tatoeba.org #4879265 (musclegirlxyp) & #1213982 (alexmarcelo)	errado
在笑什么呢？	Você está rindo do quê?	CC-BY 2.0 (France) Attribution: tatoeba.org #4879272 (musclegirlxyp) & #4931401 (Noktuo)	ok
昨天几点睡的？	A que horas você foi dormir ontem?	CC-BY 2.0 (France) Attribution: tatoeba.org #4881606 (musclegirlxyp) & #1412262 (alexmarcelo)	ok
汤姆，你好！	Olá, Tom!	CC-BY 2.0 (France) Attribution: tatoeba.org #4881714 (musclegirlxyp) & #4931395 (Noktuo)	ok
你好，你叫什么名字？	Olá, qual o seu nome?	CC-BY 2.0 (France) Attribution: tatoeba.org #4881718 (musclegirlxyp) & #4931391 (Noktuo)	ok
还是那么忙吗？	Ainda está ocupado?	CC-BY 2.0 (France) Attribution: tatoeba.org #4885107 (musclegirlxyp) & #4931384 (Noktuo)	ok
不好意思我发音不太好。	Perdoe a minha pronúncia não ser muito boa.	CC-BY 2.0 (France) Attribution: tatoeba.org #4885137 (musclegirlxyp) & #4931378 (Noktuo)	ok
他的視力不好。	Ele não enxerga bem.	CC-BY 2.0 (France) Attribution: tatoeba.org #4895687 (LeeSooHa) & #4507183 (carlosalberto)	ok
我可以吃掉这个面包吗？	Posso acabar de comer este pão?	CC-BY 2.0 (France) Attribution: tatoeba.org #4900935 (musclegirlxyp) & #4931259 (Noktuo)	ok
一会儿我再打给你。	Ligo para você daqui a pouco.	CC-BY 2.0 (France) Attribution: tatoeba.org #4900951 (musclegirlxyp) & #4931255 (Noktuo)	ok
我们什么时间在哪儿见面呢？	Quando nos vimos ali?	CC-BY 2.0 (France) Attribution: tatoeba.org #4900960 (musclegirlxyp) & #4931248 (Noktuo)	errado
不好意思，请问您贵姓？	Me perdoe, posso te perguntar o seu nome?	CC-BY 2.0 (France) Attribution: tatoeba.org #4900963 (musclegirlxyp) & #4931243 (Noktuo)	ok
需要我帮忙吗？	Precisa de ajuda?	CC-BY 2.0 (France) Attribution: tatoeba.org #4903258 (musclegirlxyp) & #5412519 (Noktuo)	ok
需要叫救护车吗？	Preciso chamar uma ambulância?	CC-BY 2.0 (France) Attribution: tatoeba.org #4903268 (musclegirlxyp) & #4935911 (Noktuo)	ok
你觉着有外星人存在吗？	Você acredita em alienígenas?	CC-BY 2.0 (France) Attribution: tatoeba.org #4903393 (musclegirlxyp) & #4935908 (Noktuo)	ok
真丢脸！	Muito vergonhoso!	CC-BY 2.0 (France) Attribution: tatoeba.org #4903400 (musclegirlxyp) & #4935902 (Noktuo)	ok
我能用一下电脑吗？	Você sabe mexer um pouco no computador?	CC-BY 2.0 (France) Attribution: tatoeba.org #4903404 (musclegirlxyp) & #4935901 (Noktuo)	errado
你抽过烟吗？	Você já fumou alguma vez?	CC-BY 2.0 (France) Attribution: tatoeba.org #4903409 (musclegirlxyp) & #4935899 (Noktuo)	ok
你听过这首曲子吗？	Você já ouviu este poema?	CC-BY 2.0 (France) Attribution: tatoeba.org #4903412 (musclegirlxyp) & #4935898 (Noktuo)	errado
别怪我呀！	Não me culpe!	CC-BY 2.0 (France) Attribution: tatoeba.org #4906137 (musclegirlxyp) & #4931701 (Noktuo)	ok
那不是不公平吗？	Isto não é injusto?	CC-BY 2.0 (France) Attribution: tatoeba.org #4906156 (musclegirlxyp) & #4937724 (Noktuo)	ok
我可以吃掉这个苹果吗？	Posso comer esta maçã?	CC-BY 2.0 (France) Attribution: tatoeba.org #4906165 (musclegirlxyp) & #4931696 (Noktuo)	ok
我要是个独子就好了。	Eu gostaria de ser filho único.	CC-BY 2.0 (France) Attribution: tatoeba.org #4906169 (musclegirlxyp) & #4931695 (Noktuo)	ok
你想和我一起减肥吗？	Você quer fazer dieta junto comigo?	CC-BY 2.0 (France) Attribution: tatoeba.org #4906172 (musclegirlxyp) & #4931692 (Noktuo)	ok
春天和秋天你更喜欢哪一个？	Você prefere a primavera ou o outono?	CC-BY 2.0 (France) Attribution: tatoeba.org #4906174 (musclegirlxyp) & #4931689 (Noktuo)	ok
再不快点你就要赶不上末班车了。	Se você não se apressar, vai perder o último trem.	CC-BY 2.0 (France) Attribution: tatoeba.org #4906175 (musclegirlxyp) & #4931684 (Noktuo)	ok
那个啤酒多少钱？	Quanto custa aquela cerveja?	CC-BY 2.0 (France) Attribution: tatoeba.org #4906176 (musclegirlxyp) & #4931682 (Noktuo)	ok
对不起，把你吵醒了？	Me desculpe, eu te acordei?	CC-BY 2.0 (France) Attribution: tatoeba.org #4906187 (musclegirlxyp) & #4931681 (Noktuo)	ok
你有电视吗？	Você tem uma TV?	CC-BY 2.0 (France) Attribution: tatoeba.org #4913620 (khe) & #4931227 (Noktuo)	ok
您想知道为什么我要离开吗？	Você quer saber porque eu irei partir?	CC-BY 2.0 (France) Attribution: tatoeba.org #4913693 (khe) & #4931671 (Noktuo)	ok
他不是我父亲，他是我叔叔。	Ele não é seu pai, ele é seu tio.	CC-BY 2.0 (France) Attribution: tatoeba.org #4915624 (khe) & #4931225 (Noktuo)	errado
罪犯们密谋抢劫银行。	Criminosos planejam assaltar o banco.	CC-BY 2.0 (France) Attribution: tatoeba.org #4920144 (ytlreal) & #4931222 (Noktuo)	ok
玩这些电脑游戏要反应灵敏。	Para jogar estes jogos de computador é necessário ter reflexos rápidos.	CC-BY 2.0 (France) Attribution: tatoeba.org #4929474 (trieuho) & #4930677 (Noktuo)	ok
我的英文很差。	O meu inglês é ruim.	CC-BY 2.0 (France) Attribution: tatoeba.org #4933767 (egg0073) & #4935896 (Noktuo)	ok
對工作的熱愛是通往幸福的鑰匙。	O amor ao trabalho é a chave para a felicidade.	CC-BY 2.0 (France) Attribution: tatoeba.org #4934629 (egg0073) & #1091375 (alexmarcelo)	ok
昨晚我做了一个可怕的噩梦。	Ontem à noite eu tive um pesadelo terrível.	CC-BY 2.0 (France) Attribution: tatoeba.org #4970087 (wzhd) & #5436417 (Noktuo)	ok
汤姆跟着玛丽进入了房间。	Tom seguiu Maria para dentro do quarto.	CC-BY 2.0 (France) Attribution: tatoeba.org #4970089 (wzhd) & #5436399 (Noktuo)	ok
你缺乏耐心。	Te falta paciência.	CC-BY 2.0 (France) Attribution: tatoeba.org #4970090 (wzhd) & #5436395 (Noktuo)	ok
汤姆需要接受治疗。	Tom precisa de receber tratamento.	CC-BY 2.0 (France) Attribution: tatoeba.org #4970091 (wzhd) & #5436318 (Noktuo)	ok
你写这份报告花了多长时间？	Quanto tempo você gastou para escrever este relatório？	CC-BY 2.0 (France) Attribution: tatoeba.org #4970092 (wzhd) & #5436310 (Noktuo)	ok
汤姆在找工作。	Tom está procurando emprego.	CC-BY 2.0 (France) Attribution: tatoeba.org #4970094 (wzhd) & #5436303 (Noktuo)	ok
我希望我们能找到汤姆。	Espero que consigamos encontrar o Tom.	CC-BY 2.0 (France) Attribution: tatoeba.org #4970096 (wzhd) & #5436297 (Noktuo)	ok
快跑！	Corre!	CC-BY 2.0 (France) Attribution: tatoeba.org #4970113 (wzhd) & #1197457 (alexmarcelo)	ok
可恶。	Droga!	CC-BY 2.0 (France) Attribution: tatoeba.org #4970114 (wzhd) & #2405665 (Matheus)	ok
请回答！	Por favor, responda!	CC-BY 2.0 (France) Attribution: tatoeba.org #4970115 (wzhd) & #5436274 (Noktuo)	ok
电话。	Telefone.	CC-BY 2.0 (France) Attribution: tatoeba.org #4970120 (wzhd) & #1618050 (bufo)	ok
密码？	Senha？	CC-BY 2.0 (France) Attribution: tatoeba.org #4970121 (wzhd) & #5436242 (Noktuo)	ok
注意！	Preste atenção!	CC-BY 2.0 (France) Attribution: tatoeba.org #4970125 (wzhd) & #1146134 (tulio)	ok
到这里来。	Venha aqui.	CC-BY 2.0 (France) Attribution: tatoeba.org #4970129 (wzhd) & #406485 (brauliobezerra)	ok
我们来了。	Chegamos.	CC-BY 2.0 (France) Attribution: tatoeba.org #4970131 (wzhd) & #3466019 (piterkeo)	ok
不要等待！	Não espere.	CC-BY 2.0 (France) Attribution: tatoeba.org #4970132 (wzhd) & #2187968 (alexmarcelo)	ok
你会来吗？	Você vem?	CC-BY 2.0 (France) Attribution: tatoeba.org #4970134 (wzhd) & #1417465 (alexmarcelo)	ok
帮帮我们！	Nos ajude!	CC-BY 2.0 (France) Attribution: tatoeba.org #4970140 (wzhd) & #5436104 (Noktuo)	ok
汤姆会来吗？	O Tom vem?	CC-BY 2.0 (France) Attribution: tatoeba.org #4970143 (wzhd) & #5436097 (Noktuo)	ok
我是糖尿病患者。	Eu sou diabético.	CC-BY 2.0 (France) Attribution: tatoeba.org #4970145 (wzhd) & #1236379 (alexmarcelo)	ok
我想要一些纸。	Eu quero um pouco de papel.	CC-BY 2.0 (France) Attribution: tatoeba.org #4970154 (wzhd) & #5303590 (Noktuo)	ok
她嫁给了他。	Ela se casou com ele.	CC-BY 2.0 (France) Attribution: tatoeba.org #4970155 (wzhd) & #5303589 (Noktuo)	ok
你喜欢保龄球吗？	Você gosta de boliche?	CC-BY 2.0 (France) Attribution: tatoeba.org #4970156 (wzhd) & #5303587 (Noktuo)	ok
跟上那辆车。	Siga aquele carro.	CC-BY 2.0 (France) Attribution: tatoeba.org #4970157 (wzhd) & #1488220 (brauliobezerra)	ok
每个人都想要钱。	Todo mundo quer dinheiro.	CC-BY 2.0 (France) Attribution: tatoeba.org #4971552 (wzhd) & #5303583 (Noktuo)	ok
你真棒。	Você é demais.	CC-BY 2.0 (France) Attribution: tatoeba.org #4971553 (wzhd) & #5303581 (Noktuo)	ok
我非常喜欢阅读。	Eu adoro ler.	CC-BY 2.0 (France) Attribution: tatoeba.org #4971555 (wzhd) & #5285615 (bill)	ok
汤姆信任我。	Tom acredita em mim.	CC-BY 2.0 (France) Attribution: tatoeba.org #4971556 (wzhd) & #4832911 (Ricardo14)	ok
他们在找汤姆。	Eles estão procurando por Tom.	CC-BY 2.0 (France) Attribution: tatoeba.org #4971558 (wzhd) & #5303576 (Noktuo)	ok
就这么简单。	É assim, simples.	CC-BY 2.0 (France) Attribution: tatoeba.org #4971562 (wzhd) & #5303574 (Noktuo)	ok
我不喜欢汤姆。	Eu não gosto do Tom.	CC-BY 2.0 (France) Attribution: tatoeba.org #4971563 (wzhd) & #4764302 (KimiP)	ok
我很了解汤姆。	Eu conheço o Tom muito bem.	CC-BY 2.0 (France) Attribution: tatoeba.org #4971564 (wzhd) & #5303571 (Noktuo)	ok
汤姆是新来的。	Tom é um novato.	CC-BY 2.0 (France) Attribution: tatoeba.org #4971569 (wzhd) & #5303565 (Noktuo)	ok
我喜欢披萨。	Eu gosto muito de pizza.	CC-BY 2.0 (France) Attribution: tatoeba.org #4971572 (wzhd) & #5303564 (Noktuo)	errado
我们有来客。	Nós temos visita.	CC-BY 2.0 (France) Attribution: tatoeba.org #4971573 (wzhd) & #5287033 (Noktuo)	ok
留在我身边，汤姆！	Fique ao meu lado, Tom!	CC-BY 2.0 (France) Attribution: tatoeba.org #4971574 (wzhd) & #5287032 (Noktuo)	ok
汤姆喜欢你吗？	O Tom gosta de você?	CC-BY 2.0 (France) Attribution: tatoeba.org #4971575 (wzhd) & #5272406 (bill)	ok
很快就到夏天了。	Já é quase verão.	CC-BY 2.0 (France) Attribution: tatoeba.org #4971577 (wzhd) & #5287030 (Noktuo)	ok
我们是园丁。	Nós somos jardineiros.	CC-BY 2.0 (France) Attribution: tatoeba.org #4971579 (wzhd) & #5287029 (Noktuo)	ok
那改变了一切。	Isto mudou tudo.	CC-BY 2.0 (France) Attribution: tatoeba.org #4972480 (wzhd) & #5287028 (Noktuo)	errado
汤姆失明了。	Tom ficou cego.	CC-BY 2.0 (France) Attribution: tatoeba.org #4972485 (wzhd) & #5034222 (alexmarcelo)	ok
那有什么用？	Para que isto serviria?	CC-BY 2.0 (France) Attribution: tatoeba.org #4972489 (wzhd) & #5287026 (Noktuo)	ok
明早八点车站见。	Nos encontremos na estação amanhã ás oito horas.	CC-BY 2.0 (France) Attribution: tatoeba.org #4972514 (wzhd) & #5287025 (Noktuo)	errado
都是你的错。	O erro foi todo seu.	CC-BY 2.0 (France) Attribution: tatoeba.org #4972523 (wzhd) & #5287024 (Noktuo)	ok
你是个乐观主义者。	Você é otimista.	CC-BY 2.0 (France) Attribution: tatoeba.org #4972527 (wzhd) & #5287023 (Noktuo)	ok
汤姆看起来一点也不开心。	Tom não parecia nada feliz.	CC-BY 2.0 (France) Attribution: tatoeba.org #4972575 (wzhd) & #5038631 (Noktuo)	ok
我们在看着你。	Estivemos te observando.	CC-BY 2.0 (France) Attribution: tatoeba.org #4972582 (wzhd) & #5038629 (Noktuo)	errado
汤姆想知道玛丽在哪里学会了法语。	Tom gostaria de saber onde Maria aprendeu francês.	CC-BY 2.0 (France) Attribution: tatoeba.org #4972585 (wzhd) & #5038626 (Noktuo)	errado
十一点准时到车站。	Chegue na estação às onze em ponto.	CC-BY 2.0 (France) Attribution: tatoeba.org #4972587 (wzhd) & #5038623 (Noktuo)	ok
汤姆没有告诉我他不会游泳。	Tom não me disse que não sabia nadar.	CC-BY 2.0 (France) Attribution: tatoeba.org #4972607 (wzhd) & #5038620 (Noktuo)	ok
你的卧室里没有人。	Não há ninguém no seu quarto.	CC-BY 2.0 (France) Attribution: tatoeba.org #4972631 (wzhd) & #5038617 (Noktuo)	ok
你不再能伤害到我了。	Você não pode mais me machucar.	CC-BY 2.0 (France) Attribution: tatoeba.org #4972638 (wzhd) & #5038614 (Noktuo)	ok
汤姆是如何出狱的？	Como o Tom saiu da cadeia?	CC-BY 2.0 (France) Attribution: tatoeba.org #4972681 (wzhd) & #5038612 (Noktuo)	ok
我们经常讨论天气。	Nós estamos sempre falando do tempo.	CC-BY 2.0 (France) Attribution: tatoeba.org #4972684 (wzhd) & #5038611 (Noktuo)	errado
我的报纸在哪里？	Onde está meu jornal?	CC-BY 2.0 (France) Attribution: tatoeba.org #4972686 (wzhd) & #5038609 (Noktuo)	ok
汤姆没有父亲。	Tom não tem pai.	CC-BY 2.0 (France) Attribution: tatoeba.org #4972752 (wzhd) & #5038608 (Noktuo)	ok
汤姆在游泳。	Tom está a nadar.	CC-BY 2.0 (France) Attribution: tatoeba.org #4997730 (wzhd) & #5082241 (zvzuibqx)	ok
别缠我了!	Não me encha o saco!	CC-BY 2.0 (France) Attribution: tatoeba.org #5008719 (shanghainese) & #5038600 (Noktuo)	ok
你知道誰發明了電報機嗎？	Você sabe quem inventou o telégrafo?	CC-BY 2.0 (France) Attribution: tatoeba.org #5011018 (zvzuibqx) & #999725 (alexmarcelo)	ok
我喜欢打游戏。	Eu gosto de jogar jogos.	CC-BY 2.0 (France) Attribution: tatoeba.org #5019005 (paulstiles91) & #5038596 (Noktuo)	ok
這些句子都需要句號。	Todas estas frases precisam de ponto final.	CC-BY 2.0 (France) Attribution: tatoeba.org #5024001 (egg0073) & #5038593 (Noktuo)	ok
我感觉大家都在关注我。	Eu acho que todos estão prestando atenção em você.	CC-BY 2.0 (France) Attribution: tatoeba.org #5026442 (murr) & #5038592 (Noktuo)	errado
你感觉如何？	Como você está se sentindo?	CC-BY 2.0 (France) Attribution: tatoeba.org #5026446 (murr) & #870701 (alexmarcelo)	ok
这样对待他似乎不太公平。	Este modo de tratá-lo não parece muito justo.	CC-BY 2.0 (France) Attribution: tatoeba.org #5026683 (murr) & #5038590 (Noktuo)	ok
多!	Muito	CC-BY 2.0 (France) Attribution: tatoeba.org #5064977 (mavaddat) & #5912062 (Thai)	ok
汤姆在笑。	Tom está a rir.	CC-BY 2.0 (France) Attribution: tatoeba.org #5072342 (musclegirlxyp) & #5082213 (zvzuibqx)	ok
限制白糖和盐的摄取量。	Limite o consumo de açúcar refinado e sal.	CC-BY 2.0 (France) Attribution: tatoeba.org #5085533 (Jubilee11) & #5434457 (Noktuo)	errado
请唱歌。	Por favor, cantem.	CC-BY 2.0 (France) Attribution: tatoeba.org #5092671 (mirrorvan) & #8995479 (lucasmg123)	errado
你经常说谎的话，别人就再也不会相信你的话了。	Se você ficar contando mentiras a todo momento, as pessoas vão parar de acreditar na sua palavra.	CC-BY 2.0 (France) Attribution: tatoeba.org #5094858 (Jin_Dehong) & #5409069 (Noktuo)	ok
看见汤姆的他们，并不高兴。	Eles não estão felizes de ver o Tom.	CC-BY 2.0 (France) Attribution: tatoeba.org #5301843 (bingxiong) & #2179406 (alexmarcelo)	ok
游泳非常有趣。	Nadar é muito divertido.	CC-BY 2.0 (France) Attribution: tatoeba.org #5350367 (egg0073) & #5350361 (ToinhoAlam)	ok
你買了一個哈密瓜？	Você comprou um melão?	CC-BY 2.0 (France) Attribution: tatoeba.org #5370515 (xjjAstrus) & #970323 (alexmarcelo)	errado
人們喜歡他，因為他很友善。	As pessoas gostam dele porque ele é amigável.	CC-BY 2.0 (France) Attribution: tatoeba.org #5410861 (egg0073) & #5412031 (Noktuo)	ok
下次請晚一點到。	Da próxima vez chegue um pouco mais tarde.	CC-BY 2.0 (France) Attribution: tatoeba.org #5410863 (egg0073) & #5412029 (Noktuo)	ok
不管一個人有多老，他都能學習。	Não importa quão velha seja uma pessoa, ela ainda pode aprender.	CC-BY 2.0 (France) Attribution: tatoeba.org #5410878 (egg0073) & #5412017 (Noktuo)	ok
她現在更加年長也更加有智慧。	Ela agora está ainda mais velha e sábia.	CC-BY 2.0 (France) Attribution: tatoeba.org #5411170 (egg0073) & #5412015 (Noktuo)	ok
她的生活很寂寞。	A vida dela é muito solitária.	CC-BY 2.0 (France) Attribution: tatoeba.org #5411250 (egg0073) & #5412011 (Noktuo)	ok
女孩们睡着了	As garotas estavam dormindo.	CC-BY 2.0 (France) Attribution: tatoeba.org #5411826 (Janevy) & #5411961 (Noktuo)	errado
每个人都想要得到无法拥有的东西	Todo mundo quer aquilo que não pode ter.	CC-BY 2.0 (France) Attribution: tatoeba.org #5411837 (Janevy) & #5411957 (Noktuo)	ok
我偶尔喜欢看着窗外发呆	Eu às vezes gosto de ficar na janela olhando o nada.	CC-BY 2.0 (France) Attribution: tatoeba.org #5412400 (Janevy) & #5420995 (Noktuo)	ok
他看着那幅画出神。	Eu olhei aquela pintura perdido em transe.	CC-BY 2.0 (France) Attribution: tatoeba.org #5412405 (Janevy) & #5420988 (Noktuo)	errado
我昨天喝多了	Ontem eu bebi demais.	CC-BY 2.0 (France) Attribution: tatoeba.org #5414466 (Janevy) & #5420983 (Noktuo)	ok
每个人都很困惑	Todo mundo estava confuso.	CC-BY 2.0 (France) Attribution: tatoeba.org #5414469 (Janevy) & #4452983 (Ricardo14)	errado
你不用工作吗	Você não precisa de trabalhar?	CC-BY 2.0 (France) Attribution: tatoeba.org #5414471 (Janevy) & #5420981 (Noktuo)	ok
我送给汤姆一份临别礼物	Eu dei um presente de despedida para o Tom.	CC-BY 2.0 (France) Attribution: tatoeba.org #5426366 (Janevy) & #5432350 (Noktuo)	ok
你必须做晚饭吗？	Você precisa fazer a janta?	CC-BY 2.0 (France) Attribution: tatoeba.org #5433144 (liangh) & #5436040 (Noktuo)	ok
我当然告诉了她。	Naturalmente que eu falei pra ele.	CC-BY 2.0 (France) Attribution: tatoeba.org #5433151 (liangh) & #5436016 (Noktuo)	errado
我告诉他们你饿了。	Eu disse a eles que ele estava com fome.	CC-BY 2.0 (France) Attribution: tatoeba.org #5433152 (liangh) & #5436011 (Noktuo)	errado
如果汤姆没有做他应当做的事，请让我知道。	Se o Tom não tiver feito o que ele tinha de fazer, por favor me deixe saber.	CC-BY 2.0 (France) Attribution: tatoeba.org #5433153 (liangh) & #5436010 (Noktuo)	ok
Tom喝了點柳橙汁。	Tom bebeu um pouco de suco de laranja.	CC-BY 2.0 (France) Attribution: tatoeba.org #5548511 (egg0073) & #4333071 (ajdavidl)	ok
聰明的領袖知道什麼時候要聽取他人意見。	Um líder sábio sabe quando ouvir os outros.	CC-BY 2.0 (France) Attribution: tatoeba.org #5549603 (verdastelo9604) & #4952289 (ajdavidl)	ok
你碰巧认识了布朗教授吗？	Você conhece o professor Brown por acaso?	CC-BY 2.0 (France) Attribution: tatoeba.org #5549907 (verdastelo9604) & #2778616 (Sitko)	ok
在这场音乐会上观众有很多。	Havia uma grande audiência no concerto.	CC-BY 2.0 (France) Attribution: tatoeba.org #5550060 (verdastelo9604) & #341207 (tinacalysto)	ok
這檔案在哪也找不到。	O documento não estava em lugar algum.	CC-BY 2.0 (France) Attribution: tatoeba.org #5550083 (verdastelo9604) & #1469753 (roger_rf)	errado
出什么事了？公寓里全是水。	O que aconteceu? Há água por todo o apartamento.	CC-BY 2.0 (France) Attribution: tatoeba.org #5550249 (verdastelo9604) & #417995 (brauliobezerra)	ok
很多人想彈劾尼克松總統。	Muitas pessoas queriam o impeachment do presidente Nixon.	CC-BY 2.0 (France) Attribution: tatoeba.org #5551032 (verdastelo9604) & #2453640 (alexmarcelo)	ok
这条规则可以按不同方式解释。	Essa regra pode ser interpretada de diferentes maneiras.	CC-BY 2.0 (France) Attribution: tatoeba.org #5551042 (verdastelo9604) & #1674073 (DracoKall)	ok
冰雹打壞了莊稼。	A chuva de granizo arruinou as colheitas.	CC-BY 2.0 (France) Attribution: tatoeba.org #5551119 (verdastelo9604) & #2192092 (acbarbosa)	ok
我来自四国。	Venho de Shikoku.	CC-BY 2.0 (France) Attribution: tatoeba.org #5552378 (verdastelo9604) & #1368211 (alexmarcelo)	ok
“你能动一下吗？”“哦，对不起，我不知道自己占了那么多空间。”	"Você poderia mover-se um pouco?" Oh, desculpe-me, não percebi que estava tomando tanto espaço.	CC-BY 2.0 (France) Attribution: tatoeba.org #5552618 (verdastelo9604) & #2780248 (Sitko)	ok
汤姆是机器人。	Tom é um robô.	CC-BY 2.0 (France) Attribution: tatoeba.org #5575432 (grindeldore) & #5575959 (bill)	ok
她在睡觉。	Ela está a dormir.	CC-BY 2.0 (France) Attribution: tatoeba.org #5580848 (grindeldore) & #8146568 (zvzuibqx)	ok
我不是中国人。	Eu não sou chinês.	CC-BY 2.0 (France) Attribution: tatoeba.org #5581036 (grindeldore) & #5970527 (Ricardo14)	ok
這是一個很重要的消息。	É uma notícia de grande importância.	CC-BY 2.0 (France) Attribution: tatoeba.org #5660038 (xjjAstrus) & #1641685 (alexmarcelo)	ok
這是一個很重要的新聞。	É uma notícia de grande importância.	CC-BY 2.0 (France) Attribution: tatoeba.org #5660041 (xjjAstrus) & #1641685 (alexmarcelo)	ok
湯姆告訴我他不喜歡碳酸飲料。	Tom me disse que não gosta de bebidas gaseificadas.	CC-BY 2.0 (France) Attribution: tatoeba.org #5694473 (verdastelo9604) & #5234803 (ToinhoAlam)	ok
我要找到我的鑰匙。	Eu preciso encontrar a minha chave.	CC-BY 2.0 (France) Attribution: tatoeba.org #5728116 (xjjAstrus) & #12080270 (FishlandicFishy)	ok
翻譯這個詞。	Traduza essa palavra.	CC-BY 2.0 (France) Attribution: tatoeba.org #5731247 (xjjAstrus) & #12080372 (FishlandicFishy)	ok
他是一名建築師。	Ele é arquiteto.	CC-BY 2.0 (France) Attribution: tatoeba.org #5776829 (xjjAstrus) & #3813368 (Laudemilson)	ok
中國的四大名著是《西遊記》《三國演義》《水滸傳》和《紅樓夢》。	Os Quatro Grandes Romances Clássicos da China são Jornada ao Oeste, Romance dos Três Reinos, Margem da Água e O Sonho da Câmara Vermelha.	CC-BY 2.0 (France) Attribution: tatoeba.org #5838116 (xjjAstrus) & #10686834 (Cangarejo)	ok
湯姆的妻子是教師。	A esposa de Tom é professora.	CC-BY 2.0 (France) Attribution: tatoeba.org #5854738 (xjjAstrus) & #5854737 (bill)	ok
他自己創造了一種語言。	Ele criou sua própria língua.	CC-BY 2.0 (France) Attribution: tatoeba.org #5856316 (xjjAstrus) & #12832980 (Luguero)	ok
你會釣魚嗎？	Tu sabes pescar?	CC-BY 2.0 (France) Attribution: tatoeba.org #5968189 (xjjAstrus) & #5968186 (sergiomelo)	ok
警察找到指纹了吗？	A polícia encontrou alguma impressão digital?	CC-BY 2.0 (France) Attribution: tatoeba.org #5983666 (verdastelo9604) & #5116682 (ajdavidl)	ok
日本人在一九四一年十二月七日襲擊珍珠港。	Os japoneses atacaram Pearl Harbor em 7 de dezembro de 1941.	CC-BY 2.0 (France) Attribution: tatoeba.org #5989634 (egg0073) & #1366903 (alexmarcelo)	ok
狗在桌子下边。	O cachorro está em baixo da mesa.	CC-BY 2.0 (France) Attribution: tatoeba.org #6002105 (Thai) & #6002104 (Thai)	ok
你能把車停在這兒嗎？	Você pode estacionar o carro aqui?	CC-BY 2.0 (France) Attribution: tatoeba.org #6014643 (xjjAstrus) & #12080412 (FishlandicFishy)	ok
湯姆有糖尿病。	Tom é diabético.	CC-BY 2.0 (France) Attribution: tatoeba.org #6014663 (xjjAstrus) & #6014654 (bill)	ok
我想学汉语和日语。	Eu quero aprender Chinês e Japonês.	CC-BY 2.0 (France) Attribution: tatoeba.org #6055115 (verdakoro) & #6055916 (sergiomelo)	ok
我有個盲鄰居。	Eu tinha um vizinho que era cego.	CC-BY 2.0 (France) Attribution: tatoeba.org #6057858 (verdastelo9604) & #5981914 (Ricardo14)	errado
你聽見有人叫你的名字嗎？	Você ouviu chamarem o seu nome?	CC-BY 2.0 (France) Attribution: tatoeba.org #6065354 (verdastelo9604) & #965951 (une_monica)	ok
我是明惠。	Eu sou Minghui.	CC-BY 2.0 (France) Attribution: tatoeba.org #6142022 (xjjAstrus) & #12080310 (FishlandicFishy)	ok
總統不得解散國會。	O Presidente não pode dissolver o Parlamento.	CC-BY 2.0 (France) Attribution: tatoeba.org #6142335 (LeviHighway) & #12080356 (FishlandicFishy)	ok
湯姆是個普通的青少年。	Tom é um adolescente normal.	CC-BY 2.0 (France) Attribution: tatoeba.org #6325099 (verdastelo9604) & #5260212 (carlosalberto)	ok
汤姆是好人。	Tom é uma boa pessoa.	CC-BY 2.0 (France) Attribution: tatoeba.org #6449458 (Penny_Bo) & #770772 (brauliobezerra)	ok
她笑得停不下來。	Ela não consegue parar de rir.	CC-BY 2.0 (France) Attribution: tatoeba.org #6470896 (xjjAstrus) & #1648712 (alexmarcelo)	errado
我们从来都没说过我们是加拿大人。	Nunca dissemos que nós éramos canadenses.	CC-BY 2.0 (France) Attribution: tatoeba.org #6590332 (Yetiowin) & #4709949 (Ricardo14)	ok
你是从波士顿来的吗。	Você é de Boston?	CC-BY 2.0 (France) Attribution: tatoeba.org #6590339 (Yetiowin) & #4571023 (ajdavidl)	ok
为什么你想和我谈谈吗?	Por que você quer falar comigo?	CC-BY 2.0 (France) Attribution: tatoeba.org #6677955 (happyui89) & #6677949 (Ricardo14)	errado
他不了解我。	Ele não me entende.	CC-BY 2.0 (France) Attribution: tatoeba.org #6677970 (happyui89) & #6677965 (Ricardo14)	ok
我可能会出租车。	Eu provavelmente vou de táxi.	CC-BY 2.0 (France) Attribution: tatoeba.org #6677978 (happyui89) & #6677972 (Ricardo14)	errado
太远去的脚从这里到酒店。 最好采取一辆出租车，	É muito longe para ir a pé daqui ao hotel. Melhor pegar um táxi,	CC-BY 2.0 (France) Attribution: tatoeba.org #6678004 (happyui89) & #6677977 (Ricardo14)	ok
你喜欢菠萝汁？	Você gosta de suco de abacaxi?	CC-BY 2.0 (France) Attribution: tatoeba.org #6678017 (happyui89) & #6678008 (Ricardo14)	ok
你把那个拿走.	Leve isso.	CC-BY 2.0 (France) Attribution: tatoeba.org #6850365 (mao) & #7234693 (iart61)	ok
赢不了。	Eu não consigo vencer.	CC-BY 2.0 (France) Attribution: tatoeba.org #6940032 (Cheng) & #4933865 (Ricardo14)	errado
他们从不说谎。	Eles não mentem nunca.	CC-BY 2.0 (France) Attribution: tatoeba.org #7768216 (jiangche) & #1312490 (alexmarcelo)	ok
女人很年轻。	A mulher é jovem.	CC-BY 2.0 (France) Attribution: tatoeba.org #7772406 (jiangche) & #2434041 (alexmarcelo)	ok
你最喜欢的操作系统是哪个？	Qual é o seu sistema de controle favorito?	CC-BY 2.0 (France) Attribution: tatoeba.org #7774751 (jiangche) & #12080417 (FishlandicFishy)	errado
中国与巴基斯坦、印度、阿富汗、塔吉克斯坦、吉尔吉斯斯坦、哈萨克斯坦、北朝鲜、老挝、越南、尼泊尔、不丹、缅甸、蒙古和俄罗斯接壤。	A China faz fronteira com o Paquistão, a Índia, o Afeganistão, o Tajiquistão, o Quirguistão, o Cazaquistão, a Coreia do Norte, o Laos, o Vietnã, o Nepal, o Butão, a Birmânia, a Mongólia e a Rússia.	CC-BY 2.0 (France) Attribution: tatoeba.org #7779230 (jiangche) & #3312466 (mervert1)	ok
我们可以帮汤姆。	Nós podemos ajudar o Tom.	CC-BY 2.0 (France) Attribution: tatoeba.org #7781485 (jiangche) & #4764359 (KimiP)	ok
你怕狗吗？	Tens medo de cães?	CC-BY 2.0 (France) Attribution: tatoeba.org #7781713 (jiangche) & #8272811 (Adelpa)	ok
我还不想公开这条新闻。	Não quero que essas notícias sejam difundidas ainda.	CC-BY 2.0 (France) Attribution: tatoeba.org #8463693 (gumblex) & #913141 (alexmarcelo)	ok
我什么都不用做。	Não preciso fazer nada.	CC-BY 2.0 (France) Attribution: tatoeba.org #8463700 (gumblex) & #8214058 (MacGyver)	ok
有人应该帮汤姆做这些事。	Tom deve mandar alguém fazer isso para ele.	CC-BY 2.0 (France) Attribution: tatoeba.org #8499988 (maxine) & #6171541 (carlosalberto)	errado
我永远无法知道他对我说谎的理由。	Eu nunca saberei a razão pela qual ele mentiu para mim.	CC-BY 2.0 (France) Attribution: tatoeba.org #8500202 (black333) & #5083005 (ToinhoAlam)	ok
这只猫不抓老鼠。	Este gato não persegue ratos.	CC-BY 2.0 (France) Attribution: tatoeba.org #8500215 (black333) & #4814976 (Ricardo14)	errado
我现在没有钱。	Eu não tenho dinheiro agora.	CC-BY 2.0 (France) Attribution: tatoeba.org #8589662 (tianblr) & #7695759 (Ricardo14)	ok
草莓在哪裡？	Onde estão os morangos?	CC-BY 2.0 (France) Attribution: tatoeba.org #8824156 (xjjAstrus) & #5527872 (ianna)	ok
汤姆有自闭症吗？	Tom é autista?	CC-BY 2.0 (France) Attribution: tatoeba.org #8832691 (crescat) & #4760350 (bill)	ok
我学土耳其语。	Aprendo turco.	CC-BY 2.0 (France) Attribution: tatoeba.org #8860650 (iiujik) & #1437829 (alexmarcelo)	ok
JavaScript是一种编程语言。	JavaScript é uma linguagem de programação.	CC-BY 2.0 (France) Attribution: tatoeba.org #8928664 (iiujik) & #5051430 (ajdavidl)	ok
請回答我的問題。	Responda a minha pergunta, por favor.	CC-BY 2.0 (France) Attribution: tatoeba.org #8962860 (egg0073) & #8995433 (Akira123)	ok
这本书虽然很厚，但是不贵。	Esse livro é grosso, mas não é caro.	CC-BY 2.0 (France) Attribution: tatoeba.org #8976063 (crescat) & #8995424 (Akira123)	ok
你觉得汤姆打算做什么？	O que você acha que o Tom planeja fazer?	CC-BY 2.0 (France) Attribution: tatoeba.org #9007338 (Kenbi93) & #7414308 (Ricardo14)	ok
为什么我在哭？	Por que estou chorando?	CC-BY 2.0 (France) Attribution: tatoeba.org #9007526 (jacintoo) & #5513175 (bill)	ok
我的筆記本在哪裡？	Onde está o meu caderno?	CC-BY 2.0 (France) Attribution: tatoeba.org #9054611 (xjjAstrus) & #3274419 (Ricardo14)	ok
他是葡萄牙人。	Ele é português.	CC-BY 2.0 (France) Attribution: tatoeba.org #9238115 (xjjAstrus) & #3559588 (carlosalberto)	ok
现在几点钟?	Que horas são?	CC-BY 2.0 (France) Attribution: tatoeba.org #9272849 (Cintra) & #405089 (brauliobezerra)	ok
星期天几号?	Que dia é domingo?	CC-BY 2.0 (France) Attribution: tatoeba.org #9272998 (Cintra) & #9273005 (Cintra)	ok
你知道密码吗？	Você sabe a senha?	CC-BY 2.0 (France) Attribution: tatoeba.org #9410042 (BobbyLee) & #8940267 (Ricardo14)	ok
荷蘭的首都是什麽？	Que cidade é a capital da Holanda?	CC-BY 2.0 (France) Attribution: tatoeba.org #9453341 (eltacodemex) & #7118930 (iart61)	ok
尼德蘭的首都是什麽？	Que cidade é a capital da Holanda?	CC-BY 2.0 (France) Attribution: tatoeba.org #9453343 (eltacodemex) & #7118930 (iart61)	ok
如果你想要，你可以拥有它。	Se quiser, pode pegar.	CC-BY 2.0 (France) Attribution: tatoeba.org #9476907 (jin1) & #9476894 (bill)	ok
如果你想要的话，你就拿吧。	Se quiser, pode pegar.	CC-BY 2.0 (France) Attribution: tatoeba.org #9476909 (jin1) & #9476894 (bill)	ok
亞歷山大大帝死在巴比倫。	Alexandre, o Grande, morreu na Babilônia.	CC-BY 2.0 (France) Attribution: tatoeba.org #9740285 (timmerix) & #9740772 (bill)	ok
你想在德国买房吗？	Você quer comprar uma casa na Alemanha?	CC-BY 2.0 (France) Attribution: tatoeba.org #9953323 (GlossaMatik) & #1782961 (alexmarcelo)	ok
如果那个男人再犯一个错误，我就开除他。	Se aquele homem cometer mais um erro eu vou demiti-lo.	CC-BY 2.0 (France) Attribution: tatoeba.org #9955878 (GlossaMatik) & #1387500 (vitoreiji)	ok
我也不想玩。	Eu também não estou com vontade de jogar.	CC-BY 2.0 (France) Attribution: tatoeba.org #9955892 (GlossaMatik) & #2695746 (carlosalberto)	errado
我喜欢交新朋友。	Eu gosto de conhecer novas pessoas.	CC-BY 2.0 (France) Attribution: tatoeba.org #9956921 (GlossaMatik) & #8941955 (carlosalberto)	ok
你没注意到吗？	Você não percebeu isso?	CC-BY 2.0 (France) Attribution: tatoeba.org #9958192 (GlossaMatik) & #7108580 (alexmarcelo)	ok
它已经开放了。	Já está aberto.	CC-BY 2.0 (France) Attribution: tatoeba.org #9958522 (GlossaMatik) & #4867225 (bill)	ok
汤姆告诉你他昨天为什么不去学校了吗？	O Tomás disse-te por que é que ontem não estava na escola?	CC-BY 2.0 (France) Attribution: tatoeba.org #9958536 (GlossaMatik) & #7024594 (iart61)	ok
有钱人可以做他们想做的事。	Quem dinheiro tiver, fará o que quiser.	CC-BY 2.0 (France) Attribution: tatoeba.org #9958558 (GlossaMatik) & #655129 (Gyuri)	errado
汤姆发现了一种宣布他新闻的新方法。	O Tom encontrou um novo jeito de anunciar as notícias.	CC-BY 2.0 (France) Attribution: tatoeba.org #9960198 (GlossaMatik) & #2436216 (MarlonX19)	ok
我们星期五傍晚在我们的地盘开派对。	Estamos dando uma festa sexta-feira de noite lá em casa.	CC-BY 2.0 (France) Attribution: tatoeba.org #9961241 (GlossaMatik) & #3091323 (MarlonX19)	ok
古滕堡是德国人。	Gutenberg era alemão.	CC-BY 2.0 (France) Attribution: tatoeba.org #9961258 (GlossaMatik) & #1012062 (alexmarcelo)	ok
耶路撒冷是犹太人的圣城。	Jerusalém é a cidade santa dos judeus.	CC-BY 2.0 (France) Attribution: tatoeba.org #9961273 (GlossaMatik) & #989890 (alexmarcelo)	ok
这是我的目的。	Esse é o meu objetivo.	CC-BY 2.0 (France) Attribution: tatoeba.org #9961355 (GlossaMatik) & #5530588 (bill)	ok
我们坐飞机去纽约了。	Nós fomos a Nova Iorque de avião.	CC-BY 2.0 (France) Attribution: tatoeba.org #9961396 (GlossaMatik) & #2152419 (lazymoose)	ok
这是场有趣的辩论。	Foi um debate interessante.	CC-BY 2.0 (France) Attribution: tatoeba.org #9962337 (GlossaMatik) & #6817667 (Ricardo14)	errado
这是我第一次犯这样的错误。	É a primeira vez que eu cometo um erro assim.	CC-BY 2.0 (France) Attribution: tatoeba.org #9962871 (GlossaMatik) & #2571849 (alexmarcelo)	ok
我想给家人打电话。	Gostaria de ligar para a minha família.	CC-BY 2.0 (France) Attribution: tatoeba.org #9963202 (GlossaMatik) & #1396617 (alexmarcelo)	ok
我妈讨厌夏天的高温。	A minha mãe odeia o calor do verão.	CC-BY 2.0 (France) Attribution: tatoeba.org #9964328 (GlossaMatik) & #1557768 (alexmarcelo)	ok
汤姆站立困难。	Tom tinha dificuldade para se levantar.	CC-BY 2.0 (France) Attribution: tatoeba.org #9964384 (GlossaMatik) & #8627116 (JGEN)	errado
汤姆找不到他的包了。	Tom não consegue encontrar sua bolsa.	CC-BY 2.0 (France) Attribution: tatoeba.org #9965321 (GlossaMatik) & #1708464 (alexmarcelo)	ok
汤姆没受伤。	Tom não estava machucado.	CC-BY 2.0 (France) Attribution: tatoeba.org #9965330 (GlossaMatik) & #6289658 (ToinhoAlam)	ok
上天保佑，一切都会好起来。	Se Deus quiser, vai dar tudo certo.	CC-BY 2.0 (France) Attribution: tatoeba.org #9965537 (GlossaMatik) & #8199139 (josivangoncalves)	ok
科学家们正努力终结艾滋病。	Cientistas estão trabalhando duro para acabar com a AIDS.	CC-BY 2.0 (France) Attribution: tatoeba.org #9965664 (GlossaMatik) & #1571722 (paula_guisard)	ok
你什么时候做完工作？	Quando você vai terminar o seu trabalho?	CC-BY 2.0 (France) Attribution: tatoeba.org #9968742 (GlossaMatik) & #3704620 (Ricardo14)	ok
他不会去芬兰建大学。	Ele não vai construir uma universidade na Finlândia.	CC-BY 2.0 (France) Attribution: tatoeba.org #9968905 (GlossaMatik) & #12080439 (FishlandicFishy)	ok
汤姆和玛丽在客厅里。	Tom está na sala de estar com Mary.	CC-BY 2.0 (France) Attribution: tatoeba.org #9968906 (GlossaMatik) & #3443460 (piterkeo)	ok
毕竟，我应认真相信些什么？	Em quê, afinal, devo acreditar seriamente?	CC-BY 2.0 (France) Attribution: tatoeba.org #9969171 (GlossaMatik) & #1150287 (tulio)	ok
我没去过澳大利亚。	Eu nunca estive na Austrália.	CC-BY 2.0 (France) Attribution: tatoeba.org #9969190 (GlossaMatik) & #6958191 (Ricardo14)	ok
足球在巴西是最受欢迎的运动。	O futebol é o esporte mais popular do Brasil.	CC-BY 2.0 (France) Attribution: tatoeba.org #9969238 (GlossaMatik) & #4866770 (bill)	ok
别对孩子们这么凶。	Não seja tão rígido com as crianças.	CC-BY 2.0 (France) Attribution: tatoeba.org #9970083 (GlossaMatik) & #341110 (tinacalysto)	ok
我去参观了莎士比亚的故居。	Eu visitei a casa onde Shakespeare nasceu.	CC-BY 2.0 (France) Attribution: tatoeba.org #9970153 (GlossaMatik) & #3446647 (Welton)	ok
我们应该对人使用基因编辑吗？	Devemos usar engenharia genética em seres humanos?	CC-BY 2.0 (France) Attribution: tatoeba.org #9970747 (GlossaMatik) & #1558926 (roger_rf)	errado
跟汤姆问好。	Cumprimenta o Tom.	CC-BY 2.0 (France) Attribution: tatoeba.org #9972405 (GlossaMatik) & #5093649 (bill)	ok
他们都爱我。	Todos eles me amam.	CC-BY 2.0 (France) Attribution: tatoeba.org #9972460 (GlossaMatik) & #3706100 (ajdavidl)	ok
马里是在撒哈拉以南非洲最贫穷的国家之一。	O Mali é um dos países mais pobres da África Subsaariana.	CC-BY 2.0 (France) Attribution: tatoeba.org #9972807 (GlossaMatik) & #6993920 (iart61)	ok
他给我们看他母亲的照片。	Ele nos mostrou a foto da mãe dele.	CC-BY 2.0 (France) Attribution: tatoeba.org #9972845 (GlossaMatik) & #8328822 (JGEN)	ok
我的干衣服又湿了，因为突然下起雨了。	As minhas roupas secas estão ficando molhadas porque de repente começou a chover.	CC-BY 2.0 (France) Attribution: tatoeba.org #9973740 (GlossaMatik) & #6981156 (Ricardo14)	ok
汤姆是玛丽亚丈夫最好的朋友。	O Tom é o melhor amigo do marido de Maria.	CC-BY 2.0 (France) Attribution: tatoeba.org #9973755 (GlossaMatik) & #2418323 (MarlonX19)	ok
我干了很多我妈不知道的事。	Eu faço muitas coisas que a minha mãe não sabe que eu faço.	CC-BY 2.0 (France) Attribution: tatoeba.org #9974950 (GlossaMatik) & #5300733 (ToinhoAlam)	ok
我想画画了。	Eu quero desenhar.	CC-BY 2.0 (France) Attribution: tatoeba.org #9992070 (GlossaMatik) & #12080470 (FishlandicFishy)	ok
我想要个抱抱。	Eu quero um abraço.	CC-BY 2.0 (France) Attribution: tatoeba.org #10006480 (GlossaMatik) & #10938441 (DJ_Saidez)	ok
你的眼镜最棒了。	Seus óculos são ótimos.	CC-BY 2.0 (France) Attribution: tatoeba.org #10011681 (GlossaMatik) & #12080403 (FishlandicFishy)	ok
虽然他是中国人，但他不会说中文。	Apesar de ser chinês, ele não fala chinês.	CC-BY 2.0 (France) Attribution: tatoeba.org #10019733 (GlossaMatik) & #4831994 (KimiP)	ok
希腊语很难学。	É difícil aprender grego.	CC-BY 2.0 (France) Attribution: tatoeba.org #10024491 (GlossaMatik) & #1810445 (alexmarcelo)	ok
我不懂葡萄牙語。	Não entendo o português.	CC-BY 2.0 (France) Attribution: tatoeba.org #10040331 (verdastelo9604) & #11906695 (ajdavidl)	ok
今天是我生日。	Hoje é meu aniversário.	CC-BY 2.0 (France) Attribution: tatoeba.org #10114136 (GlossaMatik) & #985110 (alexmarcelo)	ok
我是你。	Eu sou você.	CC-BY 2.0 (France) Attribution: tatoeba.org #10121659 (GlossaMatik) & #10157501 (carlosalberto)	ok
汤姆是个社会主义者。	Tom é socialista.	CC-BY 2.0 (France) Attribution: tatoeba.org #10188578 (iiujik) & #4378534 (Ricardo14)	ok
耶稣是个社会主义者。	Jesus era um socialista.	CC-BY 2.0 (France) Attribution: tatoeba.org #10188584 (iiujik) & #6012235 (neri)	ok
欢迎来到维基百科。	Bem-vindo à Wikipédia.	CC-BY 2.0 (France) Attribution: tatoeba.org #10188662 (iiujik) & #4256144 (DetErMinNavn)	ok
我来自埃及。	Eu sou do Egito.	CC-BY 2.0 (France) Attribution: tatoeba.org #10189718 (iiujik) & #1141526 (alexmarcelo)	ok
南北战争持续了四年。	A guerra civil dos Estados Unidos durou quatro anos.	CC-BY 2.0 (France) Attribution: tatoeba.org #10189722 (iiujik) & #2052151 (MarlonX19)	ok
法语不是我的母语。	Francês não é minha língua nativa.	CC-BY 2.0 (France) Attribution: tatoeba.org #10190601 (iiujik) & #2637128 (Ricardo14)	ok
纯粹数学是宗教。	A matemática pura é religião.	CC-BY 2.0 (France) Attribution: tatoeba.org #10192300 (iiujik) & #3469444 (carlosalberto)	ok
汉语是单音节语言。	O Chinês é uma língua monossilábica.	CC-BY 2.0 (France) Attribution: tatoeba.org #10192336 (iiujik) & #5493191 (carlosalberto)	ok
世界语是爱的语言。	O Esperanto é a língua do amor.	CC-BY 2.0 (France) Attribution: tatoeba.org #10192377 (iiujik) & #4896468 (carlosalberto)	ok
我不知道汤姆是什么时候死的。	Eu não sei quando Tom morreu.	CC-BY 2.0 (France) Attribution: tatoeba.org #10192464 (iiujik) & #7120792 (Marquetto)	ok
汤姆是一名金融分析师。	Tom é um analista financeiro.	CC-BY 2.0 (France) Attribution: tatoeba.org #10193685 (iiujik) & #4360598 (ajdavidl)	ok
我不知道，我也不想知道。	Eu não sei e também não quero saber.	CC-BY 2.0 (France) Attribution: tatoeba.org #10258117 (AwabiJan) & #4364284 (Lucy_Sasaki)	ok
門口有位警察。	Há um policial à porta.	CC-BY 2.0 (France) Attribution: tatoeba.org #10258699 (DaoSeng) & #6770468 (bookwolf)	ok
我想住在这里。	Quero morar aqui.	CC-BY 2.0 (France) Attribution: tatoeba.org #10260768 (GlossaMatik) & #6610986 (bill)	ok
圖書館在右手邊。	A biblioteca é para a direita.	CC-BY 2.0 (France) Attribution: tatoeba.org #10272576 (DaoSeng) & #1642873 (Dark)	errado
日本是一個島國。	O Japão é um país insular.	CC-BY 2.0 (France) Attribution: tatoeba.org #10280082 (DaoSeng) & #1656932 (alexmarcelo)	ok
湯姆2013年的時候被釋放了。	Tom foi liberado em 2013.	CC-BY 2.0 (France) Attribution: tatoeba.org #10304774 (DaoSeng) & #9471948 (EnriCP)	ok
巴西利亚是巴西的首都。	Brasília é a capital do Brasil.	CC-BY 2.0 (France) Attribution: tatoeba.org #10320017 (iiujik) & #4801973 (ianna)	ok
葡萄牙是共和制。	Portugal é uma república.	CC-BY 2.0 (France) Attribution: tatoeba.org #10320019 (iiujik) & #6995387 (iart61)	ok
葡萄牙和西班牙是邻居。	Portugal e Espanha são vizinhos.	CC-BY 2.0 (France) Attribution: tatoeba.org #10320020 (iiujik) & #6994009 (iart61)	ok
我来自保加利亚。	Eu sou da Bulgária.	CC-BY 2.0 (France) Attribution: tatoeba.org #10320366 (iiujik) & #1879905 (alexmarcelo)	ok
索非亚是保加利亚的首都。	Sofia é a capital da Bulgária.	CC-BY 2.0 (France) Attribution: tatoeba.org #10320371 (iiujik) & #4806081 (carlosalberto)	ok
我發現了湯姆的秘密。	Eu descobri o segredo de Tom.	CC-BY 2.0 (France) Attribution: tatoeba.org #10320462 (DaoSeng) & #6465668 (bill)	ok
瑪麗在機場。	Mary está no aeroporto.	CC-BY 2.0 (France) Attribution: tatoeba.org #10320604 (DaoSeng) & #4577006 (carlosalberto)	ok
她需要去那兒。	Ela deve ir lá.	CC-BY 2.0 (France) Attribution: tatoeba.org #10320819 (DaoSeng) & #1235269 (alexmarcelo)	errado
玫瑰有刺。	As rosas possuem espinhos.	CC-BY 2.0 (France) Attribution: tatoeba.org #10322369 (DaoSeng) & #5590665 (bill)	ok
湯姆在波士頓有朋友。	Tom tem amigos em Boston.	CC-BY 2.0 (France) Attribution: tatoeba.org #10324151 (DaoSeng) & #9714286 (Cinthya)	ok
我對牛奶過敏。	Tenho alergia ao leite.	CC-BY 2.0 (France) Attribution: tatoeba.org #10324155 (DaoSeng) & #1191789 (alexmarcelo)	ok
我想做夢。	Eu quero sonhar	CC-BY 2.0 (France) Attribution: tatoeba.org #10325721 (DaoSeng) & #4194436 (carloseperola)	ok
人生即是一場夢。	A vida é um sonho.	CC-BY 2.0 (France) Attribution: tatoeba.org #10325728 (DaoSeng) & #569580 (Shishir)	ok
湯姆在做夢嗎？	Tom está sonhando?	CC-BY 2.0 (France) Attribution: tatoeba.org #10325738 (DaoSeng) & #4962162 (bill)	ok
我的夢想是成為一名棒球運動員。	Meu sonho é ser jogador de beisebol.	CC-BY 2.0 (France) Attribution: tatoeba.org #10325743 (DaoSeng) & #1543392 (alexmarcelo)	ok
我不能放棄我的夢想。	Não posso desistir do meu sonho.	CC-BY 2.0 (France) Attribution: tatoeba.org #10326064 (DaoSeng) & #952417 (alexmarcelo)	ok
很多人都有夢想。	Muitas pessoas têm um sonho.	CC-BY 2.0 (France) Attribution: tatoeba.org #10327569 (DaoSeng) & #2597757 (Ricardo14)	ok
我的兒子八歲了。	Meu filho tem oito anos.	CC-BY 2.0 (France) Attribution: tatoeba.org #10329821 (DaoSeng) & #9955202 (Ricardo14)	ok
A和B的區別是什麼呢？	Qual é a diferença entre A e B?	CC-BY 2.0 (France) Attribution: tatoeba.org #10339546 (DaoSeng) & #2269222 (Matheus)	ok
我教生物和法語。	Eu ensino biologia e francês.	CC-BY 2.0 (France) Attribution: tatoeba.org #10339557 (DaoSeng) & #902172 (alexmarcelo)	ok
這難以置信，但是是真的。	Inacreditável, mas verdadeiro.	CC-BY 2.0 (France) Attribution: tatoeba.org #10341505 (DaoSeng) & #5310277 (carlosalberto)	ok
我来自非洲。	Sou da África.	CC-BY 2.0 (France) Attribution: tatoeba.org #10342264 (iiujik) & #6681598 (Adelpa)	ok
湯姆被瑪麗替代了。	Tom foi substituído por Maria.	CC-BY 2.0 (France) Attribution: tatoeba.org #10350383 (DaoSeng) & #5260281 (carlosalberto)	ok
湯姆是街頭藝人。	Tom é um artista de rua.	CC-BY 2.0 (France) Attribution: tatoeba.org #10355431 (DaoSeng) & #8318152 (ritualesatanum)	ok
所有的動物都是平等的，但是有的動物比別的動物更平等。	Todos os animais são iguais, mas alguns são mais iguais do que outros.	CC-BY 2.0 (France) Attribution: tatoeba.org #10355525 (DaoSeng) & #942758 (alexmarcelo)	ok
我知道这是谁的车。	Eu sei de quem é este carro.	CC-BY 2.0 (France) Attribution: tatoeba.org #10355655 (slo_oth) & #9957963 (bill)	ok
我不是湯姆。	Eu não sou o Tom.	CC-BY 2.0 (France) Attribution: tatoeba.org #10356778 (DaoSeng) & #4867286 (bill)	ok
湯姆有幽閉恐懼症。	Tom é claustrofóbico.	CC-BY 2.0 (France) Attribution: tatoeba.org #10358846 (DaoSeng) & #4378512 (Ricardo14)	ok
沒人知道她的名字。	Ninguém sabe o nome dela.	CC-BY 2.0 (France) Attribution: tatoeba.org #10358847 (DaoSeng) & #1461994 (sugoi)	ok
合作是人類唯一的救贖。	A única coisa que pode redimir a humanidade é a cooperação.	CC-BY 2.0 (France) Attribution: tatoeba.org #10360620 (DaoSeng) & #5076554 (ToinhoAlam)	errado
我的父母在澳大利亞。	Meus pais estão na Austrália.	CC-BY 2.0 (France) Attribution: tatoeba.org #10360650 (DaoSeng) & #5386178 (ajdavidl)	ok
湯姆給我們的解釋很好懂。	A explicação que o Tom nos deu foi fácil de entender.	CC-BY 2.0 (France) Attribution: tatoeba.org #10362624 (DaoSeng) & #10364973 (Ricardo14)	ok
堪薩斯州剛好位於美國的中央。	O Kansas fica bem no centro dos EUA.	CC-BY 2.0 (France) Attribution: tatoeba.org #10368473 (DaoSeng) & #1695157 (alexmarcelo)	ok
湯姆家裡很窮。	A família de Tom é pobre.	CC-BY 2.0 (France) Attribution: tatoeba.org #10455500 (DaoSeng) & #5072746 (bill)	ok
湯姆指控瑪麗不誠實。	Tom acusou Mary de não ser honesta.	CC-BY 2.0 (France) Attribution: tatoeba.org #10461327 (DaoSeng) & #3214910 (gleydin)	ok
學外語很費時間。	Aprender uma língua estrangeira requer muito tempo.	CC-BY 2.0 (France) Attribution: tatoeba.org #10467036 (DaoSeng) & #1457147 (alexmarcelo)	ok
他们不是老师。	Eles não são professores.	CC-BY 2.0 (France) Attribution: tatoeba.org #10467868 (Eldad) & #10467878 (Eldad)	ok
他是我女兒最好的朋友。	É o melhor amigo da minha filha.	CC-BY 2.0 (France) Attribution: tatoeba.org #10470555 (DaoSeng) & #10357559 (DJ_Saidez)	ok
世上有三種人：會數數的和不會數數的。	Há três tipos de pessoas no mundo: aquelas que sabem contar e aquelas que não sabem.	CC-BY 2.0 (France) Attribution: tatoeba.org #10478499 (DaoSeng) & #846980 (brauliobezerra)	ok
我有紅桃Q。	Eu tenho a dama de copas.	CC-BY 2.0 (France) Attribution: tatoeba.org #10483601 (DaoSeng) & #3694971 (carlosalberto)	ok
肖恩，安穩睡啊。	Durma bem, Sean.	CC-BY 2.0 (France) Attribution: tatoeba.org #10495253 (DaoSeng) & #1072796 (alexmarcelo)	ok
他們是俄羅斯人。	Eles são russos.	CC-BY 2.0 (France) Attribution: tatoeba.org #10495863 (DaoSeng) & #1161502 (tulio)	ok
她們是俄羅斯人。	Elas são russas.	CC-BY 2.0 (France) Attribution: tatoeba.org #10495864 (DaoSeng) & #1531400 (alexmarcelo)	ok
所有文明的國家都反對戰爭。	Todos os países civilizados estão contra a guerra.	CC-BY 2.0 (France) Attribution: tatoeba.org #10504020 (DaoSeng) & #1576827 (elencw)	ok
她們是同性戀。	Elas são homossexuais.	CC-BY 2.0 (France) Attribution: tatoeba.org #10512901 (DaoSeng) & #2811952 (alexmarcelo)	ok
我的母語是葡萄牙話。	A minha língua nativa é o português.	CC-BY 2.0 (France) Attribution: tatoeba.org #10518734 (DaoSeng) & #2708007 (Ricardo14)	ok
作者是巴西人。	O autor é brasileiro.	CC-BY 2.0 (France) Attribution: tatoeba.org #10522514 (DaoSeng) & #383890 (MUIRIEL)	ok
我不知道汤姆的袜子在哪里。	Não sei onde estão as meias do Tom.	CC-BY 2.0 (France) Attribution: tatoeba.org #10538611 (GlossaMatik) & #10622194 (MrJuice)	ok
湯姆對數學感興趣。	Tom tem interesse por matemática.	CC-BY 2.0 (France) Attribution: tatoeba.org #10546756 (DaoSeng) & #770741 (brauliobezerra)	ok
那個女的發燒了。	A mulher está com febre.	CC-BY 2.0 (France) Attribution: tatoeba.org #10547929 (DaoSeng) & #5279043 (alexmarcelo)	ok
汤姆不庆祝圣诞。	Tom não comemora o Natal.	CC-BY 2.0 (France) Attribution: tatoeba.org #10552178 (GlossaMatik) & #9498336 (bill)	ok
她沒他有力氣。	Ela é menos forte do que ele.	CC-BY 2.0 (France) Attribution: tatoeba.org #10585395 (DaoSeng) & #1163039 (tulio)	ok
她有兩千本書。	Ela tem 2.000 livros.	CC-BY 2.0 (France) Attribution: tatoeba.org #10610500 (DaoSeng) & #1050669 (alexmarcelo)	ok
別假裝你不認識我！	Não finja que não me conhece!	CC-BY 2.0 (France) Attribution: tatoeba.org #10610508 (DaoSeng) & #12827903 (Luguero)	ok
十二月二十五號聖誕節。	O Natal é no dia 25 de dezembro.	CC-BY 2.0 (France) Attribution: tatoeba.org #10617234 (DaoSeng) & #1560247 (alexmarcelo)	ok
蛋黄酱是一种乐器吗？	A maionese é um instrumento?	CC-BY 2.0 (France) Attribution: tatoeba.org #10621715 (DJ_Saidez) & #10327658 (DJ_Saidez)	ok
你是猶太人嗎？	Você é Judeu?	CC-BY 2.0 (France) Attribution: tatoeba.org #10624315 (DaoSeng) & #10625361 (Sanabio)	ok
她八歲大。	Ela tem oito anos.	CC-BY 2.0 (France) Attribution: tatoeba.org #10636704 (DaoSeng) & #1201102 (alexmarcelo)	ok
意大利语不难。	O italiano não é difícil.	CC-BY 2.0 (France) Attribution: tatoeba.org #10648758 (GlossaMatik) & #3927957 (mervert1)	ok
玛丽的妻子是双性恋。	A esposa de Mary é bissexual.	CC-BY 2.0 (France) Attribution: tatoeba.org #10649004 (GlossaMatik) & #8596304 (bill)	ok
我不知道門為甚麼是開著的。	Não sei por que a porta estava aberta.	CC-BY 2.0 (France) Attribution: tatoeba.org #10652420 (DaoSeng) & #8841016 (bill)	ok
那隻貓很可愛。	O gato é muito fofo.	CC-BY 2.0 (France) Attribution: tatoeba.org #10668635 (DaoSeng) & #1483881 (rafael8243)	ok
我不说乌克兰语。	Eu não falo ucraniano.	CC-BY 2.0 (France) Attribution: tatoeba.org #10695967 (GlossaMatik) & #6574439 (heo598)	ok
爱沙尼亚有它自己的国歌。	A Estônia possui o seu próprio hino nacional.	CC-BY 2.0 (France) Attribution: tatoeba.org #10695982 (GlossaMatik) & #5139284 (ToinhoAlam)	ok
这首诗是匿名诗人写的。	Esse poema foi escrito por um poeta anônimo.	CC-BY 2.0 (France) Attribution: tatoeba.org #10696010 (GlossaMatik) & #391572 (brauliobezerra)	ok
她看起来对他感兴趣。	Ela parece interessada nele.	CC-BY 2.0 (France) Attribution: tatoeba.org #10696045 (GlossaMatik) & #1916110 (alexmarcelo)	ok
汤姆是加拿大人。	O Tom é canadense.	CC-BY 2.0 (France) Attribution: tatoeba.org #10696148 (GlossaMatik) & #2440962 (alexmarcelo)	ok
我有糖尿病。	Eu tenho diabetes.	CC-BY 2.0 (France) Attribution: tatoeba.org #10699400 (GlossaMatik) & #5436096 (Noktuo)	ok
汤姆，谢谢你。	Obrigado, Tom.	CC-BY 2.0 (France) Attribution: tatoeba.org #10704615 (DJ_Saidez) & #10704613 (DJ_Saidez)	ok
魚睡覺嗎？	Os peixes dormem?	CC-BY 2.0 (France) Attribution: tatoeba.org #10706717 (DaoSeng) & #1522943 (alexmarcelo)	ok
沒人能預測未來。	Ninguém pode prever o futuro.	CC-BY 2.0 (France) Attribution: tatoeba.org #10706722 (DaoSeng) & #4007107 (alexmarcelo)	ok
汤姆假装他是一名医生。	Tom fingiu que era médico.	CC-BY 2.0 (France) Attribution: tatoeba.org #10713316 (AwabiJan) & #5165720 (bill)	ok
我的职业正是我的爱好。	Minha profissão é o meu hobby.	CC-BY 2.0 (France) Attribution: tatoeba.org #10713324 (AwabiJan) & #2145672 (lazymoose)	ok
把車鑰匙給我。	Me dá as chaves do carro.	CC-BY 2.0 (France) Attribution: tatoeba.org #10715252 (DaoSeng) & #7330541 (Ricardo14)	ok
我来自法国，你呢？	Eu sou da França, e você?	CC-BY 2.0 (France) Attribution: tatoeba.org #10727087 (DJ_Saidez) & #4701629 (Ricardo14)	ok
我在撒謊。	Estou mentindo.	CC-BY 2.0 (France) Attribution: tatoeba.org #10737940 (DaoSeng) & #2115306 (alexmarcelo)	ok
他们知道吗？	Eles sabem?	CC-BY 2.0 (France) Attribution: tatoeba.org #10744034 (megamanenm) & #5596532 (bill)	ok
蔬菜不能说话。	Os legumes não podem falar.	CC-BY 2.0 (France) Attribution: tatoeba.org #10744155 (megamanenm) & #10744150 (megamanenm)	ok
变成了绿色。	Ficou verde.	CC-BY 2.0 (France) Attribution: tatoeba.org #10745350 (megamanenm) & #10745346 (megamanenm)	ok
我把我的旧自行车给了汤姆。	Eu dei a minha velha bicicleta a Tom.	CC-BY 2.0 (France) Attribution: tatoeba.org #10745496 (megamanenm) & #5868003 (ajdavidl)	ok
我的英语真的很差。	Meu inglês é muito ruim.	CC-BY 2.0 (France) Attribution: tatoeba.org #10747710 (megamanenm) & #10747712 (megamanenm)	ok
她出生在墨西哥。	Ela nasceu no México.	CC-BY 2.0 (France) Attribution: tatoeba.org #10788527 (megamanenm) & #1669280 (alexmarcelo)	ok
汤姆写了这本书。	Tom escreveu este livro.	CC-BY 2.0 (France) Attribution: tatoeba.org #10871949 (gli315400) & #3490060 (piterkeo)	ok
汤姆说他今天没有课。	O Tom disse que hoje não tem aula.	CC-BY 2.0 (France) Attribution: tatoeba.org #10871962 (gli315400) & #10490896 (Ricardo14)	ok
爸，我的杯子呢？	Pai, onde está o meu copo?	CC-BY 2.0 (France) Attribution: tatoeba.org #10961055 (xjjAstrus) & #10967189 (carlosalberto)	ok
爸爸，我的杯子在哪里？	Pai, onde está o meu copo?	CC-BY 2.0 (France) Attribution: tatoeba.org #10961056 (xjjAstrus) & #10967189 (carlosalberto)	ok
东西在爸爸的车上。	As coisas estão no carro do papai.	CC-BY 2.0 (France) Attribution: tatoeba.org #10961059 (xjjAstrus) & #10967196 (carlosalberto)	ok
北京昨天天气怎么样？	Como estava o tempo ontem em Pequim?	CC-BY 2.0 (France) Attribution: tatoeba.org #10961069 (xjjAstrus) & #10967216 (carlosalberto)	ok
今天是星期二。	Hoje é terça-feira.	CC-BY 2.0 (France) Attribution: tatoeba.org #10961177 (xjjAstrus) & #4485037 (Covered)	ok
妈妈，你在想什么呢？	Mãe, sobre o que você está pensando?	CC-BY 2.0 (France) Attribution: tatoeba.org #10966720 (xjjAstrus) & #12080344 (FishlandicFishy)	ok
你的学校有多少人？	A sua escola tem quantos alunos?	CC-BY 2.0 (France) Attribution: tatoeba.org #10966790 (xjjAstrus) & #12080290 (FishlandicFishy)	ok
西西里是一座岛。	A Sicília é uma ilha.	CC-BY 2.0 (France) Attribution: tatoeba.org #10972064 (xjjAstrus) & #2442971 (alexmarcelo)	ok
我的英语很完美！	Meu inglês é perfeito!	CC-BY 2.0 (France) Attribution: tatoeba.org #11009561 (DJ_Saidez) & #4781053 (anthrax26)	ok
今天你喝水了吗？	Você bebeu água hoje?	CC-BY 2.0 (France) Attribution: tatoeba.org #11088077 (MrJuice) & #11088079 (MrJuice)	ok
小心不要摔倒。	Cuidado para não cair.	CC-BY 2.0 (France) Attribution: tatoeba.org #11199824 (Thsuom) & #1139862 (vekiano)	ok
欢迎！	Bem-vindo!	CC-BY 2.0 (France) Attribution: tatoeba.org #11241265 (Jokubas) & #390882 (brauliobezerra)	ok
汤姆爱他的妻子。	Tom ama a esposa.	CC-BY 2.0 (France) Attribution: tatoeba.org #11282480 (biscotto) & #4395561 (ajdavidl)	ok
我手機没信號。	O meu celular está sem sinal.	CC-BY 2.0 (France) Attribution: tatoeba.org #11371523 (DaoSeng) & #4040393 (alexmarcelo)	ok
我买了花。	Eu comprei flores.	CC-BY 2.0 (France) Attribution: tatoeba.org #11508980 (megamanenm) & #5867927 (ianna)	ok
你喜欢我的T恤吗？	Você gosta da minha camiseta?	CC-BY 2.0 (France) Attribution: tatoeba.org #11509045 (megamanenm) & #11509044 (megamanenm)	ok
我不早起。	Eu não me levanto cedo.	CC-BY 2.0 (France) Attribution: tatoeba.org #11509565 (megamanenm) & #1275664 (alexmarcelo)	ok
他是个酒鬼。	Ele é um bêbado.	CC-BY 2.0 (France) Attribution: tatoeba.org #11509626 (megamanenm) & #1974650 (Matheus)	ok
他的玩具是蓝色的。	Seus brinquedos são azuis.	CC-BY 2.0 (France) Attribution: tatoeba.org #11510543 (megamanenm) & #11510542 (megamanenm)	ok
他非常高大。	Ele é muito alto.	CC-BY 2.0 (France) Attribution: tatoeba.org #11515287 (megamanenm) & #1229751 (alexmarcelo)	ok
他是一个朋友吗？	Ele é um amigo?	CC-BY 2.0 (France) Attribution: tatoeba.org #11518464 (megamanenm) & #4485042 (Covered)	ok
她是一个朋友吗？	Ela é uma amiga?	CC-BY 2.0 (France) Attribution: tatoeba.org #11518474 (megamanenm) & #4485043 (Covered)	ok
他游得很好。	Ele nada bem.	CC-BY 2.0 (France) Attribution: tatoeba.org #11524435 (megamanenm) & #1201073 (alexmarcelo)	ok
她的书和她父亲一样多。	Tem tantos livros quanto seu pai.	CC-BY 2.0 (France) Attribution: tatoeba.org #11556921 (megamanenm) & #950658 (alexmarcelo)	errado
我知道汤姆是这里的一个老师。	Sei que Tom é professor aqui.	CC-BY 2.0 (France) Attribution: tatoeba.org #11698194 (Jokubas) & #11379171 (MrJuice)	ok
愚昧始终是危险的。	A ignorância é sempre perigosa.	CC-BY 2.0 (France) Attribution: tatoeba.org #11698196 (Jokubas) & #11379301 (carlosalberto)	ok
汤姆一直都忙。	Tom está sempre ocupado.	CC-BY 2.0 (France) Attribution: tatoeba.org #11698439 (Jokubas) & #1298388 (alexmarcelo)	ok
茶比牛奶贵吗？	O chá é mais custoso que o leite?	CC-BY 2.0 (France) Attribution: tatoeba.org #11698443 (Jokubas) & #7060414 (mervert1)	errado
我明天不想上班。	Não quero trabalhar amanhã.	CC-BY 2.0 (France) Attribution: tatoeba.org #11702402 (Jokubas) & #8714264 (bill)	ok
我的出生证明呢？	Onde está a minha certidão de nascimento?	CC-BY 2.0 (France) Attribution: tatoeba.org #11798469 (yue_dongchen) & #9971973 (bill)	ok
要是我有錢的話，會幫你的。	Se eu fosse rico, eu te ajudaria.	CC-BY 2.0 (France) Attribution: tatoeba.org #11825657 (DaoSeng) & #11072518 (carlosalberto)	errado
他们都在那里。	Eles estão todos lá.	CC-BY 2.0 (France) Attribution: tatoeba.org #11902437 (ejvalle) & #2845008 (alexmarcelo)	ok
不要替我說話。	Não fale por mim.	CC-BY 2.0 (France) Attribution: tatoeba.org #12002557 (corina) & #3875367 (carlosalberto)	ok
我站岗。	Eu fico de guarda.	CC-BY 2.0 (France) Attribution: tatoeba.org #12046293 (Fenrir) & #12046231 (Fenrir)	ok
你喜歡這個地方嗎？	Você gosta deste lugar?	CC-BY 2.0 (France) Attribution: tatoeba.org #12080245 (FishlandicFishy) & #1091717 (alexmarcelo)	ok
你們是義大利人嗎？	Vocês são italianos?	CC-BY 2.0 (France) Attribution: tatoeba.org #12080246 (FishlandicFishy) & #6972701 (Ricardo14)	ok
你可以待在這裏一會兒嗎？	Você pode ficar aqui por um momento?	CC-BY 2.0 (France) Attribution: tatoeba.org #12080577 (FishlandicFishy) & #12080578 (FishlandicFishy)	ok
存在主义是一种人道主义。	O existencialismo é um humanismo.	CC-BY 2.0 (France) Attribution: tatoeba.org #12137293 (Fenrir) & #12137289 (Fenrir)	ok
她是我们的女儿。	Ela é nossa filha.	CC-BY 2.0 (France) Attribution: tatoeba.org #12169847 (megamanenm) & #12169843 (megamanenm)	ok
昨天，我上学迟到了。	Ontem, cheguei tarde à escola.	CC-BY 2.0 (France) Attribution: tatoeba.org #12170596 (megamanenm) & #2604179 (alexmarcelo)	ok
我听说她去了商店。	Ouvi dizer que ela foi pro mercadinho.	CC-BY 2.0 (France) Attribution: tatoeba.org #12216158 (megamanenm) & #12216159 (megamanenm)	ok
什么动物是棕色的？	Que animal é marrom?	CC-BY 2.0 (France) Attribution: tatoeba.org #12216804 (megamanenm) & #12216809 (megamanenm)	ok
这个词有多少个音节？	Quantas sílabas essa palavra tem?	CC-BY 2.0 (France) Attribution: tatoeba.org #12216821 (megamanenm) & #3222776 (Ricardo14)	ok
我们在波士顿。	Nós estamos em Boston.	CC-BY 2.0 (France) Attribution: tatoeba.org #12259595 (augine) & #4567857 (ajdavidl)	ok
你對他的建議有什麼想法？	O que você acha da sugestão dele?	CC-BY 2.0 (France) Attribution: tatoeba.org #12278089 (FishlandicFishy) & #12276691 (MathKay)	ok
他想回家，但是他不可以。	Ele quer ir para casa, mas não pode.	CC-BY 2.0 (France) Attribution: tatoeba.org #12278090 (FishlandicFishy) & #12276686 (Advanced)	ok
她說她沒有受傷。	Ela disse que não estava machucada.	CC-BY 2.0 (France) Attribution: tatoeba.org #12278106 (FishlandicFishy) & #12271923 (Advanced)	ok
電視遙控器是怎麼運作的？	Como funcionam os controles remotos de TV?	CC-BY 2.0 (France) Attribution: tatoeba.org #12278107 (FishlandicFishy) & #12271922 (Advanced)	ok
我不能跳舞。	Não consigo dançar.	CC-BY 2.0 (France) Attribution: tatoeba.org #12278111 (FishlandicFishy) & #12270200 (MathKay)	ok
我的眼睛疼。	Meu olho dói.	CC-BY 2.0 (France) Attribution: tatoeba.org #12278115 (FishlandicFishy) & #12269577 (MathKay)	errado
我找不到我的襪子！	Não encontrei minhas meias!	CC-BY 2.0 (France) Attribution: tatoeba.org #12278119 (FishlandicFishy) & #12269551 (MathKay)	ok
我很想學法文。	Eu quero muito aprender francês.	CC-BY 2.0 (France) Attribution: tatoeba.org #12278139 (FishlandicFishy) & #5232625 (ToinhoAlam)	ok
這裏有醫生懂說日文嗎？	Há médicos aqui que conseguem falar japonês?	CC-BY 2.0 (France) Attribution: tatoeba.org #12278153 (FishlandicFishy) & #12278157 (FishlandicFishy)	ok
這是給我的。	Este é para mim.	CC-BY 2.0 (France) Attribution: tatoeba.org #12278169 (FishlandicFishy) & #8057908 (MacGyver)	ok
你知道你想做什麼嗎？	Você sabe o que você quer fazer?	CC-BY 2.0 (France) Attribution: tatoeba.org #12278310 (FishlandicFishy) & #12278309 (FishlandicFishy)	ok
你知道他想做什麼嗎？	Você sabe o que ele quer fazer?	CC-BY 2.0 (France) Attribution: tatoeba.org #12278314 (FishlandicFishy) & #12278316 (FishlandicFishy)	ok
他懂義大利文嗎？	Ele entende italiano?	CC-BY 2.0 (France) Attribution: tatoeba.org #12278353 (FishlandicFishy) & #12278348 (FishlandicFishy)	ok
為什麼？	Por quê?	CC-BY 2.0 (France) Attribution: tatoeba.org #12278373 (FishlandicFishy) & #397666 (brauliobezerra)	ok
終於！	Finalmente!	CC-BY 2.0 (France) Attribution: tatoeba.org #12278407 (FishlandicFishy) & #397678 (brauliobezerra)	ok
謝了！	Obrigado!	CC-BY 2.0 (France) Attribution: tatoeba.org #12278412 (FishlandicFishy) & #380436 (brauliobezerra)	ok
售罄了！	Tudo vendido!	CC-BY 2.0 (France) Attribution: tatoeba.org #12278414 (FishlandicFishy) & #405591 (brauliobezerra)	ok
我最好。	Eu sou o melhor.	CC-BY 2.0 (France) Attribution: tatoeba.org #12283024 (DaoSeng) & #1255924 (alexmarcelo)	ok
湯姆做事没有原則。	Tom não tem princípios.	CC-BY 2.0 (France) Attribution: tatoeba.org #12287675 (DaoSeng) & #5150236 (bill)	ok
我一点都不喜欢这个城市。	Eu não gosto nada desta cidade.	CC-BY 2.0 (France) Attribution: tatoeba.org #12292350 (WangDusheng) & #1571332 (alexmarcelo)	ok
圆圈是红色的。	O círculo é vermelho.	CC-BY 2.0 (France) Attribution: tatoeba.org #12349266 (megamanenm) & #12349265 (megamanenm)	ok
我姐姐没有车。	Minha irmã não tem carro.	CC-BY 2.0 (France) Attribution: tatoeba.org #12349306 (megamanenm) & #1129555 (alexmarcelo)	ok
我妹妹没有车。	Minha irmã não tem carro.	CC-BY 2.0 (France) Attribution: tatoeba.org #12349307 (megamanenm) & #1129555 (alexmarcelo)	ok
愛因斯坦將自己認作哲學家。	Einstein se considerava um filósofo.	CC-BY 2.0 (France) Attribution: tatoeba.org #12376581 (DaoSeng) & #972859 (alexmarcelo)	ok
你们是加拿大人吗？	Vocês são canadenses?	CC-BY 2.0 (France) Attribution: tatoeba.org #12378260 (megamanenm) & #4490836 (Ricardo14)	ok
宇宙何以開端？	Qual é a origem do Universo?	CC-BY 2.0 (France) Attribution: tatoeba.org #12387035 (DaoSeng) & #1234947 (alexmarcelo)	ok
我会买巧克力。	Eu vou comprar chocolate.	CC-BY 2.0 (France) Attribution: tatoeba.org #12615473 (Enzo) & #5972223 (sergiomelo)	ok
我们相信上帝。	Nós cremos em Deus.	CC-BY 2.0 (France) Attribution: tatoeba.org #12615504 (Enzo) & #6152253 (bill)	ok
汤姆问我是否同意他的意见。	Tom perguntou se eu concordo com ele.	CC-BY 2.0 (France) Attribution: tatoeba.org #12686108 (soueihin) & #8352850 (RYutaka)	ok
我丈夫也是老师。	Meu esposo também é professor.	CC-BY 2.0 (France) Attribution: tatoeba.org #12686310 (soueihin) & #10971878 (bill)	ok
我喜欢学习语言。	Eu gosto de aprender idiomas.	CC-BY 2.0 (France) Attribution: tatoeba.org #12957432 (acvector) & #8937418 (JGEN)	ok
我的母语是葡萄牙语。	Minha lingua nativa é o português.	CC-BY 2.0 (France) Attribution: tatoeba.org #12957451 (acvector) & #12957449 (acvector)	errado
我很生气！	Estou indignada!	CC-BY 2.0 (France) Attribution: tatoeba.org #13052744 (maina) & #1917204 (alexmarcelo)	ok
我不想在這裡過夜。	Eu não gostaria de passar a noite aqui.	CC-BY 2.0 (France) Attribution: tatoeba.org #13109029 (LeviHighway) & #13113656 (piterkeo)	errado
我喜歡冬天旅遊。	Eu adoro viajar no inverno.	CC-BY 2.0 (France) Attribution: tatoeba.org #13109163 (LeviHighway) & #6034628 (bill)	ok
小心臟啊，不要再砰砰跳了！	Acalma-te de bater, ó meu coração!	CC-BY 2.0 (France) Attribution: tatoeba.org #13109252 (LeviHighway) & #1374728 (tulio)	ok
巴西利亞是巴西首都。	Brasília é a capital do Brasil.	CC-BY 2.0 (France) Attribution: tatoeba.org #13119381 (LeviHighway) & #4801973 (ianna)	ok
爱泼斯坦没有自杀。	Epstein não se matou.	CC-BY 2.0 (France) Attribution: tatoeba.org #13346878 (rul) & #9408087 (shekitten)	ok
我会一直爱你	Eu vou te amar para todo o sempre.	CC-BY 2.0 (France) Attribution: tatoeba.org #13361520 (Xanthe) & #3186848 (Ricardo14)	ok
湯姆有一個建築師哥哥。	Tom tem um irmão arquiteto.	CC-BY 2.0 (France) Attribution: tatoeba.org #13565922 (LeviHighway) & #1416994 (alexmarcelo)	ok
湯姆有一個建築師弟弟。	Tom tem um irmão arquiteto.	CC-BY 2.0 (France) Attribution: tatoeba.org #13565923 (LeviHighway) & #1416994 (alexmarcelo)	errado
我知道我錯了，但你也不用一直當我面羞辱我啊。	Eu sei que eu errei, mas também não precisa ficar esfregando na minha cara.	CC-BY 2.0 (France) Attribution: tatoeba.org #13565938 (LeviHighway) & #6844755 (ToinhoAlam)	ok
我在中國。	Estou na China.	CC-BY 2.0 (France) Attribution: tatoeba.org #13575551 (LeviHighway) & #10817344 (Minaraih)	ok
人是人。	Pessoas são pessoas.	CC-BY 2.0 (France) Attribution: tatoeba.org #13715720 (rul) & #13715722 (rul)	ok
神是大象。	Deus é um elefante.	CC-BY 2.0 (France) Attribution: tatoeba.org #13779639 (rul) & #12311425 (Covered)	ok
如今已經没甚麼能防範大規模殺傷性武器了。	Hoje é impossível se proteger contra as armas de destruição em massa.	CC-BY 2.0 (France) Attribution: tatoeba.org #13824379 (DaoSeng) & #972447 (alexmarcelo)	ok
不予置評。	Sem comentários.	CC-BY 2.0 (France) Attribution: tatoeba.org #13849271 (LeviHighway) & #1224509 (alexmarcelo)	ok
請每種各給我三個。	Por favor, dê-me três de cada tipo.	CC-BY 2.0 (France) Attribution: tatoeba.org #13850428 (DaoSeng) & #1228193 (alexmarcelo)	ok
我給他指了路。	Eu mostrei o caminho para ele.	CC-BY 2.0 (France) Attribution: tatoeba.org #13919367 (DaoSeng) & #2750856 (Ricardo14)	ok
國會的會議是公開的。	As reuniões do Parlamento são públicas.	CC-BY 2.0 (France) Attribution: tatoeba.org #13944277 (DaoSeng) & #1717323 (Gyuri)	ok
我的名字是湯姆。	O meu nome é Tom.	CC-BY 2.0 (France) Attribution: tatoeba.org #13948584 (Adelpa) & #2487064 (MarlonX19)	ok
我的名字是朱巴。	Meu nome é Juba.	CC-BY 2.0 (France) Attribution: tatoeba.org #13948612 (Adelpa) & #3679116 (ajdavidl)	ok
肯的狗很大。	O cachorro do Ken é muito grande.	CC-BY 2.0 (France) Attribution: tatoeba.org #13950596 (Adelpa) & #1018998 (une_monica)	ok
我叫王家明。	Me chamo Wang Jiaming.	CC-BY 2.0 (France) Attribution: tatoeba.org #13951207 (Adelpa) & #13951210 (Adelpa)	ok
時代變了。	Os tempos mudaram.	CC-BY 2.0 (France) Attribution: tatoeba.org #13952561 (Adelpa) & #1109991 (alexmarcelo)	ok
中文并不是世界上最难的语言。	O chinês não é a língua mais difícil do mundo.	CC-BY 2.0 (France) Attribution: tatoeba.org #13960726 (jan_OkulaJu) & #13961091 (Gold)	ok
