"他想在下班後喝杯咖啡。" "我也想。"	"Quiere tomar un café después del trabajo." "Yo también."
"侏儒流氓"是德國導演韋納荷索在一九七零年的一部電影。	"Enanos alborotadores" es una película de 1970 del director alemán Werner Herzog.
"山洞裡發生了什麼事?" 我很好奇。"我不知道。"	"¿Qué pasó en la cueva?" Tengo curiosidad. "No lo sé."
Luke，我是你的表妹。	Luke, soy tu prima.
Mary擁抱她的娃娃。	Mary abraza a su muñeca.
Mary現在有三個孩子。	Mary ahora tiene tres hijos.
Mary自己一個人來。	Mary viene sola.
Mary認識我。	Mary me conoce.
Mary霸占了她的包包并且离开了。	Mary se apoderó de su bolso y se fue.
Mayday！	¡Mayday!
Pharamp想要Trang完全为了她自己。	Pharamp quiere a Trang completamente para sí misma.
Tatoeba:加入黑暗的一面。我們有巧克力餅乾。	Tatoeba: Únete al lado oscuro. Tenemos galletas de chocolate.
Tatoeba：比起没有句子，没有感觉更好。	Tatoeba: Mejor sin oraciones que sin sentimientos.
Tom 不想让Mary走	Tom no quiere que Mary se vaya.
Tom 最喜欢我。	Tom soy yo su favorito.
Tom告诉我他们有想要娶你的想法。	Tom me dijo que tienen la intención de casarse contigo.
Tom喜欢之士。	A Tom le gusta el queso.
Tom处理了卡片。	Tom manejó las tarjetas.
Tom并不觉得抱歉。	Tom no se siente arrepentido.
Tom是Mary的丈夫吗，是吗	Tom es el esposo de Mary, ¿verdad?
Tom游泳。	Tom nada.
Tom需要让身体好起来。	Tom necesita mejorar su salud.
X光片显示两根手指断了。	La radiografía muestra dos dedos rotos.
Ziga说西里西亚语。	Ziga habla silesiano.
tom和你一起離開嗎？	¿Tom se va contigo?
“Australia”这个词的重音要放在哪？	¿Dónde va el acento en la palabra "Australia"?
“pretty”怎么拼写？	¿Cómo se escribe "pretty"?
“两元店”是我最喜欢的商店。	"Tienda de dos yuanes" es mi tienda favorita.
“中国人民政治协商会议”的简称是“人民政协”。	La abreviatura de "Conferencia Consultiva Política del Pueblo Chino" es "Conferencia Consultiva del Pueblo".
“你什么时候回来呀？”“看一下天气怎么样再说啦。”	"¿Cuándo vuelves?" "Depende de cómo esté el clima."
“女控”是“女性控制”的縮寫。	"Nü kong" es la abreviatura de "control femenino".
“她的爱好不寻常啊，这个转学生。”“她长得可爱，所以对我来说还行。”	"Los pasatiempos de ella son inusuales, esta estudiante transferida." "Es linda, así que para mí está bien."
“您想买什么？”“我想买条狗。”	"¿Qué desea comprar?" "Quiero comprar un perro."
“我爱你”用法语怎么讲？	¿Cómo se dice "Te amo" en francés?
“步行到 Vienon 需要多少时间？”他问。	"¿Cuánto tiempo se tarda en caminar hasta Vienon?" preguntó él.
“汤姆怎么说？”“我不知道，我不说汤姆。”	"¿Qué dice Tom?" "No sé, no hablo de Tom."
“虱子”的复数形式是“虱子们”	La forma plural de "piojo" es "piojos".
“谢谢你们。” “不用谢。”	"Gracias a ustedes." "De nada."
“需要我为您留个口信儿吗？”“不用了，谢谢。”	"¿Necesito dejar un mensaje para usted?" "No, gracias."
“騰”和“乘”是疊韻關係。	"Teng" y "cheng" tienen una relación de rima.
《單身漢》這個電視節目的基本設定是什麼？	¿Cuál es la premisa básica del programa de televisión "El soltero"?
「Guitar」一字的重音在第二音節。	El acento de la palabra "Guitar" está en la segunda sílaba.
「他是特意的。」「誰特意在做什麼？」	"Él lo hizo a propósito." "¿Quién está haciendo qué a propósito?"
「你們昨晚幾點睡的？」「我們大概兩點半才睡。」	«¿A qué hora se durmieron anoche?» «Nos dormimos como a las dos y media.»
「你和父親關係不好嗎？」「……」「不好意思，我不應該多事的。」	«¿No te llevas bien con tu padre?» «...» «Lo siento, no debería haberme entrometido.»
「你知道你剛才折斷的是什麼樹嗎？」我回答偵探：「不知道。」偵探透過敞開的門往裡面看，喊道：「喂，你知道他剛才折斷的是什麼樹嗎？」一個年輕女子的聲音說：「嗯，看起來像是紫杉。」偵探坐直身子後，又問了我一遍：「你知道你剛才折斷的是什麼樹嗎？」	«¿Sabes qué árbol acabas de romper?» Respondí al detective: «No lo sé.» El detective miró hacia adentro por la puerta abierta y gritó: «Oye, ¿sabes qué árbol acaba de romper?» Una voz de mujer joven dijo: «Mm, parece un tejo.» El detective se enderezó y me preguntó de nuevo: «¿Sabes qué árbol acabas de romper?»
「你能帶我去商店嗎？」「你的自行車呢？」「被人偷走了。」	«¿Puedes llevarme a la tienda?» «¿Y tu bicicleta?» «Me la robaron.»
「克里奧帕特拉」這個名字已經成為了美女的代名詞。	El nombre «Cleopatra» se ha convertido en sinónimo de belleza.
「她在說些甚麼？」「你連『祝詞』也不知道嗎？」「祝詞？」「就是神道咒語之類的東西。」	«¿Qué está diciendo?» «¿Ni siquiera sabes qué es un 'norito'?» «¿Norito?» «Algo como un conjuro sintoísta.»
「我們有打攪你嗎？」「一點都沒有。來坐下。」	«¿Te estamos molestando?» «Para nada. Siéntense.»
「我可以轉人工嗎？」「目前沒有客服代表。」「你們真的有客服代表嗎？」「目前沒有客服代表。」	«¿Puedo hablar con un humano?» «No hay representantes de servicio al cliente en este momento.» «¿De verdad tienen representantes de servicio al cliente?» «No hay representantes de servicio al cliente en este momento.»
「我的腳沒你的髒！」「別說得好像它們算得上乾淨！」	«¡Mis pies no están tan sucios como los tuyos!» «¡No hables como si estuvieran limpios!»
「我能和湯姆講話嗎？」「抱歉，他剛走。」	«¿Puedo hablar con Tom?» «Lo siento, acaba de irse.»
一到他知道儿子妇女的死亡的消息，他会暴跳如雷。	En cuanto sepa la noticia de la muerte de su hijo y su esposa, se enfurecerá.
一到晚上，买几样蔬菜，看看电视，喝喝酒。	Al llegar la noche, compro algunas verduras, veo la televisión y bebo un poco de vino.
一块圆桌玻璃被打碎了。	Se rompió un vidrio de mesa redonda.
一好球！	¡Un strike!
一是最小的奇數。	El uno es el número impar más pequeño.
一朝被蛇咬，十年怕井绳。	Quien ha sido mordido por una serpiente, teme a una soga por diez años.
一顆一顆的星星在空中閃閃發光。	Las estrellas, una a una, brillan en el cielo.
七月一日入住對我們來說可以，但我們最早六月初也能入住。	Entrar el primero de julio nos viene bien, pero también podemos entrar a principios de junio.
七点叫醒我。	Despiértame a las siete.
三把叉子是一家供應啤酒的酒吧，其目標客戶是旅行者。	Tres Tenedores es un bar que sirve cerveza y cuyo público objetivo son los viajeros.
三振出局！	¡Tres strikes, fuera!
三角函數滿足各種代數恆等式。	Las funciones trigonométricas satisfacen varias identidades algebraicas.
三點可以嗎？	¿A las tres está bien?
上周日您去哪儿了？	¿A dónde fue el domingo pasado?
上天保佑，一切都会好起来。	Que Dios bendiga, todo saldrá bien.
上帝保佑你们！	¡Dios los bendiga!
上帝保佑你！	¡Dios te bendiga!
上帝保佑您！	¡Dios le bendiga!
上樓把我的旅行箱拿下來。	Sube y baja mi maleta de viaje.
上課不能交頭接耳。	En clase no se puede cuchichear.
下下一站是上野站。	La próxima parada después de la siguiente es la estación de Ueno.
下个QQ。	Descarga QQ.
下冰雹了！	¡Está granizando!
下午六点半到帝国酒店的大堂找我。	Búscame en el vestíbulo del Hotel Imperial a las seis y media de la tarde.
下午大概天转晴。	Por la tarde probablemente despeje.
下午好。	Buenas tardes.
下午我不在家。	Por la tarde no estoy en casa.
下课了吗？	¿Ya terminó la clase?
下這麼大的雨，也幫我們搬家，他人真好！	¡Con esta lluvia tan fuerte, aun así nos ayuda a mudarnos, qué buena persona es!
下雨天留客天留我不留。	Día lluvioso, el huésped se queda, el cielo me retiene, ¿me quedo o no?
下雨天留客，天留我不留。	Llueve y retiene al huésped, el cielo me retiene, yo no retengo.
下雨天留客，天留我不？留。	Llueve y retiene al huésped, el cielo me retiene, ¿yo no? Retengo.
下雨天留客，天留我？不留。	Llueve y retiene al huésped, el cielo me retiene, ¿yo? No retengo.
下雨天，留客天，留我不留？	Día lluvioso, día de retener al huésped, ¿retengo o no retengo?
下雨天，留客天，留我不？留。	Día lluvioso, día de retener al huésped, ¿retengo o no? Retengo.
下雨天，留客天，留我？不留。	Día lluvioso, día de retener al huésped, ¿retengo? No retengo.
下雨，天留客；天留我不留。	Llueve, el cielo retiene al huésped; el cielo me retiene, yo no retengo.
不下50个乘客死了。	No menos de 50 pasajeros murieron.
不可做的原因多了。	Las razones para no hacerlo son muchas.
不可能！	¡Imposible!
不好意思，但我有点恶心。	Disculpa, pero estoy un poco mareado.
不好意思，我先走了。我一个小时后有约会。我回家后，请别忘了打回给我。	Disculpa, me voy primero. Tengo una cita en una hora. Cuando llegue a casa, por favor no olvides devolverme la llamada.
不对。	No es correcto.
不對。	No es correcto.
不對？	¿No es correcto?
不想做是原因；不能做仅仅是接口。	No querer hacerlo es la razón; no poder hacerlo es solo una excusa.
不懂。	No entiendo.
不放在眼裡。	No lo pongo en los ojos.
不明白。	No comprendo.
不是任何人能够买车子	No cualquiera puede comprar un coche.
不是只有你有这扇门的钥匙吗？	¿No eres el único que tiene la llave de esta puerta?
不是我对的，就是你。	No soy yo el que tiene razón, eres tú.
不是特别清楚。	No está muy claro.
不準確。	No es preciso.
不然呢！	¡Pues qué más!
不用客氣，隨便坐吧。	No hay de qué, siéntate donde quieras.
不用说，他是无辜的。	No hace falta decirlo, él es inocente.
不用说，健康是重要的。	No hace falta decirlo, la salud es importante.
不用说，健康比财富重要。	No hace falta decirlo, la salud es más importante que la riqueza.
不用，谢谢，我怀孕了。	No, gracias, estoy embarazada.
不留名或详细的参考什么都可以。	No dejar nombre ni detalles de referencia, cualquier cosa vale.
不知道您是否還記得我，我是曾在大四修過您幾門課的校友。	No sé si todavía me recuerda, soy un exalumno que cursó varias de sus materias en el último año de universidad.
不管您明天来不来，请通知我。	Sin importar si viene mañana o no, por favor avíseme.
不管结果如何，他想要做。	Sin importar el resultado, él quiere hacerlo.
不能把牙膏塞回管里。	No se puede meter la pasta de dientes de vuelta en el tubo.
不要再上學遲到了。	No llegues tarde a la escuela otra vez.
不要再忘做那个，好吗？	No olvides hacer eso, ¿de acuerdo?
不要告诉她。	No se lo digas a ella.
不要喝酒。	No bebas alcohol.
不要忘记您的钱。	No olvide su dinero.
不要恐慌！	¡No entres en pánico!
不要慌張喔。	No te preocupes, ¿vale?
不要把髒鍋碗瓢盆放在爐子上，去洗。	No dejes los cacharros sucios en la estufa, ve a lavarlos.
不要玩鑰匙。	No juegues con las llaves.
不要管我。	No te metas conmigo.
不要買書了。	No compres más libros.
不要走得那么快！我跟不上你们了。	¡No camines tan rápido! No puedo seguirles el paso.
不見、不聞、不言。	No ver, no oír, no hablar.
不言而喻。	Es evidente por sí mismo.
不该相信他。	No debería haberle creído.
不遠處，母獅謝格拉匍匐著，隱匿於林間，正伺機將嬰兒吞食，作為她的晚餐。	No lejos, la leona Shegra yacía agazapada, oculta entre el bosque, esperando devorar al bebé como su cena.
不错。	No está mal.
不需要。	No hace falta.
不，你说。	No, tú habla.
专心！	¡Concéntrate!
世界上陰陽人比猶太人數量還多。	En el mundo hay más personas intersexuales que judíos.
两个孩子的年龄加起来和他们的父亲相当。	La suma de las edades de los dos hijos equivale a la de su padre.
中午到達那裡是不可能的。	Es imposible llegar allí al mediodía.
中国有什么闲暇吗？	¿Hay algún ocio en China?
中国欢迎你们！	¡China les da la bienvenida!
中国给我许多不同的印象。	China me da muchas impresiones diferentes.
中國是資本主義國家。	China es un país capitalista.
中國有能力摧毀你們的航空母艦。	China tiene la capacidad de destruir sus portaaviones.
中國的漢字數量繁多，推行漢字簡化的目的，是把結構複雜的繁體字轉換成易學易記的簡體字，從而提高國民的識字水平。	La cantidad de caracteres chinos es enorme; el propósito de simplificarlos es convertir los caracteres complejos en otros fáciles de aprender y recordar, mejorando así el nivel de alfabetización de la población.
中文学起来太容易了。	Aprender chino es demasiado fácil.
丹最後承認他從琳達那裡拿到槍。	Dan finalmente admitió que obtuvo el arma de Linda.
为了感谢您，这里有份礼物。	Para agradecerle, aquí tiene un regalo.
为了提高出生率，中国政府花了很多钱在大熊猫成功繁殖的研究上。	Para aumentar la tasa de natalidad, el gobierno chino ha gastado mucho dinero en la investigación sobre la reproducción exitosa del panda gigante.
为什么任何人应该感到惊喜？	¿Por qué alguien debería sentirse sorprendido?
为什么你不来跟我跳舞？	¿Por qué no vienes a bailar conmigo?
为什么你想和我谈谈吗?	¿Por qué quieres hablar conmigo?
为什么你要读这样一本书？	¿Por qué quieres leer un libro así?
为什么你这么喜欢黑中国？	¿Por qué te gusta tanto criticar a China?
为什么喜欢喝浓咖啡？	¿Por qué te gusta el café solo?
为什么您一个人？	¿Por qué estás solo?
为什么我们不能要比萨？	¿Por qué no podemos pedir pizza?
为晚归找个借口。	Busca una excusa para llegar tarde.
乖。	Sé bueno.
乖！	¡Sé bueno!
习惯是第二天性。	La costumbre es una segunda naturaleza.
事情已经定下来了，我们再怎么努力也无济于事了，一切都是马后炮了。	Las cosas ya están decididas, por más que nos esforcemos, ya no sirve de nada; todo es un comentario tardío.
事故过后，汤姆觉得停止滑冰了。	Después del accidente, Tom decidió dejar de patinar.
二战还未结束。	La Segunda Guerra Mundial aún no ha terminado.
云是天空中的水汽团。	Las nubes son masas de vapor de agua en el cielo.
五十步笑百步。	El que huye cincuenta pasos se ríe del que huye cien.
五成熟牛排见了七成熟牛排为什么不打招呼？两个都不熟。	¿Por qué un filete de cinco puntos no saluda a uno de siete puntos? Porque ninguno está bien cocido.
亚娜在叶卡捷琳堡学习天体物理学。	Yana estudia astrofísica en Ekaterimburgo.
亞伯拉罕從那裡搬到南方，住在凱茲和蘇爾之間，並在格拉拉停留了一段時間。	Abraham se mudó de allí al sur, vivió entre Cades y Sur, y se quedó un tiempo en Gerar.
亞尼背上中了四槍。	Yani recibió cuatro disparos en la espalda.
亞尼跟斯庫拉沒空。	Yani y Skula no tienen tiempo.
亡羊补牢。	Reparar el corral después de perder la oveja.
交通事故是美国青少年死亡的主要原因。	Los accidentes de tráfico son la principal causa de muerte entre los adolescentes estadounidenses.
亲吧。	Bésame.
人为生而食，非为食而活。	El hombre come para vivir, no vive para comer.
人们唯一不喜欢流言蜚语的时间，就是当你讨论他们自己的时候。	La única vez que a la gente no le gustan los chismes es cuando hablan de ellos mismos.
人們很容易將能源和電力小組委員會的大多數成員描述為笨蛋。他們散佈石油和煤炭公司炮製的虛假信息，以最大限度地減少全球氣候變遷的重要性，被稱為科學文盲。	Es fácil describir a la mayoría de los miembros del Subcomité de Energía y Electricidad como tontos. Difunden información falsa fabricada por las compañías petroleras y carboneras para minimizar la importancia del cambio climático global, y son llamados analfabetos científicos.
人有两只脚。	El ser humano tiene dos pies.
人類有思考和說話的能力，動物卻沒有。這就是人和動物的分別。	Los humanos tienen la capacidad de pensar y hablar, pero los animales no. Esa es la diferencia entre humanos y animales.
什么时候？	¿Cuándo?
什么是您最大的灵感来源？	¿Cuál es su mayor fuente de inspiración?
什么是非死不可？	¿Qué es Facebook?
什麼時候對你來說是方便的？	¿Cuándo le viene bien?
什麼時候？	¿Cuándo?
什麼！	¡Qué!
什麼？	¿Qué?
今天上午你们不在医院。	Esta mañana no estaban en el hospital.
今天上午你們不在醫院。	Esta mañana no estaban en el hospital.
今天不可能下雨。	Hoy es imposible que llueva.
今天傍晚做些事！	¡Haz algo esta tarde!
今天刮冷风。	Hoy hace viento frío.
今天午饭你吃什么？	¿Qué comes hoy para el almuerzo?
今天已经足够了。	Hoy ya es suficiente.
今天很抱歉，让你等了这么多时间。	Hoy lo siento mucho por haberte hecho esperar tanto tiempo.
今天您們在學校學到了什麼？	¿Qué aprendieron hoy en la escuela?
今天您在學校學到了什麼？	¿Qué aprendiste hoy en la escuela?
今天我回家	Hoy vuelvo a casa.
今天是我一个朋友的生日。	Hoy es el cumpleaños de un amigo mío.
今天是我请客。	Hoy invito yo.
今天有給我的郵件嗎？	¿Hay correo para mí hoy?
今天沒有人能想像一個沒有電視的生活。	Hoy nadie puede imaginar una vida sin televisión.
今天没有空做晚饭，所以我去买了盒饭。	Hoy no tengo tiempo para hacer la cena, así que fui a comprar una comida en caja.
今天的雪松數量非常高，所以我可能得打電話給單位，說我病得太厲害不能去上班了。	La cantidad de nieve hoy es muy alta, así que probablemente tenga que llamar a la unidad y decir que estoy demasiado enfermo para ir a trabajar.
今天要是不下雨就好了。	Ojalá no lloviera hoy.
今年夏天我去法國。	Este verano voy a Francia.
今早又是在孩子的哭闹声中醒来的。	Esta mañana me desperté otra vez entre los llantos de los niños.
今晚下棋怎麼樣？	¿Qué tal jugar al ajedrez esta noche?
今门天怎么能么朦。	Hoy el cielo está tan brumoso.
从什么时候开始您就这里工作着的呢？	¿Desde cuándo trabaja usted aquí?
从哪里而来？	¿De dónde vienes?
从网上退下来去洗个澡吧。	Baja de la red y ve a ducharte.
他一來我們就開始比賽。	En cuanto él llegue, empezamos la competencia.
他一嗅到风声不对，就逃之夭夭了。	En cuanto olió que algo andaba mal, se escapó.
他三个小时以后回家。	Él vuelve a casa dentro de tres horas.
他上学去了吗？	¿Él se ha ido a la escuela?
他不在。	Él no está.
他不在这有多久了？	¿Cuánto tiempo lleva él sin estar aquí?
他不奇怪。	Él no es extraño.
他不希望你们对他谈论你们的性生活。	Él no quiere que ustedes le hablen de su vida sexual.
他不希望你对他谈论你们的性生活。	Él no quiere que usted le hable de su vida sexual.
他不得不打扫了他的房间。	Él tuvo que limpiar su habitación.
他不是在羅馬，就是在巴黎。	Él no está en Roma, sino en París.
他不是故意地做。	Él no lo hizo a propósito.
他不能游泳。	Él no sabe nadar.
他举办了一场舞会。	Él organizó un baile.
他买了一个香蕉盒。	Él compró una caja de plátanos.
他以前曾在北海道。	Él antes estuvo en Hokkaido.
他们为我工作。	Ellos trabajan para mí.
他们什么都不给。	Ellos no dan nada.
他们会说英语。	Ellos saben hablar inglés.
他们决定一对一对打。	Ellos decidieron pelear uno contra uno.
他们到位了实行新概念的广告策略。	Ellos implementaron la nueva estrategia publicitaria del concepto.
他们到处谈论它。	Ellos hablan de eso por todas partes.
他们喝可乐。	Ellos beben Coca-Cola.
他们四十分钟之后下课。	Ellos terminan la clase dentro de cuarenta minutos.
他们在谈音乐。	Ellos están hablando de música.
他们在酒吧喝酒。	Ellos están bebiendo en el bar.
他们在问关于汤姆的事。	Ellos están preguntando sobre Tom.
他们在餐厅里看菜单。	Ellos están mirando el menú en el restaurante.
他们太吵了，我没办法集中精神了。	Ellos hacen demasiado ruido, no puedo concentrarme.
他们害怕。	Ellos tienen miedo.
他们害怕了。	Ellos tuvieron miedo.
他们对伊斯坦布尔一无所知。	Ellos no saben nada de Estambul.
他们对合同很满意。	Ellos están satisfechos con el contrato.
他们对结果很满意。	Ellos están satisfechos con el resultado.
他们带着昂贵的戒指。	Ellos llevan anillos caros.
他们年龄相仿。	Ellos tienen edades similares.
他们应该会被吓到。	Ellos deberían asustarse.
他们忙于社会改革。	Ellos están ocupados con la reforma social.
他们总是吵个不停。	Ellos siempre discuten sin parar.
他们想拍京都的照片。	Ellos quieren tomar fotos de Kioto.
他们想知道为什么邀请他们	Ellos quieren saber por qué los invitaron.
他们把我当小孩。	Ellos me tratan como a un niño.
他们是基督徒着。	Ellos son cristianos.
他们每周尝一次肉。	Ellos prueban carne una vez por semana.
他们每星期天举行朝拜.	Ellos celebran la adoración cada domingo.
他们爱她。	Ellos la aman.
他们知道如何制造原子弹。	Ellos saben cómo fabricar una bomba atómica.
他们确认了风险因素。	Ellos confirmaron los factores de riesgo.
他们组装飞机。	Ellos ensamblan aviones.
他们都不是司机。	Ninguno de ellos es conductor.
他会让你吃灰的。	Él te hará comer polvo.
他們在加拿大說法語嗎？	¿Hablan francés en Canadá?
他們幫他去加拿大。	Ellos lo ayudan a ir a Canadá.
他們彼此相愛。	Ellos se aman mutuamente.
他們從巴西遠道而來。	Ellos vienen desde lejos, de Brasil.
他們怕這隻大狗。	Ellos le temen a este perro grande.
他們想在艾菲爾鐵塔前面拍張結婚照。	Ellos quieren tomarse una foto de boda frente a la Torre Eiffel.
他們想知道湯姆在哪。	Ellos quieren saber dónde está Tom.
他們把我的限制提高了。	Ellos aumentaron mi límite.
他們每年冬季去野澤滑雪。	Ellos van a esquiar a Nozawa cada invierno.
他們洗他的蘋果。	Ellos lavan sus manzanas.
他們禮拜天上教堂。	Ellos van a la iglesia los domingos.
他們走。	Ellos caminan.
他們那麼年輕。	Ellos son tan jóvenes.
他們需要領導團隊。	Ellos necesitan liderar el equipo.
他們驚訝地盯著她的泳裝看。	Ellos miran su traje de baño con asombro.
他們高不高？	¿Son ellos altos?
他做了髖部超音波檢查。	Él se hizo una ecografía de cadera.
他兩個萍水相逢，年相若，貌相似，譚吐應對之間，彼此敬慕。	Ellos dos se conocieron de paso, de edad similar, de apariencia parecida, y en su conversación se admiraron mutuamente.
他剛請假走了。	Él acaba de pedir permiso y se fue.
他努力地嘗試。	Él intenta con esfuerzo.
他十分鐘之後來。	Él viene en diez minutos.
他半夜給了我一枚戒指。	Él me dio un anillo a medianoche.
他即使犧牲生命，也要出賣組織。	Él, aunque sacrifique su vida, traicionará a la organización.
他发烧到102度。	Él tiene fiebre de 102 grados.
他可以借我的摩托车几天。	Él puede tomar prestada mi motocicleta por unos días.
他吃。	Él come.
他吃蘋果。	Él come una manzana.
他命运多舛。	Él tiene un destino adverso.
他和他的員工相處。	Él se lleva con sus empleados.
他和他的邻居相处。	Él se lleva con su vecino.
他和朋友起了口角，然後動手打了他。	Él tuvo una discusión con su amigo y luego lo golpeó.
他四点钟回来。	Él regresa a las cuatro.
他在傍晚写诗。	Él escribe poesía al atardecer.
他在手上貼了一塊膠布。	Él se puso un vendaje en la mano.
他在拖。	Él está arrastrando.
他在東京乘飛機去了大阪。	Él tomó un avión de Tokio a Osaka.
他在枪每时每刻有子弹。	Él tiene balas en el arma a cada momento.
他在监视着。	Él está vigilando.
他在跟踪你。	Él te está siguiendo.
他在路上。	Él está en el camino.
他在踢我！	¡Él me está pateando!
他娶了一個漂亮的女孩。	Él se casó con una chica bonita.
他学习汉语。	Él estudia chino.
他学习现代文学。	Él estudia literatura moderna.
他对吗？	¿Él tiene razón?
他對女人沒有眼光。	Él no tiene buen ojo para las mujeres.
他已經去睡覺了。	Él ya se fue a dormir.
他已經等了一個小時。	Él ya ha esperado una hora.
他已经过了四十岁。	Él ya ha pasado los cuarenta años.
他并没有看起来那么老。	Él no es tan viejo como parece.
他弹得多好啊！	¡Qué bien toca él!
他弹得很好。	Él toca muy bien.
他很生病。	Él está muy enfermo.
他得知了他的错误。	Él se enteró de su error.
他從芝加哥遠道而來了。	Él ha venido desde lejos, de Chicago.
他必須離開村莊。	Él debe irse del pueblo.
他忘记给她买过一个礼物了。	Él olvidó que le había comprado un regalo a ella.
他怎麼否定上帝的存在。	¿Cómo niega él la existencia de Dios?
他思考的方式缺乏深度，这个我们知道就好。	Su forma de pensar carece de profundidad, esto lo sabemos nosotros.
他急切地学习了日语。	Él aprendió japonés con impaciencia.
他拉上了他的包。	Él cerró su mochila.
他拉著我走到了二樓。	Él me llevó de la mano hasta el segundo piso.
他指出了遵守法律的重要性。	Él señaló la importancia de cumplir la ley.
他按照字面上的意思。	Él lo interpretó literalmente.
他提出了一个勇敢而孤独的斗争，但这些沉重的打击，他的赔率不能得到他的商业计划接受。	Él propuso una lucha valiente y solitaria, pero estos golpes duros, sus probabilidades no lograron que su plan de negocios fuera aceptado.
他搬了家。	Él se mudó de casa.
他擅長騎馬。	Él es hábil montando a caballo.
他擔任我的嚮導。	Él actuó como mi guía.
他放弃了所有希望。	Él abandonó toda esperanza.
他既不喜欢棒球，又不喜欢足球。	A él no le gusta ni el béisbol ni el fútbol.
他是一位優秀的科學家，更是一位偉大的詩人。	Él es un excelente científico, y además un gran poeta.
他是一個偉大的政治家，更重要的是，他也是一個偉大的學者。	Él es un gran político, y más importante aún, también un gran erudito.
他是一個偉大的科學家。	Él es un gran científico.
他是一個流浪漢。	Él es un vagabundo.
他是一名漁夫。	Él es un pescador.
他是一家海滨餐厅的服务员。	Él es un camarero de un restaurante frente al mar.
他是专制君主。	Él es un monarca absoluto.
他是个日本少年。	Él es un adolescente japonés.
他是个绝对不会偷工减料的人。	Él es una persona que nunca escatima en esfuerzos.
他是个老练的侦查员。	Él es un investigador experimentado.
他是个酒鬼。	Él es un borracho.
他是你們的王。	Él es vuestro rey.
他是你的师兄。	Él es tu hermano mayor en el estudio.
他是個偽娘。	Él es un travesti.
他是個奴隸。	Él es un esclavo.
他是個糟糕的司機。	Él es un mal conductor.
他是個膽小怕事的人。	Él es una persona tímida y miedosa.
他是個著名的畫家。	Él es un pintor famoso.
他是個表裏如一的人。	Él es una persona coherente en apariencia y realidad.
他是医生来的。	Él es médico.
他是城裏最有錢的人。	Él es el hombre más rico de la ciudad.
他是学校网球俱乐部的成员。	Él es miembro del club de tenis de la escuela.
他是學生，他在帕爾瑪大學學中文。	Él es estudiante, estudia chino en la Universidad de Palma.
他是希腊人吗？	¿Él es griego?
他是我最好的女性朋友。	Ella es mi mejor amiga.
他是我最年轻的兄弟。	Él es mi hermano más joven.
他是我的同班同学。	Él es mi compañero de clase.
他是我见过的最高的男人了。	Él es el hombre más alto que he visto.
他是排队的第一个。	Él es el primero en la fila.
他是时代杂志的记者。	Él es periodista de la revista Time.
他是最后一个偷东西的人。	Él es la última persona que robó algo.
他是最年长的儿子。	Él es el hijo mayor.
他是最高的男生。	Él es el chico más alto.
他是村子里面唯一在世的人。	Él es la única persona viva en el pueblo.
他是班上最高的。	Él es el más alto de la clase.
他是班上絕頂聰明的學生。	Él es el estudiante más inteligente de la clase.
他是甚麼時候回來的？	¿Cuándo regresó él?
他是眾多學生之中最勤奮用功的一個。	Él es el más diligente y estudioso entre muchos estudiantes.
他是第一個來到的。	Él es el primero en llegar.
他是第一個來的。	Él es el primero en venir.
他是第一個到達的人。	Él es la primera persona en llegar.
他是第一個在冬季攀登富士山的人。	Él es la primera persona en escalar el Monte Fuji en invierno.
他是谁？	¿Quién es él?
他是这么的无情。	Él es tan despiadado.
他是这里附近酒吧和酒馆的常客。	Él es un cliente habitual de los bares y tabernas cercanas aquí.
他是长子。	Él es el hijo primogénito.
他显摆自己能说6种语言。	Él presume de poder hablar seis idiomas.
他晚上回來得很晚。	Él regresa muy tarde por la noche.
他晚上很晚回家。	Él vuelve a casa muy tarde por la noche.
他晚上很晚才回家。	Él vuelve a casa muy tarde por la noche.
他最擅長的科目是數學。	Su materia más fuerte son las matemáticas.
他會告訴我真想嗎？	¿Me dirá la verdad?
他會是一個好丈夫。	Él será un buen esposo.
他會步行。	Él caminará.
他有一件淡藍色的毛衣。	Él tiene un suéter azul claro.
他有一口發黃的牙齒。	Él tiene dientes amarillentos.
他有七箇兒子。	Él tiene siete hijos.
他有三個兒子，全都成了音樂家。	Él tiene tres hijos, todos se convirtieron en músicos.
他有两个女儿都嫁给了医生。	Él tiene dos hijas, ambas se casaron con médicos.
他有个装满草莓的篮子。	Él tiene una cesta llena de fresas.
他有了一個重要的發現。	Él ha hecho un descubrimiento importante.
他有事要問她。	Él tiene algo que preguntarle a ella.
他有幫忙。	Él ayudó.
他有抱負，所以他很努力工作。	Él tiene ambición, por eso trabaja muy duro.
他有没有儿子？	¿Él tiene hijos?
他有点兴奋了。	Él está un poco emocionado.
他有点喝醉了。	Él está un poco borracho.
他有点活泼。	Él es un poco vivaz.
他有点苍白。	Él está un poco pálido.
他有许多不愉快的经历。	Él tiene muchas experiencias desagradables.
他来了。	Él llegó.
他来了，我们就开始派对。	Él llegó, y empezamos la fiesta.
他来信了吗？	¿Él ha escrito una carta?
他来试试。	Él viene a probar.
他极其英俊。	Él es extremadamente guapo.
他正吃著一個蘋果。	Él está comiendo una manzana.
他正在听收音机。	Él está escuchando la radio.
他正在打电话。	Él está hablando por teléfono.
他比上次見面時胖了一些。	Él está un poco más gordo que la última vez que nos vimos.
他比以前学得更努力了。	Él estudia más duro que antes.
他比她大三岁。	Él es tres años mayor que ella.
他比您更刻苦。	Él es más trabajador que usted.
他沉醉于喜悦之中。	Él está sumergido en la alegría.
他沒想打擊她的。	Él no tenía la intención de herirla.
他沒有做錯。	Él no hizo nada malo.
他没办法买车。	Él no puede comprar un coche.
他没喜欢孩子。	Él no quería a los niños.
他没带钥匙，用铁丝拨动了两下，门居然开了。	Él no llevaba la llave, movió el alambre dos veces, y la puerta se abrió de repente.
他没有工作，他退休了。	Él no tiene trabajo, está jubilado.
他没有注意她。	Él no le prestó atención a ella.
他没要去日本。	Él no iba a ir a Japón.
他洗蘋果。	Él lava la manzana.
他犧牲生命，出賣組織。	Él sacrificó su vida y traicionó a la organización.
他现在出去了。	Él ha salido ahora.
他環遊世界旅行。	Él viaja por el mundo.
他生活朴素。	Él vive con sencillez.
他用斧頭重重的斬了一下，那棵樹就倒了下來。	Él golpeó con fuerza con un hacha, y el árbol cayó.
他用雙手抱著一個大箱子。	Él sostiene una caja grande con ambas manos.
他白白犧牲生命，忘了出賣組織。	Él sacrificó su vida en vano y se olvidó de traicionar a la organización.
他的家在哪儿?	¿Dónde está su casa?
他的心臟病要發作了。	Su enfermedad cardíaca está a punto de atacar.
他的忠告总是很明智。	Sus consejos siempre son sensatos.
他的意見大體上說是對的。	Su opinión es correcta en términos generales.
他的意見都不是非常有用。	Sus opiniones no son muy útiles.
他的所作所為沒有錯。	Lo que hizo no estuvo mal.
他的書有我的三倍多。	Él tiene tres veces más libros que yo.
他的現金總是不夠用。	Su efectivo siempre es insuficiente.
他的雙腳被交叉捆綁著。	Sus pies están atados de forma cruzada.
他真心喜欢我。	Él me quiere de verdad.
他真的很需要擴大自己的柏柏語詞彙量。	Él realmente necesita ampliar su vocabulario de bereber.
他睡得像个宝贝似的。	Él duerme como un bebé.
他瞥了那个女孩一眼。	Él echó un vistazo a esa chica.
他确实是个聪明的小孩。	Él es realmente un niño inteligente.
他突然良心發現。	De repente, le remordió la conciencia.
他竟然叫你笨蛋。	Él incluso te llamó tonto.
他竟然还给我装傻。	Él incluso se hace el tonto conmigo.
他答應給他打電話。	Él prometió llamarlo por teléfono.
他給我看了她的照片。	Él me mostró su foto.
他經常引用莎士比亞。	Él cita a Shakespeare con frecuencia.
他經常駕駛他的父親的車。	Él conduce el coche de su padre a menudo.
他终于恢复了理智。	Finalmente recuperó la cordura.
他老是开夜车。	Él siempre trasnocha.
他自己撞坏了左臂。	Él mismo se rompió el brazo izquierdo.
他自己进去。	Él entra solo.
他與他的鄰居相處。	Él se lleva con su vecino.
他葫芦里不知卖的是什么药？	¿Qué estará tramando?
他被任命為議長。	Él fue nombrado presidente de la asamblea.
他被妻子诬陷了。	Él fue calumniado por su esposa.
他被指控犯有好幾起侵犯財產罪。	Él fue acusado de varios delitos contra la propiedad.
他被數字征服了。	Él fue vencido por los números.
他要上进了。	Él va a mejorar.
他要不行了。	Él está a punto de morir.
他要是來了就好了。	Ojalá él hubiera llegado.
他要是真的喜歡我的話會更常給我打電話的。	Si realmente le gustara yo, me llamaría más a menudo.
他設法使收支平衡。	Él logró equilibrar ingresos y gastos.
他設法在天黑前回家。	Él logró volver a casa antes del anochecer.
他說他很生氣，還有他要回家吃晚飯了。	Él dijo que estaba muy enojado, y que iba a casa a cenar.
他說他很高興。	Él dijo que estaba muy contento.
他說他要一些錢。	Él dijo que quería algo de dinero.
他让步了.	Él cedió.
他说的时候，我脑中浮现出了画面。	Mientras él hablaba, imágenes surgieron en mi mente.
他说的词典图书馆没有.	El diccionario del que habla no está en la biblioteca.
他说英语有德国口音。	Él habla inglés con acento alemán.
他走。	Él se va.
他走路或者骑车过来。	Él viene caminando o en bicicleta.
他跑。	Él corre.
他跑來告訴我這件事。	Él vino corriendo a contarme esto.
他跑着追上他哥哥。	Él corre para alcanzar a su hermano mayor.
他跟我想的不一样。	Él no es como yo pensaba.
他踏進了我的空間。	Él entró en mi espacio.
他还没有傻到相信这个故事的地步。	Él no es tan tonto como para creer esa historia.
他这个人心眼不好。	Él tiene mal corazón.
他迟到没有理由。	Él no tiene razón para llegar tarde.
他送了一張卡片給瑪麗。	Él envió una tarjeta a María.
他送給我一些美國雜誌。	Él me envió algunas revistas estadounidenses.
他逃了阿尔及利亚。	Él huyó de Argelia.
他開車，不是嗎？	Él conduce, ¿no?
他非常醉了。	Él está muy borracho.
以上。	Lo anterior.
以他的年齡來說，他看起來年輕。	Para su edad, él se ve joven.
以兗衣為褋兮，以黎邱為墟。	Tomando la ropa de Yǎn como vestido, tomando Líqiū como ruinas.
仲有五日就放暑假喇。	Faltan cinco días para las vacaciones de verano.
任凭眼泪在你脸上滑过，我头也不回。	Dejando que las lágrimas resbalen por tu rostro, no miro atrás.
伊戈爾非常不屑一顧。	Ígor es muy desdeñoso.
休息一下。	Descansa un poco.
休息好嗎？	¿Descansas bien?
休息结束了！	¡El descanso terminó!
会为你说谎的人，就会对你说谎。	Quien miente por ti, te mentirá a ti.
会议很快就开始了，我们进去看看有谁来了。	La reunión comienza pronto, entremos a ver quién ha llegado.
似乎很明顯他病了。	Parece obvio que él está enfermo.
但咖啡不好。	Pero el café no es bueno.
但愿我是一个好歌手。	Ojalá fuera un buen cantante.
但是他不擅於閱讀英文。	Pero él no es bueno leyendo inglés.
但是他很幸運。	Pero él tiene mucha suerte.
但是咖啡不好喝。	Pero el café no sabe bien.
但是媽媽，我上學需要用到一台遊戲電腦！	¡Pero mamá, necesito una computadora para juegos para la escuela!
但是您有孩子。	Pero usted tiene hijos.
但願你告訴過我就好了。	Ojalá me lo hubieras dicho.
但願我們贏了這場比賽就好了。	Ojalá hubiéramos ganado el partido.
但願我是一個好歌手。	Ojalá fuera un buen cantante.
住在隔壁的男孩常常很晚回来。	El chico que vive al lado suele volver muy tarde.
住手。	Detente.
住手！	¡Detente!
作家路易斯・費爾南多・沃瑞西莫在巴西阿雷格里港去世，他是位專欄作家，能以諷刺、精確、敏感的文筆團結幾代讀者。	El escritor Luis Fernando Verissimo falleció en Porto Alegre, Brasil; era columnista y supo unir a generaciones de lectores con ironía, precisión y sensibilidad.
你上次跟瑪麗說是什麼時候？	¿Cuándo fue la última vez que le dijiste a María?
你不和我一起喝点茶吗？	¿No tomas un poco de té conmigo?
你不應在這裏吸煙。	No deberías fumar aquí.
你不應該一個人去。	No deberías ir solo.
你不應該做的。	No deberías hacerlo.
你不應該把水混入葡萄酒裡。	No deberías mezclar agua en el vino.
你不應該讓湯姆開車。	No deberías dejar que Tom conduzca.
你不热吗？	¿No tienes calor?
你不用工作吗	¿No tienes que trabajar?
你不能來真是太糟糕了。	Es una lástima que no puedas venir.
你不能怪汤姆生气了。	No puedes culpar a Tom por estar enojado.
你不能應對壓力。	No puedes manejar el estrés.
你不能欺骗我。	No puedes engañarme.
你不能炒了我们。	No puedes despedirnos.
你不能睡着。	No puedes dormirte.
你不能讓所有人都滿意，因為不是所有的人都是人。	No puedes complacer a todos, porque no todos son personas.
你不能靠湯姆。	No puedes confiar en Tom.
你不要命啦！	¡No quieres vivir!
你不要学习了。	No debes estudiar.
你不要死心。	No debes rendirte.
你不该浪费你的时间。	No deberías perder tu tiempo.
你不配。	No mereces.
你不问我，我就不会说谎话。	Si no me preguntas, no mentiré.
你不需要告诉我，我对这件事情没兴趣。	No necesitas decirme, no me interesa este asunto.
你为什么不他的劝告？	¿Por qué no escuchaste su consejo?
你为什么会知道？	¿Cómo es que lo sabes?
你为什么哭了？	¿Por qué lloraste?
你为什么学德语？	¿Por qué estudias alemán?
你为什么打我？	¿Por qué me golpeaste?
你为什么指责我儿子？	¿Por qué acusas a mi hijo?
你为什么要和他说话？	¿Por qué tienes que hablar con él?
你为什么要和经理争论？	¿Por qué discutes con el gerente?
你为什么要骂人家？	¿Por qué insultas a la gente?
你为什么这么可怜？	¿Por qué eres tan lamentable?
你之下在整些喃样？	¿Qué estás haciendo ahí abajo?
你也不是省油灯。	Tú tampoco eres una lámpara de aceite ahorradora.
你也會講拉丁語嗎？	¿También hablas latín?
你也邀请你的朋友了吗？	¿También invitaste a tus amigos?
你二了。	Te volviste tonto.
你什么时候回到阿尔及利亚？	¿Cuándo vuelves a Argelia?
你什么时候方便？	¿Cuándo te viene bien?
你什么时候看见过冰雹吗？	¿Cuándo has visto granizo?
你什么时候给我做事？	¿Cuándo trabajas para mí?
你什么时候需要的？	¿Cuándo lo necesitaste?
你什麼時候才要給門上油?	¿Cuándo vas a engrasar la puerta?
你什麼時候練習彈鋼琴？	¿Cuándo practicas el piano?
你什麼時候讀書？	¿Cuándo lees?
你今兒個應當留守。	Hoy debes quedarte en casa.
你今天午餐吃什么？	¿Qué comes hoy para el almuerzo?
你今天早上非常早。	Esta mañana llegaste muy temprano.
你今天看西语了吗？	¿Has visto español hoy?
你今晚在做什麼？	¿Qué estás haciendo esta noche?
你以为我造钱啊？	¿Crees que fabrico dinero?
你以前应该听过这个故事。	Antes deberías haber escuchado esta historia.
你们一般几点下班？	¿A qué hora suelen salir del trabajo?
你们一起走吗？	¿Se van juntos?
你们不会死。	No morirán.
你们不想吃饭吗？	¿No quieren comer?
你们不累吗？	¿No están cansados?
你们不能解雇我们。	No pueden despedirnos.
你们不能这么做。	No pueden hacer esto.
你们不需要害怕犯错。	No necesitan tener miedo de cometer errores.
你们两个无聊胚子！	¡Ustedes dos son unos aburridos!
你们为什么想今天走？	¿Por qué quieren irse hoy?
你们习惯吃日本的食物了吗？	¿Se han acostumbrado a comer comida japonesa?
你们什么时候开始学英语的？	¿Cuándo empezaron a aprender inglés?
你们今天下午在学校做些什么？	¿Qué hacen esta tarde en la escuela?
你们今天下午想不想去动物园？	¿Quieren ir al zoológico esta tarde?
你们今天下午有空吗？	¿Están libres esta tarde?
你们会用电脑是为了学习，不是为了玩游戏。	Usan la computadora para estudiar, no para jugar.
你们会讲加泰罗尼亚语吗？	¿Hablan catalán?
你们会说波兰语吗？	¿Hablan polaco?
你们住这里。	Viven aquí.
你们做什么？	¿Qué hacen?
你们做饭用天然气还是用电？	¿Cocinan con gas natural o electricidad?
你们共住一个房间吗？	¿Comparten una habitación?
你们准备参加会议吗？	¿Se preparan para asistir a la reunión?
你们准备好了吗？	¿Están listos?
你们准备如何达到你们制定的目标？	¿Cómo planean alcanzar las metas que se han fijado?
你们出门了吗？	¿Ya salieron de casa?
你们到底对我做了什么？	¿Qué me han hecho exactamente?
你们刷牙去！	¡Vayan a cepillarse los dientes!
你们午饭吃了什么？	¿Qué comieron en el almuerzo?
你们去哪儿?	¿Adónde van?
你们去哪里?	¿Adónde van?
你们去哪里？	¿Adónde van ustedes?
你们去过非洲吗？	¿Han estado ustedes en África?
你们可以乘火车从华盛顿去纽约。	Ustedes pueden tomar el tren de Washington a Nueva York.
你们吃饭了吗？	¿Han comido ustedes?
你们哪里的？	¿De dónde son ustedes?
你们回来了吗？	¿Han vuelto ustedes?
你们在写什么？	¿Qué están escribiendo ustedes?
你们在医院。	Ustedes están en el hospital.
你们在听吗？	¿Están escuchando ustedes?
你们在听我说吗？	¿Me están escuchando ustedes?
你们在哪找到我的雨伞的？	¿Dónde encontraron ustedes mi paraguas?
你们在喝什么？	¿Qué están bebiendo ustedes?
你们在家吗	¿Están ustedes en casa?
你们在工作。	Ustedes están trabajando.
你们在巴黎看到了什么？	¿Qué vieron ustedes en París?
你们在找什么？	¿Qué están buscando ustedes?
你们在暗示什么？	¿Qué están insinuando ustedes?
你们在读书。	Ustedes están leyendo.
你们学校有多少学生？	¿Cuántos estudiantes hay en su escuela?
你们学校有多少老师？	¿Cuántos profesores hay en su escuela?
你们害怕。	Ustedes tienen miedo.
你们对外语感兴趣吗？	¿Les interesan a ustedes los idiomas extranjeros?
你们已经把工作结束了吗？	¿Han terminado ustedes el trabajo?
你们应该实行你们最初的计划。	Ustedes deberían ejecutar su plan original.
你们应该收集进一步的信息。	Ustedes deberían recopilar más información.
你们庭院里有桌子吗？	¿Hay una mesa en su patio?
你们很久前就应该完成了。	Ustedes deberían haber terminado hace mucho tiempo.
你们很容易就能看出区别。	Ustedes pueden ver la diferencia fácilmente.
你们很幸运有这样的朋友们。	Ustedes tienen suerte de tener tales amigos.
你们必须回家。	Ustedes deben volver a casa.
你们怎么做的？	¿Cómo lo hicieron ustedes?
你们怎么得出这个结论的？	¿Cómo llegaron ustedes a esta conclusión?
你们怎么搞的？	¿Cómo lo hicieron ustedes?
你们怎么读这个词？	¿Cómo pronuncian ustedes esta palabra?
你们怎么进来的？	¿Cómo entraron ustedes?
你们恐怕是认错人了吧！	¡Me temo que ustedes se han equivocado de persona!
你们想不想知道我的秘密？它很简单……	¿Quieren ustedes saber mi secreto? Es muy simple...
你们想吃什么？	¿Qué quieren comer ustedes?
你们想吃几串烤羊肉？	¿Cuántas brochetas de cordero quieren comer ustedes?
你们想喝什么？	¿Qué quieren beber ustedes?
你们想坐一下吗？	¿Queréis sentaros un momento?
你们想送汤姆什么圣诞礼物？	¿Qué regalo de Navidad queréis darle a Tom?
你们懂吗？	¿Entendéis?
你们打汤姆的小报告了吗？	¿Habéis chivado sobre Tom?
你们把自行车留下，明天带着身份证和20块钱到交通局领自行车。	Dejad las bicicletas, y mañana id con el carné de identidad y 20 yuanes a la oficina de tráfico a recogerlas.
你们放假的时候做了什么？	¿Qué hicisteis durante las vacaciones?
你们明白他想说些什么吗？	¿Comprendéis lo que quiere decir?
你们是个非常好的团队，但他们的是最好的。	Sois un equipo muy bueno, pero el de ellos es el mejor.
你们是哪里人？	¿De dónde sois?
你们有什么不吃的吗？	¿Hay algo que no comáis?
你们有什么菜？	¿Qué platos tenéis?
你们有兄弟姐妹吗？	¿Tenéis hermanos?
你们有吗?	¿Tenéis?
你们有哪一种红酒？	¿Qué vino tinto tenéis?
你们有大麻烦了。	Tenéis un gran problema.
你们有很多书。	Tenéis muchos libros.
你们有没有米饭？	¿Tenéis arroz?
你们有没有纸？	¿Tenéis papel?
你们来这儿干嘛？	¿A qué habéis venido aquí?
你们死了。	Estáis muertos.
你们比较喜欢什么，苹果还是香蕉？	¿Qué preferís, manzanas o plátanos?
你们永远不会一个人的。	Nunca estaréis solos.
你们父亲是日本人。	Vuestro padre es japonés.
你们用INS吗？	¿Usáis Instagram?
你们的优点和缺点是什么？	¿Cuáles son vuestras virtudes y defectos?
你们的房间很大。	Vuestra habitación es muy grande.
你们的目标变了吗？	¿Han cambiado vuestros objetivos?
你们的计划很好，可是我的更好。	Vuestro plan es bueno, pero el mío es mejor.
你们看，窗开着，厨房门也没关！	¡Mirad, la ventana está abierta y la puerta de la cocina también!
你们知道他住在哪里么？	¿Sabéis dónde vive?
你们知道谁发明了火药吗？	¿Sabéis quién inventó la pólvora?
你们经常旅行吗？	¿Viajáis a menudo?
你们给了小费吗？	¿Habéis dado propina?
你们能猜到我有什么吗？	¿Podéis adivinar qué tengo?
你们能看到那个小房子吗？	¿Podéis ver esa casita?
你们能稍微讲慢点么？	¿Podéis hablar un poco más despacio?
你们被骗了。	Habéis sido engañados.
你们要在这里唱歌吗？	¿Vais a cantar aquí?
你们要我带什么东西吗？	¿Queréis que traiga algo?
你们要排除万难。	Debéis superar todas las dificultades.
你们要睡觉了。	Ustedes van a dormir.
你们该养成使用字典的习惯。	Ustedes deberían adquirir el hábito de usar el diccionario.
你们说了要参加会议了吗？	¿Ustedes dijeron que asistirían a la reunión?
你们赢！	¡Ustedes ganan!
你们这些家伙想去干什么？	¿Qué quieren hacer ustedes?
你们需要更多耐心。	Ustedes necesitan más paciencia.
你们需要重新启动电脑。	Ustedes necesitan reiniciar la computadora.
你会东山再起的。	Tú te recuperarás.
你会去哈佛大学吗？	¿Tú irás a la Universidad de Harvard?
你会去访问其他国家吗？	¿Tú visitarás otros países?
你会弹管风琴吗?	¿Tú tocas el órgano?
你会接受这份工作吗？	¿Tú aceptarás este trabajo?
你会溜冰吗？	¿Tú patinas?
你会跳多高，就跳多高。	Salta tan alto como puedas.
你住哪里？	¿Dónde vives?
你住在哪儿？	¿Dónde vives?
你住在哪里？	¿Dónde vives?
你住在筱山多久了？	¿Cuánto tiempo llevas viviendo en Sasayama?
你住在筱山市嗎?	¿Vives en la ciudad de Sasayama?
你住薩拉曼卡嗎？	¿Vives en Salamanca?
你們不能相信湯姆。	Ustedes no pueden creerle a Tom.
你們不認識他們。	Ustedes no los conocen.
你們他媽的下地獄!	¡Váyanse al infierno!
你們做夢。	Ustedes sueñan.
你們先去哪裡？	¿Adónde van ustedes primero?
你們公司幾點下班?	¿A qué hora cierran su empresa?
你們冷靜下來，從頭開始跟我說。	Cálmense y cuéntenme desde el principio.
你們別信他。	No le crean.
你們別和任何人說。	No se lo digan a nadie.
你們去哪幾個城市？	¿A qué ciudades van ustedes?
你們可以在這兒學習。	Ustedes pueden estudiar aquí.
你們可以幫我們叫出租車嗎？	¿Pueden pedirnos un taxi?
你們可以幫我們嗎？	¿Pueden ayudarnos?
你們可以把車停到旅館背後。	Pueden estacionar el coche detrás del hotel.
你們可嚇不到我。	No me asustan.
你們吃過了嗎？	¿Ya comieron?
你們吃飯了嗎？	¿Comieron?
你們呢？	¿Y ustedes?
你們喂鸚鵡了嗎？	¿Alimentaron al loro?
你們喜歡學校嗎？	¿Les gusta la escuela?
你們喜歡棒球嗎？	¿Les gusta el béisbol?
你們喝多了。	Ustedes bebieron demasiado.
你們國家媒體中輸入的「反覺醒」宣傳，是直接來自真正的法西斯的。	La propaganda "antidespertar" que entra en los medios de su país proviene directamente de verdaderos fascistas.
你們在做夢。	Ustedes están soñando.
你們在哭嗎？	¿Están llorando?
你們在用的那枝筆是我的。	Ese bolígrafo que están usando es mío.
你們在聽他說話。	Ustedes están escuchándolo hablar.
你們在這兒工作嗎？	¿Trabajan aquí?
你們城市有多少個學校？	¿Cuántas escuelas hay en su ciudad?
你們失望嗎？	¿Están decepcionados?
你們好嗎？	¿Cómo están?
你們學習嗎？	¿Estudian?
你們家在哪？	¿Dónde está su casa?
你們家燈没亮，所以我以爲你們不在家。	La luz de su casa no estaba encendida, así que pensé que no estaban en casa.
你們對佛教有興趣嗎？	¿Les interesa el budismo?
你們對此有什麼看法嗎？	¿Tienen alguna opinión sobre esto?
你們很幸運。	Ustedes tienen mucha suerte.
你們很獨特。	Ustedes son muy únicos.
你們得快點。	Tienen que darse prisa.
你們得走了。	Tienen que irse.
你們從前很好，現在更好了。	Ustedes eran buenos antes, y ahora son mejores.
你們怎麼可以搶別人的東西？	¿Cómo pueden robar cosas a otros?
你們想吃什麼？	¿Qué quieren comer?
你們想看看我的臥室嗎？	¿Quieren ver mi dormitorio?
你們想要吃些什麼嗎？	¿Quieren comer algo?
你們打高爾夫球嗎？	¿Juegan al golf?
你們採取什麼措施避孕？	¿Qué medidas toman para anticoncepción?
你們明天不會來嗎？	¿No vendrán mañana?
你們昨天在學校嗎？	¿Estuvieron en la escuela ayer?
你們是什麼時候開始戴隱形眼鏡的呀？	¿Desde cuándo empezaron a usar lentes de contacto?
你們是義大利人嗎？	¿Son italianos?
你們最喜歡什麼水果？	¿Cuál es su fruta favorita?
你們會做飯嗎？	¿Saben cocinar?
你們會待在日本到什麼時候？	¿Hasta cuándo se quedarán en Japón?
你們會說英語嗎？	¿Hablan inglés?
你們會開車嗎？	¿Saben conducir?
你們有冷牛奶嗎？	¿Tienen leche fría?
你們有小孩嗎?	¿Tienen hijos?
你們有幾個姐妹呀？	¿Cuántas hermanas tienen?
你們有聞到煙味兒嗎？	¿Huelen olor a humo?
你們有蠟燭嗎？	¿Tienen velas?
你們每天都讀書嗎？	¿Leen todos los días?
你們比她高。	Son más altos que ella.
你們比我還高。	Son aún más altos que yo.
你們沒看見那個人嗎？	¿No vieron a esa persona?
你們没來。	No vinieron.
你們為什麼喜歡澳大利亞？	¿Por qué les gusta Australia?
你們為什麼怕湯姆呀？	¿Por qué le tienen miedo a Tomás?
你們為什麼想殺我？	¿Por qué quieren matarme?
你們為什麼有那樣的想法？	¿Por qué tienen esa idea?
你們為什麼這麼生氣？	¿Por qué están tan enojados?
你們為何不回家呢？	¿Por qué no vuelven a casa?
你們現在在哪兒呀？	¿Dónde están ahora?
你們的效率太低了。	Su eficiencia es demasiado baja.
你們的東西在哪裡？	¿Dónde están sus cosas?
你們的演說爛透了。	Su discurso fue pésimo.
你們的講詞爛透了。	Su alocución fue pésima.
你們的隊伍比我們的強。	Su equipo es más fuerte que el nuestro.
你們看起來不緊張。	No parecen nerviosos.
你們看電視嗎？	¿Ven televisión?
你們能在外頭等嗎？	¿Pueden esperar afuera?
你們能幫我們嗎？	¿Pueden ayudarnos?
你們能走嗎？	¿Pueden caminar?
你們藏了什麼東西？	¿Qué escondieron?
你們被邀請了嗎？	¿Fueron invitados?
你們要去哪裡？	¿Adónde van?
你們要和我一起去嗎？	¿Quieren ir conmigo?
你們要帶我去哪？	¿Adónde me llevan?
你們要幾輛出租車？	¿Cuántos taxis quieren?
你們要是用刀劍刺向我們，我们难道不會流血嗎？	Si nos apuñalan con espadas, ¿acaso no sangraremos?
你們要米飯嗎？	¿Quieren arroz?
你們覺得我不知道自己在幹什麼嗎？	¿Creen que no sé lo que hago?
你們覺得誰會贏金牌？	¿Quién creen que ganará la medalla de oro?
你們認識嗎？	¿Se conocen?
你們說得對。	Tienen razón.
你們還在家裡嗎？	¿Todavía están en casa?
你們還希望我們幫湯姆嗎？	¿Todavía quieren que ayudemos a Tomás?
你們還年輕。	Todavía son jóvenes.
你們還想要些橙汁嗎？	¿Quieren más jugo de naranja?
你們還有牛奶嗎？	¿Todavía tienen leche?
你們那時候看起來在生氣。	Ustedes parecían estar enojados en ese momento.
你們醉了。	Ustedes están borrachos.
你們隊員連球都接不住。	Ustedes, los miembros del equipo, ni siquiera pueden atrapar la pelota.
你們！過來。	¡Ustedes! Vengan aquí.
你做吗?	¿Lo haces?
你几岁了？	¿Cuántos años tienes?
你出国的时候学一些当地的礼貌用语还是很有用的。	Cuando salgas al extranjero, aprender algunas frases de cortesía locales sigue siendo muy útil.
你刚到这里吗？	¿Acabas de llegar aquí?
你到底为什么在这里？	¿Por qué demonios estás aquí?
你到底为什么要这么做？	¿Por qué demonios haces esto?
你午饭吃的什么？	¿Qué comiste en el almuerzo?
你去北京学习几天？	¿Cuántos días vas a Beijing a estudiar?
你去哪儿？	¿Adónde vas?
你叔叔让你开他的车了吗？	¿Tu tío te dejó conducir su coche?
你只是做了你的功课。	Solo hiciste tu tarea.
你只能喝从饮水器来的水。	Solo puedes beber agua del dispensador.
你只要坐在这儿就行了。	Solo tienes que sentarte aquí.
你只要讀讀這篇文章，就能知道那意外有多嚴重。	Solo con leer este artículo, podrás saber lo grave que fue el accidente.
你只要问就好了。	Solo tienes que preguntar.
你叫什么名字？	¿Cómo te llamas?
你叫他来！	¡Llámale a él!
你可不年轻。	No eres joven.
你可以借我你的字典嗎?	¿Puedes prestarme tu diccionario?
你可以坐船去那。	Puedes ir allí en barco.
你可以把我的早餐送到305房间吗？	¿Puedes llevarme el desayuno a la habitación 305?
你可以把我的行李拿到樓上嗎?	¿Puedes subir mi equipaje al piso de arriba?
你可以描述一下當時的處境嗎？	¿Puedes describir la situación en ese momento?
你可以晚點再打電話來嗎？	¿Puedes llamar más tarde?
你可以說明一下這台機器是怎樣運作的嗎？	¿Puedes explicar cómo funciona esta máquina?
你可以这么说。	Puedes decirlo así.
你可以隨意把相片送給想要它的人。	Puedes regalar la foto a quien la quiera, como quieras.
你可別再說瞎話了！	¡No digas más tonterías!
你可知道那是你的責任。	¿Sabes que esa es tu responsabilidad?
你可能該動一動。	Quizás deberías moverte un poco.
你吃了这药，胃痛就会缓解很多。	Si tomas esta medicina, el dolor de estómago se aliviará mucho.
你吃薯片。	Tú comes papas fritas.
你听到没有！	¡¿No me oyes?!
你告訴她你已經在三天前完成這個工作了。	Dile que ya terminaste este trabajo hace tres días.
你和我其中一個要出席這次的會議。	Uno de nosotros, tú o yo, tiene que asistir a esta reunión.
你咕咕哝哝的来着。	Estabas murmurando.
你哪裡痛？	¿Dónde te duele?
你喜歡吃牛肉麵嗎?	¿Te gusta comer fideos de res?
你喜歡春天還是秋天？	¿Prefieres la primavera o el otoño?
你喝水吗？	¿Bebes agua?
你回家了。	Has vuelto a casa.
你在上海要住多少时间？	¿Cuánto tiempo vas a quedarte en Shanghái?
你在哪兒寫？	¿Dónde escribes?
你在哪裡唸高中?	¿Dónde estudiaste la secundaria?
你在哪裡學網球？	¿Dónde aprendiste tenis?
你在哪里和他们握的手？	¿Dónde les diste la mano?
你在工作。	Estás trabajando.
你在找什么吗？	¿Estás buscando algo?
你多久看一次牙医？	¿Cada cuánto vas al dentista?
你多大了？	¿Cuántos años tienes?
你多大岁数了？	¿Qué edad tienes?
你多重啊！	¡Qué pesado eres!
你多高？	¿Cuánto mides?
你太太怎么样？	¿Cómo está tu esposa?
你太漂亮了！	¡Eres muy guapa!
你好嗎，湯姆？	¿Cómo estás, Tom?
你好嗎，邁克？	¿Cómo estás, Mike?
你如何學習外語？	¿Cómo aprendes idiomas extranjeros?
你如果遭受老鼠困擾，可以使用超音波來嚇跑牠們。	Si sufres de problemas con ratas, puedes usar ultrasonidos para ahuyentarlas.
你完全没有理由去试图和那些中国女孩子交流，或者至少那些人。他们非常的粗鲁！	No tienes ninguna razón para intentar comunicarte con esas chicas chinas, o al menos con esas personas. ¡Son muy groseras!
你完全没错。	No tienes nada de culpa.
你家在哪裡？	¿Dónde está tu casa?
你家很容易发现。	Tu casa es muy fácil de encontrar.
你对不起我。	Me debes una disculpa.
你对美国印象如何？	¿Qué impresión tienes de Estados Unidos?
你将会和我一起去购物吗？	¿Vas a ir de compras conmigo?
你将拥有什么？	¿Qué vas a tener?
你將無法趕上火車。	No podrás alcanzar el tren.
你對任何藥物過敏嗎？	¿Eres alérgico a algún medicamento?
你對批評和自我批評這兩者的看法不對。	Tu opinión sobre la crítica y la autocrítica no es correcta.
你對提升我演講能力的建議，我會記下來。	Tomaré nota de tus sugerencias para mejorar mi habilidad de hablar.
你少把一切都推到他头上。	No le eches toda la culpa a él.
你就只告诉我一个人，你对她的意见如何？	Dime solo a mí, ¿qué opinas de ella?
你就随了我的意吧。	Hazme caso, por favor.
你差不多猜对了。	Casi acertaste.
你已經解答湯姆的問題了嗎？	¿Ya has respondido la pregunta de Tom?
你已经见过史密斯先生了吗？	¿Ya has conocido al señor Smith?
你希望我们和你一起去吗？	¿Deseas que vayamos contigo?
你帮妈妈做事了？	¿Ayudaste a mamá con sus tareas?
你帮我把这两封信寄掉好吗？	¿Me ayudas a enviar estas dos cartas?
你年龄有多大?	¿Cuántos años tienes?
你幾歲?	¿Cuántos años tienes?
你应该带护照去银行。	Debes llevar tu pasaporte al banco.
你应该经常为了雨天攒钱。	Debes ahorrar dinero para los días lluviosos.
你很像我姐姐。	Te pareces mucho a mi hermana.
你很好。	Eres muy bueno.
你很快就會相信我是對的了。	Pronto creerás que tengo razón.
你很漂亮.	Eres muy bonita.
你很漂亮。	Eres muy bonita.
你得走一陣子。	Tendrás que caminar un rato.
你從哪裡來？	¿De dónde vienes?
你從哪裡跑進來的？	¿De dónde entraste corriendo?
你從湯姆那裡學到了嗎？	¿Lo aprendiste de Tom?
你必須事先預約。	Debes reservar con anticipación.
你必須吃什麼?	¿Qué debes comer?
你必须要肯定。	Debes estar seguro.
你怎么在太空里找到食物？	¿Cómo encuentras comida en el espacio?
你怎么这么要紧哪！	¡Qué importante eres!
你怎麼知道他們奇怪的看著你不只是因為你有一張有趣的臉呢?	¿Cómo sabes que te miran raro no solo por tu cara divertida?
你怎麼說這樣的口吃？	¿Cómo dices ese tartamudeo?
你怎麼說？	¿Cómo dices?
你恳求与我谈话的原因是什么？	¿Cuál es la razón por la que suplicas hablar conmigo?
你想不想一起打游戏？	¿Quieres jugar un juego juntos?
你想什么甜点？	¿Qué postre quieres?
你想再來些牛肉嗎？	¿Quieres más carne de res?
你想再來些蛋糕嗎？	¿Quieres más pastel?
你想再來些醬汁嗎？	¿Quieres más salsa?
你想再喝些啤酒嗎？	¿Quieres más cerveza?
你想再喝點咖啡嗎？	¿Quieres más café?
你想再来杯酒吗？	¿Quieres otra copa de vino?
你想吃什么东西吗?	¿Quieres comer algo?
你想吃吗？	¿Quieres comer?
你想吃水果馅饼吗？	¿Quieres comer pastel de frutas?
你想喝什么？	¿Qué quieres beber?
你想喝點甚麼？	¿Qué quieres beber?
你想在大學裡做什麼?	¿Qué quieres hacer en la universidad?
你想坐哪儿呢？	¿Dónde quieres sentarte?
你想將頭髮剪成怎樣？	¿Cómo quieres cortarte el cabello?
你想得到例子吗？	¿Quieres un ejemplo?
你想怎麼剪你的頭髮？	¿Cómo quieres cortarte el cabello?
你想要什么喝的吗？	¿Quieres algo de beber?
你想要什麼嗎？	¿Quieres algo?
你想說柏柏語嗎？	¿Quieres hablar bereber?
你想让我们跟你一起去吗？	¿Quieres que vayamos contigo?
你感觉好吗？	¿Te sientes bien?
你憑什麼逮捕我？	¿Con qué derecho me arrestas?
你懂的，對吧？	Lo sabes, ¿verdad?
你應該覺得不難。	No debería resultarte difícil.
你應該請求你的老師允許。	Deberías pedir permiso a tu profesor.
你應該諮詢你的醫生。	Deberías consultar a tu médico.
你應該遵守交通規則。	Deberías cumplir las normas de tráfico.
你應該遵照醫生的忠告。	Deberías seguir el consejo del médico.
你或许想和汤姆讨论一下。	Quizás quieras discutirlo con Tom.
你所有的指控都是毫无根据的。她是无辜的，并且我们将证明这一点。	Todas tus acusaciones son infundadas. Ella es inocente, y lo demostraremos.
你所说的一切都将成为呈堂证供。	Todo lo que digas podrá ser usado en tu contra.
你才昨天谁来找我了？	¿A que no sabes quién vino a verme ayer?
你打电话给我吗？	¿Me llamaste?
你打算長時間停留嗎？	¿Planeas quedarte mucho tiempo?
你找錯了零錢給我。	Me diste mal el cambio.
你把襪子脫在哪兒了？	¿Dónde te quitaste los calcetines?
你把鍋鏟放在哪裡？	¿Dónde pusiste la espátula?
你把電影全看了嗎？	¿Viste toda la película?
你抽不抽烟？	¿Fumas o no?
你拿了些牛奶嗎？	¿Tomaste un poco de leche?
你拿吗?	¿Lo tomas?
你提供任何全日遊嗎？	¿Ofrecen algún tour de día completo?
你收拾好東西了沒有？	¿Ya empacaste tus cosas?
你收私人支票嗎?	¿Aceptas cheques personales?
你教我们说英语。	Nos enseñas a hablar inglés.
你敢。	Atrévete.
你敢！	¡Atrévete!
你明天去學校。	Mañana vas a la escuela.
你明天有空吗？	¿Estás libre mañana?
你昨晚確實很吵。	Anoche estuviste muy ruidoso.
你是一个大懒鬼。	Eres un gran vago.
你是個大號手嗎?	¿Eres un trompetista?
你是個香蕉人。	Eres un plátano (asiático occidentalizado).
你是刷卡还是付现金？	¿Pagas con tarjeta o en efectivo?
你是同志。	Eres camarada.
你是哪一隊的迷?	¿De qué equipo eres fan?
你是学生吗？	¿Eres estudiante?
你是學生嗎？	¿Eres estudiante?
你是对的。	Tienes razón.
你是怎么避开这酷暑的？	¿Cómo evitas este calor sofocante?
你是惡魔的化身。	Eres la encarnación del demonio.
你是想將我與其聯繫起來嗎？	¿Estás tratando de relacionarme con eso?
你是這棟房子的主人嗎？	¿Eres el dueño de esta casa?
你是黨員嗎？	¿Eres miembro del partido?
你曾經生過火嗎?	¿Has encendido alguna vez un fuego?
你最好坐公共汽車去。	Será mejor que tomes el autobús.
你會做什麼？	¿Qué sabes hacer?
你會坐火車還是汽車呢？	¿Viajarás en tren o en coche?
你會寫多少漢字？	¿Cuántos caracteres chinos sabes escribir?
你會希望你從來沒有看過它。	Desearías no haberlo visto nunca.
你會把它扔掉嗎？	¿Lo tirarás?
你會派人去請醫生來嗎?	¿Enviarás a alguien a buscar al médico?
你會穿這件和服嗎？	¿Te pondrás este kimono?
你有一个电话。	Tienes una llamada.
你有不同顏色的外套嗎？	¿Tienes abrigos de diferentes colores?
你有什么建议吗？	¿Tienes alguna sugerencia?
你有什么问题？	¿Qué preguntas tienes?
你有什麼不開心的事	¿Tienes algo que te entristezca?
你有什麼症狀？	¿Qué síntomas tienes?
你有任何比較小的尺寸嗎?	¿Tienes alguna talla más pequeña?
你有嗎？	¿Lo tienes?
你有团子吗？	¿Tienes dango?
你有外國郵票嗎？	¿Tienes sellos extranjeros?
你有多喜歡這場音樂會？	¿Cuánto te gustó este concierto?
你有多大年龄?	¿Cuántos años tienes?
你有多環保呀？	¿Qué tan ecológico eres?
你有多高？	¿Cuánto mides de alto?
你有幾個兒子？	¿Cuántos hijos tienes?
你有旅館名錄嗎？	¿Tienes un directorio de hoteles?
你有比湯姆重嗎?	¿Eres más pesado que Tom?
你有英語的菜單嗎？	¿Tienes un menú en inglés?
你有買果汁嗎？	¿Compraste jugo?
你有過一個你會重複做的夢嗎？	¿Has tenido un sueño que repetirías?
你本不该把人卖了的。	No debías haber vendido a la gente.
你来这里出差的？	¿Vienes aquí por trabajo?
你根本沒有注意。	No has prestado atención en absoluto.
你正在做的那個東西是做什麼用的？	¿Para qué sirve lo que estás haciendo?
你死路上了？	¿Te moriste en el camino?
你每個月的瓦斯費多少錢？	¿Cuánto pagas de gas al mes?
你毕竟是对的。	Después de todo, tienes razón.
你气色不错。	Tienes buen aspecto.
你沒有讀書的必要。	No tienes necesidad de estudiar.
你没法说服一个傻子。	No puedes convencer a un tonto.
你滑冰嗎？	¿Patinas sobre hielo?
你滑旱冰嗎？	¿Patinas sobre ruedas?
你滑雪嗎？	¿Esquías?
你為什麼去京都?	¿Por qué fuiste a Kioto?
你為什麼去東京？	¿Por qué fuiste a Tokio?
你為什麼只攔下了外國人？	¿Por qué solo detuviste a los extranjeros?
你為什麼學廣東話？	¿Por qué aprendes cantonés?
你為什麼懷疑那件事是湯姆做的呢？	¿Por qué sospechas que Tom hizo eso?
你為什麼打開這個盒子？	¿Por qué abriste esta caja?
你為什麼知道這麼多的日本歷史?	¿Por qué sabes tanta historia japonesa?
你為什麼要講這個笑話呢？	¿Por qué cuentas este chiste?
你為什麼要那樣做呢？	¿Por qué haces eso?
你為什麼說了這樣的事?	¿Por qué dijiste algo así?
你為什麼這麼晚回家？	¿Por qué vuelves a casa tan tarde?
你為什麼那樣說?	¿Por qué dices eso?
你為什麼關心他們？	¿Por qué te preocupas por ellos?
你為什麼需要零錢?	¿Por qué necesitas cambio?
你為何走訪英國？	¿Por qué visitaste Inglaterra?
你為甚麼不聽？	¿Por qué no escuchas?
你為甚麼不跟他講？	¿Por qué no hablas con él?
你為甚麼不鎖門？	¿Por qué no cierras la puerta con llave?
你為甚麼要為這種無關重要的事情憂心呢？	¿Por qué te preocupas por algo tan insignificante?
你無法阻止他們的行動。	No puedes impedir sus acciones.
你無論用甚麼方法，結果都是一樣。	No importa qué método uses, el resultado es el mismo.
你煮飯用天然氣還是電力？	¿Cocinas con gas natural o electricidad?
你爱我只是因为我是个黑人吗？	¿Me amas solo porque soy negro?
你爱拿多少就拿多少。	Toma todo lo que quieras.
你爱音乐吗？	¿Te gusta la música?
你爲什麼讓我看這箇？	¿Por qué me muestras esto?
你現在那又是什麼意思？	¿Qué quieres decir ahora con eso?
你用什么方法解压?	¿Qué método usas para desestresarte?
你當醫生很久了嗎？	¿Has sido médico por mucho tiempo?
你的三腳架在我的辦公室裏。	Tu trípode está en mi oficina.
你的书是什么：这本还是那本？	¿Cuál es tu libro: este o ese?
你的保險公司叫甚麼名字？	¿Cómo se llama tu compañía de seguros?
你的傷風要快點好啊，下個禮拜你就又要準備好了啦，我們沒了你是不行的。	Que te mejores pronto de tu resfriado, la próxima semana tienes que estar listo de nuevo, no podemos sin ti.
你的判斷是正確的。	Tu juicio es correcto.
你的周末是怎么过的？	¿Cómo pasaste tu fin de semana?
你的孩子们现在在哪里？	¿Dónde están tus hijos ahora?
你的孩子多大了？	¿Qué edad tiene tu hijo?
你的年龄是多少？	¿Cuál es tu edad?
你的建议值得考虑。	Tu sugerencia merece consideración.
你的提议值得考虑。	Tu propuesta merece consideración.
你的新商店什么时候开张？	¿Cuándo abre tu nueva tienda?
你的时间快用完了。	Tu tiempo se está acabando.
你的朋友怎么还没来？	¿Por qué no ha llegado tu amigo todavía?
你的梦想实现了吗	¿Se cumplió tu sueño?
你的歌聲清澈如太平洋的海水。	Tu voz es clara como el agua del océano Pacífico.
你的理由很充分。	Tu razón es muy convincente.
你的生日是几号？	¿Qué día es tu cumpleaños?
你的生日是几月几号？	¿Cuál es la fecha de tu cumpleaños?
你的第二顆鈕扣快掉了。	Tu segundo botón está a punto de caerse.
你的结论具有高度争议性。	Tu conclusión es altamente controvertida.
你的老师们之一打电话了我告诉你今天不上学了。	Uno de tus profesores me llamó para decirme que hoy no hay clases.
你的脑袋坏了吗？	¿Se te ha dañado la cabeza?
你的蛋要怎麼做?	¿Cómo quieres que prepare tus huevos?
你的行为完全合法。	Tu comportamiento es completamente legal.
你的袋子在這裡。	Tu bolsa está aquí.
你的谎言像报纸一样！	¡Tus mentiras son como un periódico!
你的邮箱为什么发不过去邮件呢，奇怪。	¿Por qué no se envía el correo desde tu buzón? Qué extraño.
你的電話接通了嗎?	¿Se conectó tu llamada?
你的飛機什麼時候起飛？	¿Cuándo despega tu avión?
你的飞机什么时候起飞呢？	¿Cuándo despega tu avión?
你的駕駛執照已經過期了。	Tu licencia de conducir ya ha caducado.
你的？	¿El tuyo?
你相信神存在嗎？	¿Crees que Dios existe?
你看箇毛呢？	¿Qué estás mirando?
你真好。	Eres muy bueno.
你真棒。	Eres genial.
你真的應該來的。	Realmente deberías haber venido.
你真该看看玛丽脸上的表情。	Deberías haber visto la cara de María.
你知道吗？	¿Lo sabes?
你知道在哪裡可以找到她嗎？	¿Sabes dónde puedo encontrarla?
你知道湯姆會說什麼嗎？	¿Sabes qué dirá Tom?
你知道谁去过澳大利亚的吗？	¿Sabes quién ha ido a Australia?
你确定吗？	¿Estás seguro?
你确定？	¿Estás seguro?
你碰巧认识了布朗教授吗？	¿Conoces por casualidad al profesor Brown?
你確定你不想睡在它上面嗎？	¿Estás seguro de que no quieres dormir sobre eso?
你確定嗎？	¿Estás seguro?
你离开时我会照看你的孩子	Cuidaré de tus hijos cuando te vayas.
你第一節課上什麼?	¿Qué clase tienes en la primera hora?
你答對了。	Acertaste.
你答應嗎？	¿Lo prometes?
你結婚了嗎？	¿Estás casado?
你結婚了沒有？	¿Estás casado o no?
你绝不可把马赛和里昂相比。	Nunca debes comparar Marsella con Lyon.
你老是犯錯。	Siempre te equivocas.
你聽起來不開心。	Suenas infeliz.
你肯定吗？	¿Estás seguro?
你肯定很愛湯姆。	Seguro que amas mucho a Tom.
你肯定脑子糊掉了。	Seguro que tienes la cabeza nublada.
你能借我你的CD播放機一小時嗎？	¿Puedes prestarme tu reproductor de CD por una hora?
你能再给我点茶吗？	¿Puedes darme un poco más de té?
你能去学校接小孩吗？	¿Puedes ir a la escuela a recoger a los niños?
你能受到教育，對我來說很重要。	Que puedas recibir educación es muy importante para mí.
你能否說出這個詞的精確意思?	¿Puedes decir el significado exacto de esta palabra?
你能告诉我们。	Puedes decírnoslo.
你能告诉我你为什么喜欢她吗？	¿Puedes decirme por qué te gusta ella?
你能安排一個晚上坐觀光巴士嗎?	¿Puedes organizar un paseo nocturno en autobús turístico?
你能寄宣傳冊給我嗎？	¿Puedes enviarme el folleto?
你能帮助我的话，我将很感激的。	Te agradeceré mucho si puedes ayudarme.
你能帮我给这些人分发节目单吗？	¿Puedes ayudarme a repartir los programas a estas personas?
你能從那裡看到房頂。	Puedes ver el techo desde allí.
你能把我的名字加到等候批准的申请人名单上吗？	¿Puedes añadir mi nombre a la lista de solicitantes en espera de aprobación?
你能把最近的公车站指给我看吗?	¿Puedes indicarme la parada de autobús más cercana?
你能拿到架子上的书吗？	¿Puedes alcanzar el libro en el estante?
你能派人拿一些衣服，好吗？	¿Puedes enviar a alguien a buscar algo de ropa, por favor?
你能生吃牡蠣嗎？	¿Puedes comer ostras crudas?
你能看到屋顶的那栋房子是贝克先生的。	La casa que puedes ver en el tejado es la del señor Baker.
你能看吗？	¿Puedes ver?
你能請個醫生來嗎？	¿Puedes llamar a un médico?
你能走嗎？	¿Puedes caminar?
你能重复一遍吗？	¿Puedes repetirlo?
你能閱讀嗎？	¿Puedes leer?
你自己拿蛋糕吃吧。	Toma tú mismo el pastel y cómelo.
你花多长时间汉语学这么好。	¿Cuánto tiempo te tomó aprender tan bien el chino?
你藏進櫃子裡去。	Escóndete en el armario.
你要做什么？	¿Qué vas a hacer?
你要穿那種衣服出門？不太好看耶。	¿Vas a salir con esa ropa? No se ve muy bien.
你要让我来解决。	Tú tienes que dejarme resolverlo.
你覺得是湯姆做的，不是嗎？	Crees que lo hizo Tom, ¿no es así?
你见到的是两兄弟中的哪一个？	¿Cuál de los dos hermanos viste?
你訂閱了什麼報紙?	¿Qué periódico tienes suscrito?
你認為從這裏去東京要花多久時間？	¿Cuánto tiempo crees que se tarda en ir de aquí a Tokio?
你認識史密斯小姐多久了？	¿Cuánto tiempo hace que conoces a la señorita Smith?
你認識那邊那個綁著雙馬尾的女孩嗎？	¿Conoces a esa chica de allí con coletas dobles?
你說吧。	Dilo.
你讓我看到了一切順利時的樣子。	Me hiciste ver cómo es cuando todo va bien.
你认为你会到哪儿度假？	¿Dónde crees que irás de vacaciones?
你认为可以胜任那些方面的工作？	¿Crees que eres competente en esos aspectos del trabajo?
你让我做不可能做到的事情。	Me pides que haga lo imposible.
你记住他的电话号码没有？	¿Recuerdas su número de teléfono?
你说吗?	¿Lo dices?
你说吧.	Dilo.
你说的有几分是真实的。	Lo que dices tiene algo de verdad.
你買了多少東西？	¿Cuántas cosas compraste?
你贴吗?	¿Lo pegas?
你赞成还是反对这个建议？	¿Estás a favor o en contra de esta sugerencia?
你赞成还是反对这个计划？	¿Estás a favor o en contra de este plan?
你走。	Vete.
你走或留，随你高兴。	Vete o quédate, como quieras.
你跑哪去了？	¿Dónde te metiste?
你跟摩托车到底怎么回事？	¿Qué pasa contigo y la motocicleta?
你跟汤姆说过了吗？	¿Ya hablaste con Tom?
你躺下來。	Acuéstate.
你还以为我不需要那么做，不是吗？	Todavía pensabas que no necesitaba hacerlo, ¿no es así?
你还在那吗？	¿Todavía estás ahí?
你这孩子！别老是接触一些陌生人，很危险的！	¡Este niño! No te acerques a extraños, ¡es muy peligroso!
你這樣的想法是對的。	Tu forma de pensar es correcta.
你還不太晚。	Aún no es demasiado tarde para ti.
你還有什麼別的想知道的嗎？	¿Hay algo más que quieras saber?
你還有別的問題嗎？	¿Tienes alguna otra pregunta?
你錯過了一點。	Te perdiste un punto.
你關心政治嗎？	¿Te interesa la política?
你離開的這段時間，關於怎麼照顧你的寵物，可以麻煩你留一份說明給我們嗎？	Durante el tiempo que estés fuera, ¿podrías dejarnos una nota sobre cómo cuidar a tu mascota?
你需要可以幫助你的朋友。	Necesitas amigos que puedan ayudarte.
你需要戴安全帽。你需要戴頭盔。	Necesitas usar un casco de seguridad. Necesitas usar un casco.
你需要攜帶兩張白底的個人證件照。	Necesitas llevar dos fotos de identificación personales con fondo blanco.
來了。	Ya llegó.
便利店出兑。	Tienda de conveniencia en traspaso.
俄語動詞的一個特徵是存在體的範疇。	Una característica de los verbos rusos es la existencia de la categoría de aspecto.
保存在陰涼的地方。	Consérvese en un lugar fresco.
保持安静	Mantén el silencio.
保持安静！	¡Mantén el silencio!
借给他.	Préstaselo.
假如你在老师讲课的时候再集中一点去听讲的话，你应该就能弄明白了。	Si prestaras un poco más de atención durante la clase del profesor, deberías poder entenderlo.
假期期間銷售業績暢旺，但之後就下滑了。	Las ventas durante las vacaciones fueron muy buenas, pero luego cayeron.
做人是最难的。	Ser humano es lo más difícil.
做個桶滾。	Haz un barril.
做多少算多少。	Haz lo que puedas.
做点什么吧！	¡Haz algo!
停手！	¡Para!
停止！	¡Alto!
傻瓜。	Tonto.
儘快	Lo antes posible.
兄弟，你找箇毛呢？	Hermano, ¿qué buscas?
充满阳光的天和充满願望的心...	Un cielo lleno de sol y un corazón lleno de deseos...
先生，请出示护照或者身份证，让我登记一下。	Señor, por favor, muestre su pasaporte o documento de identidad para que lo registre.
光陰飛似箭，水果飛似蕉。	El tiempo vuela como una flecha, y la fruta vuela como un plátano.
克勞迪奧留著長髮，而且抽大麻。	Claudio tiene el pelo largo y fuma marihuana.
克勞迪歐似乎有點擔心。	Claudio parece un poco preocupado.
克林伊斯威特當選為卡梅爾市市長。	Clint Eastwood fue elegido alcalde de la ciudad de Carmel.
全純函數在其定義域內任意一點的鄰域中都可以表示為收斂的冪級數。	Una función holomorfa puede representarse como una serie de potencias convergente en el entorno de cualquier punto de su dominio.
全都靠它了。	Todo depende de ello.
兩人份自助午餐，謝謝。	Buffet de almuerzo para dos, gracias.
兩者之中哪一個比較重？	¿Cuál de los dos es más pesado?
八時半方便你嗎？	¿Te viene bien a las ocho y media?
公交车站里我们很近。	La parada de autobús está muy cerca de nosotros.
六点之前要回家。	Tengo que volver a casa antes de las seis.
六点您行吗？	¿Le viene bien a las seis?
共产主义失败了，而无产阶级专政现在也已经被淘汰了。虽然资本主义逐渐取而代之，但现在的资本主义对于人类还是一个威胁。	El comunismo ha fracasado, y la dictadura del proletariado ahora también ha sido superada. Aunque el capitalismo la ha reemplazado gradualmente, el capitalismo actual sigue siendo una amenaza para la humanidad.
关于用什么方式和那些人说话，你要谨慎一些。	Debes tener cuidado con la forma de hablar con esas personas.
关于计划他什么也不知道。	Él no sabe nada sobre el plan.
关于该问题的答复，我两天后再回答你可以吗？	¿Puedo responderle sobre la respuesta a esa pregunta dentro de dos días?
关于这件事......我真的不知道。	Sobre este asunto... realmente no lo sé.
其中我最常用的是一种抽认卡系统。	Entre ellos, el que más uso es un sistema de tarjetas de memoria.
其他人没有兴趣。	Los demás no tienen interés.
其实他没去过美国。	En realidad, él nunca ha ido a Estados Unidos.
其實啊，你没錯。	En realidad, no tienes razón.
其實有沒有這個字的？	¿En realidad existe esta palabra?
再一次。	Otra vez.
再加點鹽好嗎？	¿Añadimos un poco más de sal?
再告訴我點湯姆的情況。	Cuéntame más sobre Tom.
冰箱装满了调味品。	El refrigerador está lleno de condimentos.
冷空氣疾風席捲整棟房子。	Una ráfaga de aire frío azota toda la casa.
冷靜！	¡Cálmate!
几只苹果？	¿Cuántas manzanas?
凱特不比安高。	Kate no es más alta que Ann.
凱特還沒到嗎？	¿Kate aún no ha llegado?
凱薩琳已成为皇室的正式成员。	Catherine se ha convertido en miembro oficial de la familia real.
出來吧！	¡Sal!
出去吃飯嗎？	¿Salimos a cenar?
出去！	¡Fuera!
出售。	En venta.
出来。	Sal.
出示你的脚踝吧。	Muestra tu tobillo.
出类拔萃！	¡Sobresaliente!
切！	¡Cállate!
別上車。	No subas al coche.
別作聲！	¡No hagas ruido!
別咳嗽了，都要聽不見電視了。	Deja de toser, casi no se oye la televisión.
別拿去惡作劇對吧？	No lo uses para hacer bromas, ¿verdad?
別被嚇壞了。	No te asustes.
別謝我，謝湯姆。	No me agradezcas a mí, agradécele a Tom.
別讓他們耍了你。	No dejes que te engañen.
別走！	¡No te vayas!
別這樣說話。	No hables así.
别人怎样看自己不重要,重要的是要保证自己得到自己的认同。	No importa cómo te vean los demás, lo importante es asegurarte de obtener tu propia aprobación.
别慌。这没什么的。	No te preocupes. No es nada.
别折磨他们了。	No los tortures.
别混淆美洲和美国，美洲人和美国人。	No confundas América con Estados Unidos, ni americanos con estadounidenses.
别烦人了！	¡No seas molesto!
别紧张。	No te pongas nervioso.
别被杀了。	No te dejes matar.
到了那時，我才發現自己錯了。	En ese momento, me di cuenta de que estaba equivocado.
到的有我的信吗？	¿Hay alguna carta para mí?
前600年凯尔特人是先来到的人。	Los celtas fueron los primeros en llegar en el año 600 a.C.
前几天我见到了她。	Hace unos días la vi.
前幾天我遇到了珍。	Hace unos días me encontré a Jen.
前方的道路将很漫长，我们攀登的脚步会很艰辛。我们可能无法在一年甚至一个任期内实现这些目标，但我从未像今晚这样满怀希望，我们将实现我们的目标。	El camino por delante será largo y nuestra escalada será ardua. Puede que no logremos estas metas en un año o incluso en un mandato, pero nunca he estado tan esperanzado como esta noche de que alcanzaremos nuestros objetivos.
前面有危險。	Hay peligro adelante.
剛剛敲過了八點鐘，不是嗎？	Acaban de dar las ocho, ¿no es así?
剛開始的時候你可能不會喜歡這個啤酒。這是需要多次品嚐去習慣它的口味。	Al principio puede que no te guste esta cerveza. Necesitas probarla varias veces para acostumbrarte a su sabor.
加布里埃爾打擾了莉瑪。	Gabriel interrumpió a Lima.
加拿大努納武特地區的阿勒特是世界上最北端的永久居住地。	Alert, en la región de Nunavut en Canadá, es el asentamiento permanente más septentrional del mundo.
医生把他叫了回来。	El médico lo llamó de vuelta.
医生治疗了他们的降低体温。	El médico trató su hipotermia.
医院的方向是往左拐再走五百米。	Para ir al hospital, gire a la izquierda y luego camine quinientos metros.
十一点准时到车站。	Llega a la estación a las once en punto.
十二点到不了。	No se puede llegar a las doce.
千万不要!	¡De ninguna manera!
千斤頂在桌上。	El gato hidráulico está sobre la mesa.
南西邀請他去派對。	Nancy lo invitó a la fiesta.
卡比利亞是阿爾及利亞人的地方。	Cabilia es el lugar de los argelinos.
卡羅下個月將參觀邁阿密。	Carol visitará Miami el próximo mes.
卡羅常常看恐怖電影。	Carol suele ver películas de terror.
卡羅正在學習西班牙語。	Carol está aprendiendo español.
卡羅每天早上早起。	Carol se levanta temprano cada mañana.
卡羅非常用功，亨利也是。	Carol es muy aplicada, y Henry también.
危險！	¡Peligro!
即使您的声音颤抖，也要说出事实。	Di la verdad, aunque te tiemble la voz.
即使是现在，我偶尔还是想见到你。不是今天的你，而是我记忆中曾经的你。	Incluso ahora, a veces todavía quiero verte. No al tú de hoy, sino al tú que recuerdo de antes.
即使有比你漂亮的，也不会太多。	Aunque haya alguien más bonita que tú, no serán muchas.
原因呢？	¿La razón?
原来如此。	Ya veo.
原来如此！	¡Ya veo!
去你們的。	Váyanse al diablo.
去外國旅行不能不帶護照。	No se puede viajar al extranjero sin pasaporte.
去年他的爸爸死。	El año pasado murió su padre.
去您那儿怎么走最方便？	¿Cuál es la forma más conveniente de ir a su casa?
去洗洗吧。	Ve a lavarte.
去義大利讀書感覺不錯。	Estudiar en Italia parece buena idea.
参与！	¡Participa!
口袋里的钱摸空了没关系，去找自动取款机吧。	Si se vacía el dinero del bolsillo, no importa, ve al cajero automático.
只有她們自己明白她們在說什麼。	Solo ellas mismas entienden lo que dicen.
只要他怎么做就怎么做就好了。	Solo haz lo que él haga y estará bien.
叫你去为什么不去？	Si te llamaron, ¿por qué no fuiste?
可以。	Está bien.
可以啊。	Claro que sí.
可以幫我寄這封信嗎？	¿Puedes ayudarme a enviar esta carta?
可以开窗吗？	¿Puedo abrir la ventana?
可以的话你也一起来吧。	Si es posible, ven también.
可以给我吗？	¿Puedes dármelo?
可以跟我交換房間嗎?	¿Puedes intercambiar habitación conmigo?
可以这样说，但是太不文明了。	Se puede decir así, pero es muy grosero.
可可不是一隻普通的猩猩。	Coco no es un gorila común.
可恶。	Qué fastidio.
可憐!	¡Qué lástima!
可憐的人民任憑殘暴的獨裁者處置。	El pueblo miserable está a merced del cruel dictador.
可笑!	¡Qué ridículo!
可能帶來誤解的情況都是不可避免的。	Las situaciones que pueden causar malentendidos son inevitables.
台灣是我的家鄉。	Taiwán es mi tierra natal.
史蒂芬·科拜尔是一个好疯狂的家伙。	Stephen Colbert es un tipo muy loco.
史高比耶是馬其頓共和國的首都。	Skopie es la capital de la República de Macedonia.
吃了没。	¿Has comido?
吃吧，喝吧。	Come y bebe.
吃飯。	A comer.
吃饭时间到了。	Es hora de comer.
各位想喝果汁还是水？	¿Todos quieren jugo o agua?
吉兒和肯看電影。	Jill y Ken ven una película.
吉米在一場交通事故中受傷了。	Jimmy resultó herido en un accidente de tráfico.
吊带是最安全的。	Los tirantes son los más seguros.
同意。	De acuerdo.
同样感谢你。	Gracias a ti también.
后退！	¡Atrás!
向上！	¡Arriba!
向左转。	Gira a la izquierda.
听到这个悲伤的消息，她泣不成声。	Al oír la triste noticia, ella no pudo hablar entre sollozos.
听到这个让我感觉热血沸腾。	Escuchar esto me hace sentir la sangre hirviendo.
听着。	Escucha.
听讲座时，你应该保持安静。	Durante la conferencia, debes mantenerte en silencio.
听说您已经跟中介公司联系过了。	He oído que ya se ha puesto en contacto con la agencia.
听说老师要结婚，大家都想参加她的婚礼。	Al oír que la profesora se va a casar, todos quieren asistir a su boda.
听说要来一个转校生之后，全班都乱哄哄地活跃起来。	Tras oír que llegaría un estudiante transferido, toda la clase se alborotó animadamente.
听起来不错。	Suena bien.
听起来好像他是这场灾难的罪魁祸首。	Suena como si él fuera el culpable de esta catástrofe.
听！	¡Escucha!
吴语的方言差异很大。	Los dialectos del wu varían mucho.
吸我𣬠𣬶。	Chupa mi pene.
告訴我你是如果解決這些問題的？	Dime cómo resolviste estos problemas.
告诉他们我爱他。	Diles que lo amo.
告诉孩子别进厨房。	Dile al niño que no entre en la cocina.
告诉我你对湘南做了什么。	Dime qué le hiciste a Shonan.
告诉我拿它做什么。	Dime qué hacer con eso.
告诉我汤姆的邮箱地址吧。	Dime la dirección de correo de Tom.
告诉我考试结果。	Dime el resultado del examen.
告诉我！	¡Dime!
周末愉快。	Buen fin de semana.
周末愉快！	¡Buen fin de semana!
和你闲聊。	Charlar contigo.
和我握手。	Apriétame la mano.
咕噜！这食物太好吃了，但我担心它会很贵。	¡Glu glu! Esta comida está deliciosa, pero me preocupa que sea cara.
咖啡裏加了甚麼呀？	¿Qué le pusieron al café?
咬紧牙关。	Aprieta los dientes.
哇啊啊啊⋯	¡Guau, guau, guau...!
哈利今年才四十歲。	Harry solo tiene cuarenta años este año.
哎呀我不知道啦。	Ay, no lo sé.
哎！	¡Eh!
哦，好吧。再见。但是开车要小心。	Oh, bueno, adiós. Pero conduce con cuidado.
哪本是你們的書？	¿Cuál es vuestro libro?
哪本是您的書？	¿Cuál es su libro?
哪本書是你們的？	¿Qué libro es el vuestro?
哪本書是您的？	¿Qué libro es el suyo?
哪裡出去？	¿Por dónde se sale?
哪裡哪裡！	¡Dónde, dónde!
哪里？	¿Dónde?
哪间卧室都干净。	Cualquier dormitorio está limpio.
哲学不是书面上的学问，而是一种生活的方式。	La filosofía no es un conocimiento de los libros, sino una forma de vida.
唉唷喂啊！	¡Ay, caramba!
唉！我的電腦又當機了。	¡Ay! Mi computadora se ha congelado otra vez.
唐納德去清理鏡子碎片。	Donald va a limpiar los fragmentos del espejo.
唯一美中不足的是如果它要是熟食就好了。	La única desventaja es que ojalá fuera comida preparada.
商人們只看中利益。	Los comerciantes solo se fijan en las ganancias.
商店5点关门了。	La tienda cerró a las 5.
啊！我的电脑坏了！	¡Ah! ¡Mi computadora se ha roto!
啊，他们什么时候会再见？	Ah, ¿cuándo se volverán a ver?
啊，我幹了啥？我幹了啥？	Ah, ¿qué he hecho? ¿Qué he hecho?
啊，我忘了带手机了。	Ah, olvidé traer mi teléfono.
問她他把他的車給停哪兒了。	Pregúntale dónde estacionó su coche.
問心無愧是一個非常柔軟的枕頭。	Una conciencia tranquila es una almohada muy suave.
問那邊的警察崗哨。	Pregunta en el puesto de policía de allí.
啤酒杯差一点比你还大。	La jarra de cerveza casi es más grande que tú.
啥也不對勁兒。	Nada está bien.
喂！这里有个会说维语的美国人！快来把他的电脑检查一下！	¡Oye! ¡Aquí hay un estadounidense que habla uigur! ¡Ven rápido a revisar su computadora!
善有善报，恶有恶报。	Quien bien hace, bien recibe; quien mal hace, mal recibe.
喝吧。	Bebe.
喝茶。	Toma té.
喝酒不開車，開車不喝酒。	Si bebes, no conduzcas; si conduces, no bebas.
喵！	¡Miau!
嗯，但是你必须等我。	Mmm, pero tienes que esperarme.
嘎嘎！	¡Cuac, cuac!
嘿，你們看什麼呢？	Oye, ¿qué estáis mirando?
嘿，瑪麗，妳總是綁馬尾。為什麼不偶爾試試雙馬尾呢？	Oye, María, siempre llevas una coleta. ¿Por qué no pruebas con coletas dobles de vez en cuando?
噪音愈來愈大。	El ruido se hace cada vez más fuerte.
四個人用餐。	Cuatro personas para cenar.
四处看看。	Mira a tu alrededor.
回來。	Vuelve.
回來！	¡Vuelve!
回头看！	¡Mira hacia atrás!
回家。	Ve a casa.
回家吧。	Vámonos a casa.
回家！	¡Vete a casa!
回来的路上买点牛奶。	De camino a casa, compra un poco de leche.
回答。	Responde.
回答這個問題很容易。	Responder a esta pregunta es muy fácil.
因为今天明天我休息，所以趁机会快点搬好它。	Como hoy y mañana descanso, aprovecho para mudarlo rápido.
因为保险公司的需要，我能够留下您的姓名，您的地址和您的电话号码么？	Debido a las necesidades de la aseguradora, ¿puedo obtener su nombre, su dirección y su número de teléfono?
因为啤酒会根据麦芽含量去征税，所以发泡酒会比较便宜。	Como la cerveza se grava según el contenido de malta, la cerveza de malta ligera es más barata.
因为是那儿。	Porque es allí.
因为有强大的后卫，英格兰队在世界杯比赛中总是表现良好。	Porque tiene una defensa fuerte, el equipo de Inglaterra siempre se desempeña bien en los partidos de la Copa Mundial.
在前面有很多敌人的时候，还是回头看一眼。朋友的话也是很多的。	Cuando hay muchos enemigos al frente, es mejor mirar hacia atrás. También hay muchas palabras de amigos.
在北海道周圍可以看到這些花。	Alrededor de Hokkaido se pueden ver estas flores.
在十九世纪三十年代的大萧条时期，许多富人在股市崩盘中失去了一切。	Durante la Gran Depresión de la década de 1830, muchos ricos perdieron todo en el colapso del mercado de valores.
在去倫敦的路上，Higgins先生和Tom和Susie說了許多有趣的事。	En el camino a Londres, el Sr. Higgins, Tom y Susie contaron muchas cosas interesantes.
在她的公司里，我感觉很好。	En su empresa, me siento muy bien.
在学校上课期间会设置过马路警察以引导小孩安全地穿过繁忙的街道。	Durante las horas de clase en la escuela, se colocan policías de cruce para guiar a los niños de manera segura a través de calles concurridas.
在學校我喜歡閱讀日本文學的英文翻譯，特別是夏目漱石的我是一隻貓和心，和芥川龍之介的鼻子和河童。	En la escuela me gusta leer traducciones al inglés de literatura japonesa, especialmente "Soy un gato" y "Kokoro" de Natsume Sōseki, y "La nariz" y "Kappa" de Ryūnosuke Akutagawa.
在家裡我們說卡拜爾語。	En casa hablamos cabilio.
在您國家的人是吃米飯的嗎？	¿La gente en su país come arroz?
在您的國家說什麼語言？	¿Qué idioma se habla en su país?
在您的座位下有救生衣。	Debajo de su asiento hay un chaleco salvavidas.
在我生日那天，朋友讓我喝酒，我大鬧一番。	En mi cumpleaños, mis amigos me hicieron beber alcohol y armé un gran escándalo.
在更極端的變體中，順性別意識形態可能包括否認陰陽人和跨性別者的現實經歷。	En variantes más extremas, la ideología cisgénero puede incluir negar las experiencias reales de personas intersexuales y transgénero.
在沒有水和氧氣的狀態下是不可能存活的。	En un estado sin agua ni oxígeno, es imposible sobrevivir.
在波士顿正发生着什么事。	Algo está sucediendo en Boston.
在美国说英语。	En Estados Unidos se habla inglés.
在苏联，句子写你！	En la Unión Soviética, ¡las oraciones te escriben!
在这个城市，很难打到的。	En esta ciudad, es difícil conseguir un taxi.
在这里吗？	¿Aquí?
在这里稍微休息一下吧。	Descansemos un poco aquí.
在这里见到您真是太好了。	Es maravilloso verlo aquí.
在這個電郵的年代裏，我一收到朋友寄給我的信，就會高興得不得了。	En esta era del correo electrónico, cuando recibo una carta de un amigo, me alegro muchísimo.
在那灘冰淇淋的周圍，有一群螞蟻在爬來爬去。	Alrededor de ese charco de helado, hay un grupo de hormigas arrastrándose.
在那裏放下來。	Déjalo allí.
在酒吧有没有美女找你搭讪？	¿En el bar, alguna chica bonita te ha hablado?
在麗瑪鬧出更大的動靜之前，齊莉趕緊把她趕出了餐廳。	Antes de que Lima hiciera más escándalo, Zili la echó rápidamente del restaurante.
埃翁多语是客麦隆埃翁多部落所说的语言。	El idioma ewondo es la lengua que habla la tribu ewondo de Camerún.
塔夫斯是世界上最危险的一所大学。	Tufts es la universidad más peligrosa del mundo.
塞翁失马	El viejo perdió su caballo.
复活节滚彩蛋活动每年复活节周一都会在白宫的草地上举行。	La actividad de rodar huevos de Pascua se celebra cada lunes de Pascua en el césped de la Casa Blanca.
夏里斯太太對她兒子的前途沒有甚麼信心。	La señora Harris no tiene mucha confianza en el futuro de su hijo.
外表未必可信。	La apariencia no siempre es confiable.
多多談論。	Hablen mucho.
多学些。	Aprende más.
多虧了冷夏，啤酒賣的不好。	Gracias al verano frío, la cerveza no se vende bien.
大卫在家里。	David está en casa.
大家別同時說。	No hablen todos al mismo tiempo.
大家好嗎？	¿Cómo están todos?
大家都喜欢什么编程语言？	¿Qué lenguajes de programación le gustan a todos?
大家都在瞪着。	Todos están mirando fijamente.
大家都是企業家。	Todos son empresarios.
大家都欢呼了。	Todos vitorearon.
大家都笑我。	Todos se ríen de mí.
大家都要结婚了吗？	¿Todos se van a casar?
大家開始笑	Todos empiezan a reír.
大楼看上去那么寒酸。	El edificio se ve tan miserable.
大熊猫只住在中国里。	El panda gigante solo vive en China.
大約吧。	Probablemente.
大约。	Aproximadamente.
大约下一星期的雨。	Lloverá aproximadamente una semana.
大衛嘗試擁抱阿曼達。	David intenta abrazar a Amanda.
大衛有如此多的女朋友，以至於他無法記得他們所有的人的名字。	David tiene tantas novias que no puede recordar los nombres de todas ellas.
天不怕，地不怕，就怕温州人说温州话。	No temo al cielo ni a la tierra, solo temo que los wenzhoueses hablen el dialecto de Wenzhou.
天哪，你看起来真不一样！	¡Dios mío, te ves tan diferente!
天快黑了。	Está por oscurecer.
天氣真熱。	Hace mucho calor.
天氣預報怎麼樣？	¿Cómo está el pronóstico del tiempo?
天要黑了。	Va a oscurecer.
太空跑步是历史上激动人心的时刻。	Correr en el espacio es un momento emocionante en la historia.
太郎是三人之中最有名的。	Taro es el más famoso de los tres.
太阳在西边下山。	El sol se pone por el oeste.
太阳在西边落下。	El sol se oculta por el oeste.
太陽出來了。	Salió el sol.
失物招领处在哪儿？	¿Dónde está la oficina de objetos perdidos?
奇怪。	Qué extraño.
奉茶。	Sirve té.
奥地利的首都是悉尼。	La capital de Austria es Sídney.
女人们有伞。	Las mujeres tienen paraguas.
女人在大石头前。	La mujer está frente a la gran piedra.
女孩總是跟隨在母親背後。	La niña siempre sigue detrás de su madre.
她一個小時後回來。	Ella regresa en una hora.
她一定很用功讀書。	Ella debe estudiar mucho.
她七點鐘到車站。	Ella llega a la estación a las siete.
她上个月不在。	Ella no estuvo el mes pasado.
她上學幾乎遲到。	Ella casi llega tarde a la escuela.
她不会乘飞机因为害怕坠机。	Ella no tomará el avión por miedo a estrellarse.
她不像她看起来那么年轻。	Ella no es tan joven como parece.
她不喜歡他。	A ella no le gusta él.
她不在是因为病了。	Ella no está porque está enferma.
她不在，我很孤独。	Ella no está, y yo estoy muy solo.
她不想一直胖下去，所以正在戒吃蛋糕。	Ella no quiere seguir engordando, así que está dejando de comer pastel.
她不是去了伦敦就是巴黎。	Ella no fue a Londres o a París.
她不理他，这被证明是不明智的。	Ella no le hace caso, y esto resultó imprudente.
她不總是高興。	Ella no siempre está contenta.
她不能写字也不能看书。	Ella no puede escribir ni leer.
她不说话。	Ella no habla.
她为一本书收集材料。	Ella recopila materiales para un libro.
她为自己孩子的行为感到羞耻。	Ella se avergüenza del comportamiento de su hijo.
她从不害怕。	Ella nunca tiene miedo.
她从不要求他直截了当地给出答复。	Ella nunca le pide que dé una respuesta directa.
她们害怕。	Ellas tienen miedo.
她们被抛弃在一座荒岛上。	Ellas fueron abandonadas en una isla desierta.
她会把娃娃放到她的床上。	Ella pondrá la muñeca en su cama.
她似乎比以往任何时候都漂亮。	Ella parece más hermosa que nunca.
她們兩個人都是好學生。	Ambas son buenas estudiantes.
她們想瞭解。	Ellas quieren entender.
她們想知道。	Ellas quieren saber.
她們想要瞭解。	Ellas quieren entender.
她們想要知道。	Ellas quieren saber.
她們應該累了吧。	Ellas deben estar cansadas.
她們是俄羅斯人。	Ellas son rusas.
她們是法國人嗎？	¿Son ellas francesas?
她們有酒。	Ellas tienen vino.
她們的講詞好好笑。	Su discurso es muy divertido.
她們被母親拋棄了。	Ellas fueron abandonadas por su madre.
她們都是大學生。	Todas ellas son universitarias.
她們都是好學生。	Todas ellas son buenas estudiantes.
她們錯了。	Ellas están equivocadas.
她停下來抽煙。	Ella se detiene a fumar.
她偷東西。	Ella roba cosas.
她允許了我對她的訪問紀錄。	Ella me permitió registrar su visita.
她几乎不说英语。	Ella casi no habla inglés.
她刚刚十二岁了。	Ella acaba de cumplir doce años.
她勉強能自己煮晚餐吃。	Ella apenas puede cocinar su propia cena.
她十二歲。	Ella tiene doce años.
她去找他幫忙，實在不是一個明智之舉。	Ella fue a pedirle ayuda, y eso no fue una decisión sabia.
她可以把鋼琴彈得很好。	Ella puede tocar el piano muy bien.
她吃。	Ella come.
她吃蘋果。	Ella come una manzana.
她吃麵包。	Ella come pan.
她和她結婚了。	Ella se casó con ella.
她問了他問題。	Ella le hizo una pregunta a él.
她喝了牛奶。	Ella bebió leche.
她在他的背上戳了一下。	Ella le dio un golpecito en la espalda.
她在找她的車鑰匙。	Ella está buscando las llaves de su coche.
她在抽煙。	Ella está fumando.
她在浴室。	Ella está en el baño.
她在趕時間。	Ella tiene prisa.
她坐在窗旁。	Ella se sienta junto a la ventana.
她坐在長椅上。	Ella se sienta en el banco.
她塗了眼影。	Ella se puso sombra de ojos.
她大惊小怪地皱了皱鼻子。	Ella arrugó la nariz con aspavientos.
她好像很讨厌你。	Ella parece que te odia mucho.
她对她的孩子非常生气。	Ella está muy enojada con su hijo.
她将会工作。	Ella trabajará.
她将要去鲍勃家。	Ella irá a casa de Bob.
她將電池回收。	Ella recicló las baterías.
她對亞洲男性有好感。	Ella siente atracción por los hombres asiáticos.
她對她的家人一無所知。	Ella no sabe nada de su familia.
她工作了。	Ella trabajó.
她已經工作了一整天。	Ella ya ha trabajado todo el día.
她已经无法用语言表达她的感觉了。	Ella ya no puede expresar sus sentimientos con palabras.
她开始对生态学感兴趣，是受到他的影响。	Ella empezó a interesarse por la ecología influenciada por él.
她很安静。	Ella es muy tranquila.
她很快樂。	Ella es muy feliz.
她很有礼貌。	Ella es muy educada.
她很温柔。	Ella es muy dulce.
她很瞧不起我，认为我没有幽默细胞。	Ella me desprecia mucho, pensando que no tengo sentido del humor.
她很驚訝他出現了。	Ella se sorprendió de que él apareciera.
她快速地刷了下我的鞋子。	Ella limpió rápidamente mis zapatos.
她想要頂新帽子。	Ella quiere un sombrero nuevo.
她懷念自己的青春歲月。	Ella extraña sus años de juventud.
她成为了邮递员。	Ella se convirtió en cartera.
她成功地从他口中得知了真相。	Ella logró saber la verdad de su boca.
她成功地開車了。	Ella logró conducir con éxito.
她戴很多珠寶。	Ella usa muchas joyas.
她戴著很多珠寶。	Ella lleva muchas joyas puestas.
她才剛來就又走了。	Ella apenas llegó y ya se fue.
她把我认作我弟弟了。	Ella me confundió con mi hermano menor.
她把自己反锁在了他的房间里。	Ella se encerró con llave en su habitación.
她把頭從窗戶外縮回來。	Ella retiró la cabeza de la ventana.
她抓緊時間地閱讀一本暢銷小說。	Ella aprovecha el tiempo para leer una novela de éxito.
她明天可能不會來這裡。	Ella quizás no venga aquí mañana.
她昨天得到了一個新的CD播放機。	Ella consiguió un nuevo reproductor de CD ayer.
她是一個妓女。	Ella es una prostituta.
她是個中年胖女人。	Ella es una mujer gorda de mediana edad.
她是昨天去的。	Ella fue ayer.
她是正确的吗？	¿Ella tiene razón?
她是生气了，还是累了。	Ella está enojada o cansada.
她晚了起床。	Ella se levantó tarde.
她曾是班上唱歌絕對的第一名。	Ella fue la primera absoluta en canto en la clase.
她會彈鋼琴為我伴奏。	Ella tocará el piano para acompañarme.
她有勇气去查询考试的结果。	Ella tiene el valor de consultar los resultados del examen.
她有很多手提行李。	Ella tiene mucho equipaje de mano.
她有时候让她的妈妈剪头发。	Ella a veces deja que su madre le corte el pelo.
她有時會一動不動的坐上好幾個小時。	Ella a veces se queda inmóvil durante horas.
她有膽量說出來。	Ella tiene el valor de decirlo.
她有點事要和他談談。	Ella tiene algo que hablar con él.
她本来没必要付钱的。	Ella no tenía que haber pagado.
她每天早上都會喝一瓶牛奶。	Ella bebe una botella de leche cada mañana.
她比您更刻苦。	Ella es más trabajadora que usted.
她沒想打擊他的。	Ella no tenía la intención de herirlo.
她没看到你的话就没有什么担心的。	Si ella no ve tus palabras, no hay nada de qué preocuparse.
她爱慕她哥哥。	Ella admira a su hermano mayor.
她爹是日本人。	Su padre es japonés.
她现在很暴力。最好避着点。	Ella ahora es muy violenta. Mejor evítala.
她的德語好嗎？	¿Su alemán es bueno?
她的眼泪已经告诉了发生了什么。	Sus lágrimas ya han contado lo que pasó.
她的话是有那么几个缺点，但就是因为这些缺点，我更喜欢她了。	Sus palabras tienen algunos defectos, pero por esos defectos, me gusta más.
她的這件吊帶蕾絲睡衣很漂亮。	Este camisón de encaje con tirantes de ella es muy bonito.
她看上了隔壁的那个男孩。	Ella se ha fijado en el chico de al lado.
她确实喜欢动物。	Ella realmente le gustan los animales.
她穿着红色的衣服。	Ella viste ropa roja.
她穿著華麗的絲綢服飾。	Ella viste ropa de seda lujosa.
她立刻喜歡上他了。	Ella se enamoró de él de inmediato.
她立刻開始喜歡他了。	Ella empezó a gustarle de inmediato.
她給自己一間大房子。	Ella se dio una casa grande.
她罵我是個騙子。	Ella me insultó llamándome mentiroso.
她羨慕她表哥的成功。	Ella envidia el éxito de su primo.
她胆小。	Ella es tímida.
她被要求去说服他以让他或者他的儿子或者是别的人来粉刷屋子。	Le pidieron que convenciera a él para que él, su hijo u otra persona pintara la casa.
她要去鮑伯家。	Ella va a casa de Bob.
她觉得浑身不自在，尽管这个奇怪孩子的身体可能坐在桌子旁，但她的精神却在风尘云雾中遥不可及，高高地于想象力的翅膀上漂浮。	Ella se siente muy incómoda, aunque el cuerpo de este extraño niño pueda estar sentado a la mesa, su espíritu está inalcanzable en el polvo y las nubes, flotando alto en las alas de la imaginación.
她試著打破她孩子說謊的習慣。	Ella intenta romper el hábito de mentir de su hijo.
她說他不會戒煙。	Ella dice que él no dejará de fumar.
她說她們是她的好朋友。	Ella dice que ellas son sus buenas amigas.
她說的話讓我覺得很尷尬。	Lo que ella dice me hace sentir muy incómodo.
她让我母亲照顾孩子。	Ella le pidió a mi madre que cuidara al niño.
她讲话非常俗气。	Ella habla de manera muy vulgar.
她说理的主线引人注目，但从根本上是靠不住的。	La línea principal de su argumento es llamativa, pero fundamentalmente insostenible.
她说话相当快。	Ella habla bastante rápido.
她谈了很多。	Ella habló mucho.
她買一些衣物。	Ella compra algo de ropa.
她走。	Ella se va.
她赶上了巴士。	Ella alcanzó el autobús.
她跑。	Ella corre.
她踮起腳向他耳語，然後走了	Ella se puso de puntillas para susurrarle, y luego se fue.
她輕輕地推了門。	Ella empujó la puerta suavemente.
她过着富足的日子。	Ella vive una vida próspera.
她雖然可愛，但是我不喜歡她。	Aunque ella es linda, no me gusta.
她非常想当口译。	Ella quiere mucho ser intérprete.
她骗了他。	Ella lo engañó.
好。	Bien.
好像我快要昏倒了。	Como si estuviera a punto de desmayarme.
好像我成电灯泡了。我该走了。	Como si fuera un estorbo. Mejor me voy.
好喝嗎？	¿Está bueno?
好嗎？	¿Está bien?
好巧，我下午和你说过的一句话，刚才有人添加了。	Qué casualidad, una frase que te dije esta tarde, alguien la acaba de agregar.
好想見到你	Cuánto deseo verte.
好懷念啊。	Qué nostalgia.
如今已經没甚麼能防範大規模殺傷性武器了。	Hoy en día ya no hay nada que pueda prevenir las armas de destrucción masiva.
如果一个浪漫关系需要保密，你不应该做了。	Si una relación romántica necesita ser secreta, no deberías hacerlo.
如果下雨的话，我还是要去公园。	Si llueve, igual iré al parque.
如果人類的物質生活一年比一年富足，蛋糕的推出越來越精緻，科技越來越便利，同時沒有前人種樹就不可能有後人乘涼，那麼我便可以肯定“富有”的人生，肯定是由熱愛吃苦的前輩，那群帶有苦味的食客開創出來的。	Si la vida material de la humanidad es cada año más próspera, los pasteles se vuelven más refinados, la tecnología más conveniente, y sin que los predecesores planten árboles no pueda haber sombra para los sucesores, entonces puedo afirmar que una vida "rica" es creada por los predecesores que aman el sufrimiento, ese grupo de comensales con sabor amargo.
如果今天是星期日，我會去釣魚。	Si hoy fuera domingo, iría a pescar.
如果他听了他医生的建议，他可能还活着。	Si hubiera escuchado el consejo de su médico, podría estar vivo.
如果他知道真相，就應該已經告訴了我。	Si él supiera la verdad, ya me la habría dicho.
如果你不一起去的話，我也不想去了。	Si tú no vas, yo tampoco quiero ir.
如果你不计较太多，生活会更容易些。	Si no te preocupas demasiado, la vida será más fácil.
如果你们不想帮我们可以不用帮。	Si no quieren ayudarnos, no tienen que hacerlo.
如果你会唱歌就好了。	Ojalá supieras cantar.
如果你唱歌的話一定很棒。	Si cantaras, sería genial.
如果你喜欢。	Si te gusta.
如果你在洋娃娃腹部的側面上鏈的話，它就會扭動手臂，翻著筋斗向前前進。	Si pones una cadena en el costado del vientre de la muñeca, ella moverá los brazos y avanzará dando volteretas.
如果你没有其它可说的，那对我说“嗨，你怎么样？”就毫无意义。	Si no tienes nada más que decir, decirme "Hola, ¿cómo estás?" no tiene sentido.
如果你的孩子很辛苦你觉得日子很漫长。	Si tu hijo está sufriendo, sientes que los días son largos.
如果你能教我怎麼做，我會很感激。	Si puedes enseñarme cómo hacerlo, te lo agradeceré.
如果你踫到朗先生，別忘了問候一下他的太太。	Si te encuentras con el señor Lang, no olvides saludar a su esposa.
如果想與客服代表通話，請按三。	Si quieres hablar con un representante de servicio al cliente, presiona tres.
如果我們應該少聽多說話, 那麼我們應該得到兩個嘴巴一隻耳朵才是。	Si debemos hablar más y escuchar menos, entonces deberíamos tener dos bocas y una oreja.
如果我去中国的话，是为了尽可能多地说中文。	Si voy a China, es para hablar chino tanto como sea posible.
如果我很健康，我會很快樂。	Si estoy sano, seré feliz.
如果我拼錯了的話，請你糾正。	Si lo escribo mal, por favor corrígeme.
如果我没有给予任何回答，我不会说话。	Si no doy ninguna respuesta, no hablaré.
如果我用简体中文输入“什么”，我希望找到的结果里也有“甚麼”。	Si escribo "什么" en chino simplificado, espero que los resultados también incluyan "甚麼".
如果我知道你生病了，我会去医院看望你。	Si supiera que estabas enfermo, habría ido al hospital a visitarte.
如果时间够了，我会做得更好。	Si hubiera tenido suficiente tiempo, lo habría hecho mejor.
如果明天下雨，我們就搭車。	Si llueve mañana, tomaremos el coche.
如果有人支持的話，生意是會成功的。	Si hay apoyo, el negocio tendrá éxito.
如果有什么更好的解决方案，我一定第一时间通知您。	Si hay una mejor solución, te lo comunicaré de inmediato.
如果有帐户，你就能通过一个系统发送和接收邮件了。	Si tienes una cuenta, podrás enviar y recibir correos a través de un sistema.
如果这两个文化有真实的不同，我认为最大的准是在关于外国人学习自己的母语的意见。	Si estas dos culturas tienen diferencias reales, creo que la mayor está en las opiniones sobre los extranjeros que aprenden su lengua materna.
如果，错过太阳的时候你在流泪，那么你也将错过群星。	Si lloras mientras pierdes el sol, también perderás las estrellas.
如此。	Así es.
妈妈骂马的麻吗?	¿La mamá regaña al cáñamo del caballo?
妳們可以幫我們嗎？	¿Pueden ayudarnos?
妳們很獨特。	Ustedes son muy únicas.
妳們的演說爛透了。	Su discurso fue pésimo.
妳們的講詞爛透了。	Su discurso fue pésimo.
妳們能幫我們嗎？	¿Pueden ayudarnos?
妳看上去非常累。	Te ves muy cansada.
妳認為？	¿Tú qué crees?
妳電影看得還開心嗎?	¿Disfrutaste la película?
媽媽快把晚餐準備好了。	Mamá ya casi tiene lista la cena.
嫁鸡随鸡嫁狗随狗。	Casada con un gallo, sigue al gallo; casada con un perro, sigue al perro.
子翔那個人太老實了，談戀愛都被動得要命。	Zixiang es demasiado ingenuo, en el amor es terriblemente pasivo.
学友正在拿中国地图。	Xueyou está tomando el mapa de China.
学友的手里正拿着北京地图呢。	Xueyou tiene el mapa de Pekín en la mano.
学友看着人美在北京照的新照片。	Xueyou mira las nuevas fotos que Renmei tomó en Pekín.
学回鹘语吧！	¡Aprende uigur antiguo!
学校不给开空调，学生们就会从阳台上扔热水瓶抗议。	La escuela no enciende el aire acondicionado, así que los estudiantes tiran termos de agua caliente desde el balcón para protestar.
学生们别明白了老师的解释。	Los estudiantes no comprendieron la explicación del profesor.
孩子们都充满了活力。	Los niños están llenos de energía.
孩子們吃蘋果。	Los niños comen manzanas.
孩子們想要果汁。	Los niños quieren jugo.
孩子去学校就是为了学习。	El niño va a la escuela solo para estudiar.
孩子啊，不要试图窥探命运，它会导致崇拜与依赖；也不要占星问卜，不要四处施展那驱邪的法术；更不要去了解那种事，这一切都会引起人们狂热的依赖。	Niño, no intentes escudriñar el destino, pues lleva a la adoración y la dependencia; no consultes astros ni adivines, ni practiques hechizos para ahuyentar males; menos aún indagues sobre esas cosas, todo esto provoca una dependencia fanática en la gente.
孩子想和大人一样表现。	El niño quiere comportarse como un adulto.
孩子的成长快得令人吃惊。	El crecimiento del niño es sorprendentemente rápido.
孩子需要你。	El niño te necesita.
孫子是誰？	¿Quién es Sun Tzu?
它不匹配的拉丁之一。	No coincide con uno de los latinos.
它冷得像冰一樣。	Está tan frío como el hielo.
它变糟了。	Empeoró.
它是什麼什麼時候蓋的？	¿Cuándo se construyó?
它是封长信。	Es una carta larga.
它是我們的錯誤。	Es nuestro error.
它有危险。	Tiene peligro.
它根本不是夢。	No es un sueño en absoluto.
它比我想的容易。	Es más fácil de lo que pensé.
它沒有我想像的那麼貴。	No es tan caro como imaginaba.
安喜歡巧克力。	An ama el chocolate.
安妮有許多崇拜者。	Annie tiene muchos admiradores.
安娜和誰是同學？	¿Con quién es compañera de clase Ana?
安沒有姐妹。	An no tiene hermanas.
安沒有朋友陪她玩。	An no tiene amigos que la acompañen a jugar.
安畫完了這幅畫。	An terminó de pintar este cuadro.
安總是把她的房間保持乾淨。	An siempre mantiene su habitación limpia.
安静吧！	¡Cállate!
安靜！	¡Silencio!
完成你的工作。	Termina tu trabajo.
实话？	¿La verdad?
家里的洗碗机算是厨房水槽旁洗碗工的对手。	El lavavajillas de casa es rival para el lavaplatos junto al fregadero de la cocina.
寄掛號嗎？	¿Se envía certificado?
密码？	¿La contraseña?
富士山被雪所覆蓋。	El monte Fuji está cubierto de nieve.
富士山顶盖满了雪。	La cima del monte Fuji está llena de nieve.
寒冷天氣即將到來。	El clima frío está por llegar.
寧可當隻老虎活一天，也不願當隻兔子過一百年。	Prefiero ser un tigre por un día que ser un conejo por cien años.
寧為貓頭不為獅尾。	Prefiero ser cabeza de gato que cola de león.
寶貝。	Tesoro.
寶貝！	¡Tesoro!
对不起-啊。我昨晚不能睡觉，且我睡过头。嘻嘻！	Lo siento. Anoche no pude dormir y me quedé dormido. ¡Jiji!
对他熟悉	Estar familiarizado con él.
对！	¡Correcto!
射！	¡Dispara!
将死了。	Está en jaque mate.
專心。	Concéntrate.
尋找工作！	¡Buscar trabajo!
對。	Sí.
對不起, 我錯開了你的信。	Lo siento, abrí tu carta por error.
對嗎？	¿Es correcto?
小事聰明，大事糊塗。	Astuto en lo pequeño, torpe en lo grande.
小偷從後門爬窗走進了房子裏。	El ladrón entró a la casa por la ventana trasera trepando.
小女孩害怕从屋顶上跳下来。	La niña tiene miedo de saltar desde el techo.
小姐已经有一个戒指，要不要配一条铂金项链？	La señorita ya tiene un anillo, ¿quiere combinarlo con un collar de platino?
小心!	¡Cuidado!
小心臟啊，不要再砰砰跳了！	Corazón pequeño, ¡no sigas latiendo tan fuerte!
小心踫頭。	Cuidado con la cabeza.
小心！	¡Cuidado!
就像你们知道的那样，毅力是成功的关键。	Como ustedes saben, la perseverancia es la clave del éxito.
就像食物餵養身體，所以閱讀餵養心靈。	Así como la comida alimenta el cuerpo, la lectura alimenta la mente.
就您把您的髒衣服放到籃子裡我還需要說幾次呀？	¿Cuántas veces tengo que decirte que pongas tu ropa sucia en la cesta?
就要说出口了。	Estaba a punto de decirlo.
尽管天气很冷，孩子却没有大衣穿。	Aunque hacía mucho frío, el niño no tenía abrigo.
尽管她没能和我们在一起，但我知道，我的祖母和养大我的家人在看着我，我今晚很想念他们，我知道我欠他们的东西是无法计量的。我的妹妹马娅、我的姐姐奥玛，我其他的兄弟和姐妹，非常感谢你们对我的支持，我感谢他们。我的妹妹马娅、我的姐姐奥玛，我其他的兄弟和姐妹，非常感谢你们对我的支持，我感谢他们。	Aunque ella no pudo estar con nosotros, sé que mi abuela y la familia que me crió me están mirando, los extraño mucho esta noche, y sé que lo que les debo es incalculable. Mi hermana Maya, mi hermana Oma, mis otros hermanos y hermanas, muchas gracias por su apoyo, les agradezco. Mi hermana Maya, mi hermana Oma, mis otros hermanos y hermanas, muchas gracias por su apoyo, les agradezco.
尽管提问。	Pregunta sin miedo.
屁话！	¡Tonterías!
展望未来！	¡Mirando hacia el futuro!
工作！	¡Trabaja!
差點就對了。	Casi lo logras.
希望你们以后严格遵守交通规则。	Espero que en el futuro cumplan estrictamente las normas de tráfico.
希瑟相信我。	Heather confía en mí.
幫助我們達成目標。	Ayúdanos a alcanzar nuestros objetivos.
幫助是我們的義務。	Ayudar es nuestra obligación.
幫我削一下土豆。	Pélame las papas.
幫我搓一下背好嗎？	¿Me frotas la espalda?
干杯！	¡Salud!
广东与广西之间隔着什么？	¿Qué separa a Guangdong de Guangxi?
应该说“你”还是“您”？	¿Debería decir "tú" o "usted"?
开什么国际玩笑。	¡Qué broma internacional!
开始！	¡Empieza!
开门！	¡Abre la puerta!
弗雷德將於星期一飛往木衛二。	Fred volará a Europa el lunes.
当他问道是谁打碎了玻璃时，所有的男孩子们都装作一副无辜的样子。	Cuando preguntó quién rompió el vidrio, todos los niños fingieron ser inocentes.
当汤姆开着他破旧的雷泽车来接女儿放学时，他的女儿假装不认识他。	Cuando Tom recogió a su hija de la escuela en su destartalado coche Razer, ella fingió no conocerlo.
当然。	Claro.
很快地我們的派對就要準備完成了。	Pronto nuestra fiesta estará lista.
很快电就又来了。	Pronto volvió la electricidad.
很抱歉在这个时间打扰您。	Lamento molestarle a esta hora.
很抱歉那个问题我不赞成你。	Lamento no estar de acuerdo con usted en ese asunto.
很显然我们是豆荚里的俩颗豆子。	Es obvio que somos dos guisantes en una vaina.
很遗憾你们不能来。	Lamento que no puedan venir.
很遗憾您不能来派对。	Lamento que no pueda venir a la fiesta.
很高兴再次见到您。	Encantado de verle de nuevo.
很高兴再见到您。	Encantado de verle otra vez.
很高兴见到您。	Encantado de conocerle.
得了！你弄得她不自在了！	¡Basta! ¡La has puesto incómoda!
得寸进尺。	Dar un paso y querer otro.
從前有個占卜師告訴哥倫布他將來會成名。哥倫布聽到了，就生氣地要求退錢：「這麼簡單的事實，就連三歲小孩也懂！」	Érase una vez un adivino que le dijo a Colón que sería famoso. Colón lo oyó y, enfadado, exigió que le devolviera el dinero: "¡Algo tan simple lo entiende hasta un niño de tres años!"
從昨天開始變冷了​​。	Desde ayer empezó a hacer frío.
從此起我們為您的安全負責。	Desde ahora, nos hacemos responsables de su seguridad.
從這來看，你能因此論定女权主義還是必要的。	Por esto, puedes concluir que el feminismo sigue siendo necesario.
從那到布爾諾多遠？	¿Qué distancia hay de allí a Brno?
心有猛虎，细嗅蔷薇。	En el corazón hay un tigre, que huele la rosa.
心灵与心之间的关系，通常如同一个城堡的图书馆与城堡主人之间的关系一样。	La relación entre la mente y el corazón suele ser como la de la biblioteca de un castillo con su dueño.
心靈應該當一個好僕人，但心應該是主人。	La mente debe ser un buen sirviente, pero el corazón debe ser el amo.
必須採取一些行動了！	¡Hay que tomar alguna acción!
必須為最壞的情況作好準備。	Hay que prepararse para lo peor.
忧愁就像魔鬼：谁不怕它，它就不能伤害谁。	La tristeza es como un demonio: a quien no le teme, no puede dañarlo.
快一点好吧！	¡Date prisa, por favor!
快一点，你就能赶上火车了。	Date prisa, y alcanzarás el tren.
快一点，否则就要迟到了。	Date prisa, o llegarás tarde.
快來吧，我真的很想見你們。	Ven rápido, de verdad quiero verlos.
快來吧，我真的很想見妳們。	Ven rápido, de verdad quiero verlas.
快去找。	Ve a buscarlo rápido.
快点。	Rápido.
快点！	¡Rápido!
快点，不然要赶不上火车了。	Date prisa, o perderás el tren.
快跑！	¡Corre rápido!
快點!	¡Date prisa!
快點快點，你還慢吞吞的話我們就要遲到了。	¡Date prisa, date prisa! Si sigues siendo tan lento, llegaremos tarde.
快點走！	¡Camina rápido!
快點開始。	Empieza rápido.
快！	¡Rápido!
怎麼加假名注音？	¿Cómo se añaden furiganas?
怎麼會有人認為不懂英語就不能生存？	¿Cómo puede alguien pensar que no se puede sobrevivir sin saber inglés?
怎麼樣？	¿Qué tal?
思念並祈禱。	Añoro y rezo.
思念又祈禱。	Añoro y también rezo.
思念和祈禱。	Añoro y rezo.
急什么！	¿Qué prisa tienes?
总线速度逐步回升。	La velocidad del bus sube gradualmente.
恐怕今晚會下雨。	Me temo que lloverá esta noche.
恐怕他永远也不会承认自己的罪行。	Me temo que nunca admitirá su crimen.
恐怕我們不能排除她患了病的可能性。	Me temo que no podemos descartar la posibilidad de que ella esté enferma.
恐怖的场面让了他颤抖。	La escena terrorífica lo hizo temblar.
恐龍！	¡Dinosaurio!
恭喜你的臉。	Felicidades por tu cara.
恶心！	¡Asqueroso!
您一般几点下班？	¿A qué hora suele salir del trabajo?
您上學可能會遲到。	Puede que llegues tarde a la escuela.
您下午做啥呢？	¿Qué haces por la tarde?
您不会受罚。	No serás castigado.
您不会说法语，是吗？	No hablas francés, ¿verdad?
您不可通過。	No puedes pasar.
您不同意吗？	¿No estás de acuerdo?
您不喜欢她就是因为那件事吗？	¿No te gusta ella solo por eso?
您不必感谢我。	No tienes que agradecerme.
您不想再喝点茶吗？	¿No quieres tomar más té?
您不想吃饭吗？	¿No quieres comer?
您不應該信任這樣的人。	No deberías confiar en alguien así.
您不打网球吗？	¿No juegas al tenis?
您不擔心嗎？	¿No estás preocupado?
您不是个懦夫。	No eres un cobarde.
您不特別。	No eres especial.
您不知道我是谁。	No sabes quién soy.
您不能使用這台洗衣機。	No puedes usar esta lavadora.
您不能在此停車。	No puede estacionar aquí.
您不能在这里游泳。	No puede nadar aquí.
您不能成为献血者。	No puede ser donante de sangre.
您不能炒了我们。	No puede despedirnos.
您不能防止您的狗跑到我的院子裡來嗎？	¿No puede evitar que su perro entre en mi jardín?
您不该说谎话。	No debe mentir.
您不需要提高音量。	No necesita subir el volumen.
您专攻于中医的什么领域？	¿En qué área de la medicina china se especializa?
您为什么惩罚他们？	¿Por qué los castiga?
您为什么想买这本书？	¿Por qué quiere comprar este libro?
您为什么指责我儿子？	¿Por qué acusa a mi hijo?
您为什么没去办公室？	¿Por qué no fue a la oficina?
您也喜欢爵士乐吗？	¿También le gusta el jazz?
您也教她英语吗？	¿También le enseña inglés a ella?
您也是喀什人吗？	¿También es de Kashgar?
您也来参加吧！	¡Venga también a participar!
您什么时候回意大利？	¿Cuándo vuelve a Italia?
您什么时候开始学英语的？	¿Cuándo empezó a aprender inglés?
您什么时候方便？	¿Cuándo le viene bien?
您什么时候来到中国的？	¿Cuándo llegó a China?
您今天一个人来的吗？	¿Vino solo hoy?
您今天下午想不想去动物园？	¿Quiere ir al zoológico esta tarde?
您今天做了什么？	¿Qué hizo hoy?
您今天早上醒來的時候您的眼皮有沒有粘在一起？	¿Se le pegaron los párpados al despertarse esta mañana?
您今晚有空吗？	¿Está libre esta noche?
您介不介意我把灯关了？	¿Le importa si apago la luz?
您介意带我回家吗？	¿Le importa llevarme a casa?
您从哪儿来的？	¿De dónde viene?
您付了多少钱？	¿Cuánto pagó?
您以前应该听过这个故事。	Debería haber escuchado esta historia antes.
您以前從事過客服工作嗎？	¿Ha trabajado antes en servicio al cliente?
您以前教書吧。	Usted enseñaba antes, ¿verdad?
您会使用计算机吗？	¿Sabe usar la computadora?
您会告诉我吗？	¿Me lo dirá?
您会待很久吗？	¿Se quedará mucho tiempo?
您似乎不喜歡他。	Parece que no le gusta.
您住在哪里？	¿Dónde vive?
您住在篠山吗？	¿Vive en Sasayama?
您何時開始的？	¿Cuándo empezó?
您何時需要它？	¿Cuándo lo necesita?
您共住一个房间吗？	¿Comparten una habitación?
您吃了什麼樣的膳食？	¿Qué tipo de comida comió?
您在哪所大學讀書？	¿En qué universidad estudia?
您必须预先付钱。	Debe pagar por adelantado.
您想去电影院还是去剧院吗？	¿Quiere ir al cine o al teatro?
您新買的是輛嶄新的車嗎？	¿El que compró nuevo es un coche flamante?
您於何時出生？	¿Cuándo nació?
您无法添加这个句子，因为以下句子已经存在。	No puede agregar esta oración porque la siguiente ya existe.
您有火柴吗？	¿Tiene fósforos?
您沒看到我嗎？	¿No me ve?
您的家在哪？	¿Dónde está su casa?
您真是太热情了。	Es usted muy amable.
您能为爱情而死吗？	¿Podría morir por amor?
您能帮我吗？	¿Puede ayudarme?
您要什么样的房间?	¿Qué tipo de habitación quiere?
您賣鬧鐘嗎？	¿Vende despertadores?
您遠足嗎？	¿Hace excursiones?
悲哉失敗者!	¡Ay, los perdedores!
惠子巧妙地把碗碟迭起再拿到水槽。	Huizi hábilmente apiló los platos y los llevó al fregadero.
惡劣的天氣。	Mal tiempo.
想個辦法讓她來。	Piensa en una manera de que ella venga.
想要得到女儿，就必须从她母亲那儿开始努力。	Para conseguir a la hija, hay que esforzarse desde la madre.
想長命百歲有一個萬無一失的方法：每天吃一顆獅子頭，吃一百年。	Para vivir cien años hay un método infalible: comer una albóndiga de león cada día durante cien años.
意大利面！	¡Espaguetis!
愚蠢骑着没有闸的单车。	La estupidez monta una bicicleta sin frenos.
愛喜歡愛。	El amor ama al amor.
愛屋及烏。	Quien bien te quiere, te hará llorar.
愛是什麼？	¿Qué es el amor?
感謝您的回電。	Gracias por devolverme la llamada.
慢一點。	Más despacio.
懷特說，人們會帶給工人路易斯安那風格的美食——鹿肉義大利麵和當地特色菜什錦飯，來表達他們的感激之情。	White dice que la gente traerá a los trabajadores comida al estilo de Luisiana—espaguetis de venado y el plato local jambalaya—para expresar su gratitud.
成名作了。	Obra de fama.
我一到機場就會打電話。	En cuanto llegue al aeropuerto, llamaré.
我一喝了酒就立刻变得通红。	En cuanto bebo alcohol, me pongo rojo al instante.
我一星期沒帶食物去。	No llevé comida durante una semana.
我一有小狗，就会开始常常散步。	En cuanto tenga un perrito, empezaré a pasear a menudo.
我一点都不好。	No estoy nada bien.
我上次去过了中国，我访问了上海。	La última vez fui a China, visité Shanghái.
我上錯車了。	Me equivoqué de autobús.
我下個月刷我的房子。	El mes que viene pintaré mi casa.
我下定決心要戒掉零食，但違背了自己的意願，我還是不斷屈服於誘惑，吃冰淇淋。	Tomé la firme decisión de dejar los bocadillos, pero contra mi propia voluntad, sigo cediendo a la tentación y comiendo helado.
我下週去還你錢。	La próxima semana iré a devolverte el dinero.
我不了解他。	No lo conozco.
我不会唱那首歌的。	No cantaré esa canción.
我不信宗教。	No creo en ninguna religión.
我不吃蘋果核。	No como el corazón de la manzana.
我不同意你的说法。	No estoy de acuerdo con tu afirmación.
我不喜欢他。	No me gusta él.
我不喜欢你嘲笑她的方式。	No me gusta la forma en que te burlas de ella.
我不喜欢你朋友。	No me gusta tu amigo.
我不喜歡他說的話。	No me gusta lo que él dijo.
我不喜歡她。	No me gusta ella.
我不得不照顧小孩們。	Tengo que cuidar a los niños.
我不得不說我羨慕你們。	Tengo que decir que los envidio.
我不想來這裡。	No quiero venir aquí.
我不想做那件事，但湯姆說我必須做。	No quiero hacer eso, pero Tom dice que debo hacerlo.
我不想去那儿，他也不想。	No quiero ir allí, y él tampoco.
我不想打擊你的。	No quiero desanimarte.
我不懂您的意思。	No entiendo lo que usted quiere decir.
我不拍手他们。	No los aplaudo.
我不敢問老闆借車。	No me atrevo a pedirle prestado el coche al jefe.
我不敢走在前面，太黑了。	No me atrevo a caminar adelante, está demasiado oscuro.
我不明白你们在说什么。	No entiendo lo que ustedes están diciendo.
我不明白您想说什么。	No entiendo lo que usted quiere decir.
我不是个意愿自由主义着。	No soy un liberal de voluntad.
我不是你們的媽媽。	No soy su madre.
我不是爲此而做的。	No lo hice por esto.
我不是认真的。	No hablo en serio.
我不期待去上班	No espero ir a trabajar.
我不清楚湯姆是甚麼意思。	No tengo claro qué quiere decir Tom.
我不相信孩子能独自到东京。	No creo que un niño pueda ir solo a Tokio.
我不知道Tom是否和我们一起吃饭。	No sé si Tom cenará con nosotros.
我不知道他喝那么多酒。	No sabía que bebía tanto alcohol.
我不知道他在那裡。	No sabía que él estaba allí.
我不知道他是日本人。	No sabía que él era japonés.
我不知道他来这里的确切时间。	No sé la hora exacta en que él viene aquí.
我不知道他為什麼那樣做？	No sé por qué él hizo eso.
我不知道你在看東西。	No sabía que estabas mirando algo.
我不知道天色變暗了。	No me di cuenta de que el cielo se había oscurecido.
我不知道您在說什麼。	No sé de qué está usted hablando.
我不知道您是誰。	No sé quién es usted.
我不知道我應該用哪把鑰匙。	No sé qué llave debería usar.
我不知道接下来我要做什么。	No sé qué voy a hacer a continuación.
我不知道汤姆不开心。	No sé que Tom no está feliz.
我不知道汤姆会告诉我们该怎么做。	No sé que Tom nos dirá qué hacer.
我不知道汤姆是你的堂兄。	No sé que Tom es tu primo.
我不知道汤姆没有驾照。	No sé que Tom no tiene licencia de conducir.
我不知道汤姆要被逮捕了。	No sé que Tom va a ser arrestado.
我不知道湯姆在睡覺。	No sé que Tom está durmiendo.
我不知道湯姆打算離開瑪麗。	No sé que Tom planea dejar a María.
我不知道湯姆拿到了什麼。	No sé qué obtuvo Tom.
我不知道玛丽是你的姐姐。	No sé que María es tu hermana.
我不知道瑪麗是否真的認為她必須那樣做。	No sé si María realmente cree que debe hacerlo así.
我不知道该和谁商量好。	No sé con quién consultar.
我不知道这个城市，而且我一点都不懂那里的语言。	No conozco esta ciudad, y no entiendo nada del idioma de allí.
我不禁想我的儿子一直都在生。	No puedo evitar pensar que mi hijo ha estado naciendo todo el tiempo.
我不禁欣賞他的才華。	No puedo evitar admirar su talento.
我不禁為他感到難過。	No puedo evitar sentir lástima por él.
我不种他们的树。	No planto sus árboles.
我不習慣辛辣的食物。	No estoy acostumbrado a la comida picante.
我不能一小時內徹底的了解那堂課程。	No puedo comprender completamente esa lección en una hora.
我不能借你任何錢。	No puedo prestarte nada de dinero.
我不能做這個。	No puedo hacer esto.
我不能再往前走了。	No puedo seguir avanzando.
我不能再走了。	No puedo seguir caminando.
我不能和你们一起去，因为我很忙。	No puedo ir con ustedes porque estoy muy ocupado.
我不能學芬蘭語，因為我不想住在芬蘭。	No puedo aprender finlandés porque no quiero vivir en Finlandia.
我不能推薦她作秘書。	No puedo recomendarla como secretaria.
我不能等你。	No puedo esperarte.
我不能跳舞。	No puedo bailar.
我不覺得湯姆知道瑪麗對他有什麼期待。	No creo que Tom sepa qué espera María de él.
我不讨厌听你说些下流的话。	No me molesta escucharte decir palabras groseras.
我不跟他讲这件事。	No hablo de esto con él.
我不跟你要好了。	No quiero seguir siendo amigo tuyo.
我不高兴看电视。	No estoy contento viendo televisión.
我並不想嘮叨你。	No tengo intención de regañarte.
我並不想打擾您。	No tengo intención de molestarlo.
我个头矮。	Soy bajo de estatura.
我为了停车计时收费器需要它。	Lo necesito para el parquímetro.
我为什么不给你打电话？	¿Por qué no te llamo?
我为你充当导游。	Yo actúo como guía turístico para ti.
我为你的订婚祝贺。	Yo te felicito por tu compromiso.
我为老师擦黑板。	Yo limpio la pizarra para el profesor.
我为自己的错误自怨自艾。	Yo me lamento por mis propios errores.
我之前不怎么想去滑雪。	Antes no tenía muchas ganas de ir a esquiar.
我乘车去学校。	Yo voy a la escuela en coche.
我也不知道为什么聚会会延期。	Yo tampoco sé por qué se pospuso la fiesta.
我也去過波士頓很多次。	Yo también he ido a Boston muchas veces.
我也同樣不喜歡。	A mí tampoco me gusta.
我也听过一个类似的故事。	Yo también he escuchado una historia similar.
我也喜欢你。	Tú también me gustas a mí.
我也很想要学法语。	Yo también tengo muchas ganas de aprender francés.
我也想要和你身上那件同样的外套。	Yo también quiero el mismo abrigo que llevas tú.
我也紧张。	Yo también estoy nervioso.
我习惯早上洗澡。	Yo tengo la costumbre de ducharme por la mañana.
我买一点儿苹果。	Yo compro un poco de manzanas.
我买了很多笔记本。	Yo compro muchos cuadernos.
我买花。	Yo compro flores.
我五年前做了网膜剥离。	Yo me sometí a una cirugía de desprendimiento de retina hace cinco años.
我五點在家。	Yo estoy en casa a las cinco.
我仅仅是在和Tom交谈。	Yo solo estoy conversando con Tom.
我今天下午帶我兒子去動物園。	Yo llevo a mi hijo al zoológico esta tarde.
我今天下午用电邮发。	Yo lo envío por correo electrónico esta tarde.
我今天去理发。	Yo voy a cortarme el pelo hoy.
我今天可以借用你的汽车吗?	¿Puedo tomar prestado tu coche hoy?
我今天必須把書還給圖書館。	Hoy tengo que devolver el libro a la biblioteca.
我今天晚上死掉。	Yo muero esta noche.
我今天有點不舒服。那戶井水是許多疾病的源頭。	Hoy me siento un poco mal. Ese pozo de agua es la fuente de muchas enfermedades.
我今晚不准备出去玩，我要预备功课。	Esta noche no planeo salir a divertirme, voy a preparar las lecciones.
我从她那里拿了一根自动铅笔芯。	Yo tomo una mina de lápiz automático de ella.
我从来没乘坐船。	Yo nunca he viajado en barco.
我从来没去过美洲。	Yo nunca he ido a América.
我以为他没有任何权利这么做。	Yo creo que él no tiene ningún derecho a hacer eso.
我以前在山里。	Antes yo estaba en la montaña.
我以前多次向你談起的那個作家昨天去世了。	El escritor del que te hablé muchas veces antes falleció ayer.
我以前常在那儿。	Antes solía estar allí a menudo.
我们7点左右碰头。	Nos encontramos alrededor de las 7.
我们一个小时后离开。	Nos vamos dentro de una hora.
我们一直抓不住他。	Siempre no logramos atraparlo.
我们一起在学校。	Nosotros estamos juntos en la escuela.
我们不会再见你了。	No te veremos más.
我们不怕死。	No le tememos a la muerte.
我们不想给你添麻烦。	No queremos causarte problemas.
我们不知道他们乘哪趟列车来。	No sabemos en qué tren vienen.
我们不知道汤姆和玛丽要这样做。	No sabíamos que Tom y Mary iban a hacer esto.
我们不能嘲笑穷人。	No podemos burlarnos de los pobres.
我们不能在这里谈。	No podemos hablar aquí.
我们不能愁闷地看着这个城市就这样衰退下去。	No podemos mirar con tristeza cómo esta ciudad se deteriora así.
我们不能高估健康的价值。	No podemos sobreestimar el valor de la salud.
我们不需要你的服务。	No necesitamos tus servicios.
我们乐意帮你做。	Estamos dispuestos a ayudarte a hacerlo.
我们乘车去以免迟到	Vamos en coche para no llegar tarde.
我们互相不了解。	No nos entendemos mutuamente.
我们以为是谁，原来是您呀！	¡Pensábamos que era alguien, y resulta que es usted!
我们以后往哪走？	¿Hacia dónde iremos después?
我们会做饭的。	Sabemos cocinar.
我们八点钟时坐火车走。	Nos iremos en tren a las ocho.
我们到了春分去。	Iremos en el equinoccio de primavera.
我们可能会将你的私人信息和其他信息结合在一起。	Podríamos combinar tu información personal con otra información.
我们同事的母亲过世了。	La madre de nuestro colega falleció.
我们喜欢你们。	Nos gustan ustedes.
我们在天上的父，愿人都尊你的命为圣。愿你的国降临。愿你的旨意行在地上如同行在天上。我们日用的饮食，今日赐给我们，免我们的债，如同我们免了人的债，不叫我们遇见试探，救我们脱离凶恶。	Padre nuestro que estás en los cielos, santificado sea tu nombre. Venga tu reino. Hágase tu voluntad, así en la tierra como en el cielo. El pan nuestro de cada día, dánoslo hoy. Perdona nuestras deudas, así como nosotros perdonamos a nuestros deudores. No nos dejes caer en tentación, y líbranos del mal.
我们在这里下车吧。	Bajemos aquí del coche.
我们在高兴地玩。	Estamos jugando alegremente.
我们大概去了，不过要看天气怎么样再决定。	Probablemente iremos, pero depende del clima.
我们将要到室外去观察大自然。因此，一支好的笔，橡皮和大概一支画笔是必需的。	Saldremos al exterior a observar la naturaleza. Por lo tanto, son necesarios un buen bolígrafo, una goma de borrar y quizás un pincel.
我们就此扯平。	Estamos a mano.
我们已经花了五个月的心血在这上面了。别这时候搞砸了。	Ya hemos dedicado cinco meses de esfuerzo a esto. No lo arruines ahora.
我们希望世界和平。	Deseamos la paz mundial.
我们希望应聘者能有4年工作经验。	Esperamos que los candidatos tengan 4 años de experiencia laboral.
我们应该把那件事情告知他们。	Deberíamos informarles de ese asunto.
我们待在舅舅家。	Nos quedamos en casa del tío.
我们很遗憾没能帮助你们。	Lamentamos no haber podido ayudarles.
我们得让她睡觉。	Tenemos que hacerla dormir.
我们怀疑他说谎了。	Sospechamos que mintió.
我们来讨论下明天吧。	Hablemos sobre el mañana.
我们欠你个道歉。	Te debemos una disculpa.
我们没有失望。	No estamos decepcionados.
我们的老板就连给我们涨一点工资都舍不得。	Nuestro jefe es reacio incluso a darnos un pequeño aumento de sueldo.
我们的钱不够，所以我只好把订单取消了。	No nos alcanza el dinero, así que tuve que cancelar el pedido.
我们真的不知道，下次我们再也不这样了。	Nosotros realmente no sabemos, la próxima vez no volveremos a hacer esto.
我们第一次参观了他的家乡。	Visitamos su pueblo natal por primera vez.
我们约好了不见不散。	Quedamos en encontrarnos sin falta.
我们经常用英语讨论。	A menudo discutimos en inglés.
我们聊了半天，最后才发现他名字叫错了。	Charlamos un buen rato, y al final descubrimos que habíamos llamado mal su nombre.
我们能赶上最后一班火车。	Podemos alcanzar el último tren.
我们被逼得走投无路了。	Estamos acorralados sin salida.
我们要回去啦，你托我们的事情一定留心着。	Nos vamos a regresar, estaremos atentos a lo que nos encargaste.
我们觉得他一会儿就会回来。	Creemos que él volverá en un momento.
我们觉得他一会儿就回来了。	Creemos que él ya volvió en un momento.
我们认为他的生意理所当然会获得成功。	Damos por sentado que su negocio tendrá éxito.
我们走了十分钟就抵达了博物馆。	Caminamos diez minutos y llegamos al museo.
我们走，尽可能多看点东西。	Vamos, para ver la mayor cantidad de cosas posible.
我们逃课吧！	¡Faltemos a clase!
我们都在阿尔及尔见面。	Todos nos reunimos en Argel.
我们都认为您的想法是行不通的。	Todos creemos que su idea no es viable.
我们需要人帮忙。	Necesitamos ayuda.
我们需要您！	¡Lo necesitamos a usted!
我休息一会没问题吧？	¿No hay problema si descanso un rato?
我会借给你们的。	Se los prestaré.
我会做饭。	Sé cocinar.
我会叫汤姆回来。	Haré que Tom vuelva.
我会唱歌跳舞。	Sé cantar y bailar.
我会在一个月后回来和你们见面。	Volveré en un mes para encontrarme con ustedes.
我会开车。	Sé conducir.
我会开车送你们去机场。	Los llevaré en coche al aeropuerto.
我会把它看作一个征兆。	Lo tomaré como un presagio.
我会给你些提示。	Les daré algunas pistas.
我会说一点儿。	Sé hablar un poco.
我住在提比里斯。	Vivo en Tiflis.
我住的那家旅館的床太軟了。	La cama del hotel donde me alojé era demasiado blanda.
我們不能分辨那對雙胞胎。	No podemos distinguir a los gemelos.
我們今天下午兩點見得面。	Nos vimos a las dos de la tarde.
我們可以游到幾點？	¿Hasta qué hora podemos nadar?
我們可以用到幾點？	¿Hasta qué hora podemos usarlo?
我們告訴他什麼？	¿Qué le decimos?
我們在兩點鐘吃了晚午餐。	Comimos un almuerzo tardío a las dos.
我們在吃午餐。	Estamos almorzando.
我們在吃晚餐。	Estamos cenando.
我們在外面可以有一張桌子嗎？	¿Podemos tener una mesa afuera?
我們在花園裡摘花。	Cogemos flores en el jardín.
我們家有三個臥室。	Nuestra casa tiene tres dormitorios.
我們將移交至島上的機場。	Seremos trasladados al aeropuerto de la isla.
我們對你很失望。	Estamos decepcionados contigo.
我們已經收到了很多回應我們廣告的申請。	Hemos recibido muchas solicitudes en respuesta a nuestro anuncio.
我們希望你喜歡這個表演。	Esperamos que te guste el espectáculo.
我們很匆忙。	Estamos muy apurados.
我們得體諒她年輕。	Debemos comprender que ella es joven.
我們心有靈犀。	Nuestros corazones están conectados.
我們想要對湯姆致上特別的感謝。	Queremos dar un agradecimiento especial a Tom.
我們想要糖。	Queremos azúcar.
我們成親家了, 因為我們的孩子們結婚了。	Nos hemos convertido en familia política porque nuestros hijos se casaron.
我們所有的人用英語交談。	Todos nosotros hablamos en inglés.
我們才一到家就下起雨來了。	Apenas llegamos a casa, empezó a llover.
我們拐錯彎了。	Giramos en la dirección equivocada.
我們整天吃的都是雜七雜八的零嘴，並沒有甚麼正規的食物下過肚。	Todo el día comimos bocadillos variados, sin ingerir ninguna comida formal.
我們會一起來。	Vendremos juntos.
我們有任何我可以當零食吃的東西嗎？	¿Tenemos algo que pueda comer como bocadillo?
我們有幫忙。	Tenemos ayuda.
我們永遠不會忘記你的親切。	Nunca olvidaremos tu amabilidad.
我們決不能把它兩箇混淆。	No debemos confundir los dos.
我們沒想打擾。	No teníamos intención de molestar.
我們沒有看著。	No estábamos mirando.
我們沒油了。	Nos quedamos sin aceite.
我們没認出對方。	No nos reconocimos.
我們游遍了全境。	Viajamos por todo el territorio.
我們準備離開。	Nos preparamos para irnos.
我們為死者放棄了他。	Lo abandonamos por los muertos.
我們生來並非女兒身：我們成為她們的一份子。	No nacemos mujeres: nos convertimos en una de ellas.
我們的車誤點了。	Nuestro coche se retrasó.
我們的飛機準時在六時正起飛了。	Nuestro avión despegó puntualmente a las seis en punto.
我們稱一斤花枝吧。	Pidamos medio kilo de calamares.
我們突然向下望去，只見一個杯狀的窪地，上麵點綴著矮小的橡樹和被多年風暴肆虐扭曲變形的蕨類植物。兩座高聳狹窄的塔樓聳立在樹梢之上。車夫用鞭子指著前方。他說：「巴斯克維爾莊園。」	De repente miramos hacia abajo y vimos una hondonada en forma de copa, adornada con robles bajos y helechos retorcidos por años de tormentas. Dos torres altas y estrechas se alzaban sobre las copas de los árboles. El cochero señaló con el látigo hacia adelante. Dijo: "La mansión de Baskerville".
我們要走到山上，還沒走到一半的路，你真的已經那麼累了嗎？	Vamos a subir la montaña, y aún no hemos llegado a la mitad del camino, ¿ya estás tan cansado?
我們說到哪裡了？	¿Dónde nos quedamos?
我們誰也不認識。	No conocemos a nadie.
我們讓他們保持安靜。	Los mantenemos en silencio.
我們這樣待他，好像不是太好。	No parece muy bueno tratarlo así.
我們電話裡說。	Lo hablamos por teléfono.
我做得不如以前好了。	Ya no lo hago tan bien como antes.
我做得好到不能再好了。	Lo hago tan bien que no podría hacerlo mejor.
我做的蛋糕不是被你吃了，就是被你妹妹吃了。	El pastel que hice no lo comiste tú, o lo comió tu hermana.
我偷偷单恋他们。	Estoy secretamente enamorado de ellos.
我偷偷单恋她。	Estoy secretamente enamorado de ella.
我出门了。	Salí de casa.
我出门的时候，你来了。	Cuando salí de casa, llegaste tú.
我切開一顆蘋果。	Corto una manzana.
我刚刚见到汤姆了。	Acabo de ver a Tom.
我刚才在树林里散步时看见了一只漂亮的孔雀在开屏。	Mientras paseaba por el bosque hace un momento, vi un hermoso pavo real abriendo su cola.
我前幾天收到了你的傳真。	Recibí tu fax hace unos días.
我剛吃了個法拉費。	Acabo de comer un falafel.
我十一點鐘的時候在等你。	Te estaba esperando a las once.
我原本是不需要给花浇水的，我刚浇完就下雨了。	Originalmente no necesitaba regar las flores, justo después de regarlas, llovió.
我去上汉语课。	Voy a la clase de chino.
我去了公共游泳池應徵當救生員。	Fui a la piscina pública a solicitar trabajo como salvavidas.
我去公園。	Voy al parque.
我去商店。	Voy a la tienda.
我去学校。	Voy a la escuela.
我去學校。	Voy a la escuela.
我去英國玩兩個星期。	Voy a Inglaterra por dos semanas de viaje.
我受够了。	Estoy harto.
我受够了！	¡Estoy harto!
我只是到處看看。	Solo estoy mirando por aquí.
我只是在写一封信给我的女友。	Solo estoy escribiendo una carta para mi novia.
我只是希望我们能离开这个可怕的地方。	Solo espero que podamos irnos de este lugar horrible.
我只是待在家里看电视。	Solo me quedo en casa viendo la televisión.
我只知道你一位加拿大人。	Solo sé que eres canadiense.
我只能走路，因为打不到出租车。	Solo puedo caminar, porque no puedo tomar un taxi.
我叫汤姆弹吉他。	Le pido a Tom que toque la guitarra.
我可不能把阿渚交给这种文弱的男人。	No puedo entregar a Azu a un hombre tan débil.
我可以介绍你认识我的朋友。	Puedo presentarte a mis amigos.
我可以借一会你的书吗？	¿Puedo tomar prestado tu libro por un momento?
我可以借用您的眼线笔吗？	¿Puedo tomar prestado tu delineador de ojos?
我可以叫您汤姆吗？	¿Puedo llamarte Tom?
我可以問你一些問題嗎？	¿Puedo hacerte algunas preguntas?
我可以問您一個問題嗎？	¿Puedo hacerle una pregunta?
我可以把你介紹給強森博士嗎?	¿Puedo presentarte al Dr. Johnson?
我可以来点喝的吗?	¿Puedo pedir algo de beber?
我可以看看你的行李條嗎？	¿Puedo ver tu etiqueta de equipaje?
我可以聽見門砰砰作響。	Puedo oír la puerta golpeando.
我可以說些什麼嗎?	¿Puedo decir algo?
我可以跟你共用這張桌子嗎?	¿Puedo compartir esta mesa contigo?
我可真倒楣呀。	¡Qué mala suerte tengo!
我可能也會購買整修品。	Quizás también compre artículos renovados.
我可能知道你离开的日期吗？	¿Puedo saber la fecha de tu partida?
我吃一片西瓜。	Como una rodaja de sandía.
我吃了一驚。	Me llevé una sorpresa.
我吃完晚飯就出門。	Salgo después de cenar.
我吃完晚飯後看電視。	Veo televisión después de cenar.
我吃蘋果。	Como manzanas.
我同情你。	Te compadezco.
我同意了。	Estuve de acuerdo.
我同意你。	Estoy de acuerdo contigo.
我同意您的意見。	Estoy de acuerdo con su opinión.
我向他道賀；也向裴林州長道賀，為他們所成就的一切。我迫不及待想和他們攜手合作，在未來數月更新這個國家的許諾。	Lo felicito a él; también felicito al gobernador Perrin por todo lo que han logrado. Estoy ansioso por colaborar con ellos para renovar la promesa de este país en los próximos meses.
我听不懂你。	No te entiendo.
我听得到。	Puedo oír.
我听说你们结婚了？	¿Oí que se casaron?
我听说你弹钢琴。	Oí que tocas el piano.
我听说，你想来见我了吗？	¿Oí que quieres venir a verme?
我告訴她你是個很好的女孩。	Le dije que eres una muy buena chica.
我和他們是同事。	Soy colega de ellos.
我和你保证。	Te lo prometo.
我和台灣站在一起。	Estoy con Taiwán.
我和她成了熟人。	Me hice conocido de ella.
我和妈妈，弟弟还有爷爷奶奶住在一起。	Vivo con mi mamá, mi hermano menor, mis abuelos paternos.
我和我自己来。	Vengo yo mismo.
我和汤姆无话不说。	Con Tom no tengo secretos.
我和汤姆说了，我觉得这个主意很好。	Le dije a Tom que me parece muy buena esta idea.
我唱了。	Canté.
我喜欢他。	Me gusta él.
我喜欢他们。	Me gustan ellos.
我喜欢你们的城市。	Me gusta su ciudad.
我喜欢古典音乐。	Me gusta la música clásica.
我喜欢在队伍里。	Me gusta estar en la fila.
我喜欢奥克语。	Me gusta el occitano.
我喜欢她因我的笑话而欢笑的样子。	Me gusta cómo ella se ríe con mis chistes.
我喜欢您的车。	Me gusta su coche.
我喜欢我的工作。	Me gusta mi trabajo.
我喜欢旅行。	Me gusta viajar.
我喜欢那只蚱蜢发出的声音！	¡Me gusta el sonido que hace ese saltamontes!
我喜歡煮飯時加幾粒八角。它帶有淡淡的甜味和類似甘草的香氣。	Me gusta añadir unas cuantas estrellas de anís al cocinar. Tiene un sabor ligeramente dulce y un aroma similar al regaliz.
我喜歡虛構語言。	Me gustan los idiomas ficticios.
我喜歡雞雞。	Me gusta el pene.
我喝果汁。	Bebo jugo.
我喝汤。	Bebo sopa.
我喝醉了，但是还会说德语。	Estoy borracho, pero aún puedo hablar alemán.
我回答您之前要好好考虑一下。	Antes de responderle, debo considerar bien.
我在伦敦碰到了他。	Lo encontré en Londres.
我在信箱中發現了你的信件。	Encontré tu carta en el buzón.
我在修理回家路上捡到的收音机。	Estoy reparando la radio que recogí en el camino a casa.
我在公园里走。	Camino en el parque.
我在兵库县立大学学习。	Estudio en la Universidad de la Prefectura de Hyogo.
我在努力。	Me estoy esforzando.
我在去凯比利亚的路上。	Estoy de camino a Cabilia.
我在叫他们回来。	Los estoy llamando para que vuelvan.
我在国外指派了。	Fui asignado al extranjero.
我在外面等。	Espero afuera.
我在她手下工作。	Trabajo bajo su mando.
我在學校學納瓦特爾語。我是墨西哥人。	Estudio náhuatl en la escuela. Soy mexicano.
我在安卡拉大學學習。	Estudio en la Universidad de Ankara.
我在小巷子裏轉向了。	Me perdí en el callejón.
我在廚房裡幫媽媽。	Ayudo a mi mamá en la cocina.
我在我爸的公司一直感觉不自在。	Siempre me siento incómodo en la empresa de mi papá.
我在我的夢裡見到了你們。	Los vi en mi sueño.
我在擦鞋墊下面發現了這把鑰匙。	Encontré esta llave debajo del felpudo.
我在柏柏語課上上了洗手間。	Fui al baño durante la clase de bereber.
我在湯姆身上花的時間太多了。	Paso demasiado tiempo con Tom.
我在物理課遇到一個傢伙用PVC管做了迪吉里杜管。	En la clase de física conocí a un tipo que hizo un didgeridoo con tubos de PVC.
我在等你们。你们什么时候准备好？	Los estoy esperando. ¿Cuándo estarán listos?
我在胡安娜家學習。	Estudio en casa de Juana.
我在街上遇到他。	Lo encontré en la calle.
我在買一輛新車。	Estoy comprando un coche nuevo.
我在超級市場裡找他。	Lo busco en el supermercado.
我在車站遇見他。	Lo encontré en la estación.
我在那匹馬下十美元的賭注。	Apuesto diez dólares en ese caballo.
我在那裡沒遇見任何人。	No encontré a nadie allí.
我在那里碰见一个朋友。	Allí me encontré con un amigo.
我在阅读中度过了一天中最美好的部分。	Paso la mejor parte del día leyendo.
我坐出租車去。	Voy en taxi.
我坐飞机去意大利。	Voy a Italia en avión.
我大前年死了個朋友。	Hace tres años se me murió un amigo.
我大吃了一顿比萨。	Me di un gran atracón de pizza.
我大概五点到这里。	Llego aquí más o menos a las cinco.
我太太的所有親戚都是我的姻親。	Todos los parientes de mi esposa son mis afines.
我奇怪為甚麼湯姆那麼激動。	Me extraña por qué Tom está tan emocionado.
我奉獻。	Me entrego.
我宁愿不睡觉也要看完这本书。	Prefiero no dormir antes que dejar de leer este libro.
我宁愿您休一天假。	Prefiero que usted se tome un día libre.
我完全地筋疲力盡了。	Estoy completamente agotado.
我完全忘了今天有考試。老師叫我們把手機收起來，然後開始發考卷，我只想說：「靠，完了。」	Me olvidé por completo de que hoy había examen. El profesor nos dijo que guardáramos los teléfonos y empezó a repartir las pruebas, y solo quise decir: «Rayos, se acabó».
我寄给她一个娃娃。	Le envié una muñeca.
我寫字母。	Escribo letras.
我对汤姆发誓我不会说任何话了。	Le juro a Tom que no diré nada más.
我對博物館感到厭煩，博物館是藝術的墳場。	Me aburre el museo, el museo es el cementerio del arte.
我就喜欢它。	Simplemente me gusta.
我尽可能快地需要那个。	Necesito eso lo más rápido posible.
我尽快需要。	Lo necesito cuanto antes.
我工作.	Trabajo.
我已不再喜歡他了。	Ya no me gusta más.
我已經得到了一切你想要的東西。	Ya tengo todo lo que deseabas.
我已經搭了最近比較早一點的火車來上班。	Ya he tomado el tren un poco más temprano de lo reciente para ir al trabajo.
我已經發現它了!	¡Ya lo he encontrado!
我已經變得好多了。	Ya he mejorado mucho.
我已经两周没有见过您了。	Hace dos semanas que no lo veo a usted.
我已经告诉了汤姆玛丽住院了。	Ya le he dicho a Tom que María está hospitalizada.
我已经想读他们了	Ya quiero leerlos.
我希望万事如意。	Espero que todo sea como deseas.
我希望了解您的国家。	Deseo conocer su país.
我希望你做血液檢查。	Quiero que te hagas un análisis de sangre.
我希望你告訴我真相了。	Desearía que me hubieras dicho la verdad.
我希望你在我身边。	Deseo que estés a mi lado.
我希望你早点告诉我。	Ojalá me lo hubieras dicho antes.
我希望你没出任何问题。	Espero que no tengas ningún problema.
我希望你知道我已经试了阻止汤姆。	Deseo que sepas que ya intenté detener a Tom.
我希望再次见到您。	Espero volver a verle.
我希望去夏威夷。	Deseo ir a Hawái.
我希望当我在想我希望我是谁的时候我就是谁。	Deseo ser quien soy cuando pienso en quién deseo ser.
我希望您快就会好起来。	Espero que se mejore pronto.
我希望成为一名歌手。	Deseo ser cantante.
我希望成为医生。	Espero ser médico.
我希望我能被人重视。	Espero que la gente me valore.
我希望我賺更多的錢。	Espero ganar más dinero.
我希望所有人都来帮我打扫房子。	Espero que todos vengan a ayudarme a limpiar la casa.
我希望版權不用持續這麼久。	Espero que los derechos de autor no duren tanto tiempo.
我带你们去。	Los llevo.
我帶了一個驚喜給你。	Te traje una sorpresa.
我幫我父親做這個工作。	Ayudo a mi padre con este trabajo.
我幾乎沒有一個小時不滿懷愛意地想著你。	Casi no paso una hora sin pensar en ti con amor.
我幾乎沒有遇見她。	Casi no la encuentro.
我应该知道。	Debería saberlo.
我建立了部落格。我會儘量努力，不想成為那種只在初期短暫活躍發文，然後就放棄的人。	Creé un blog. Me esforzaré al máximo, no quiero ser de esos que publican activamente al principio y luego abandonan.
我建議她一個人去。	Le sugiero que vaya sola.
我开玩笑。	Bromeo.
我弟弟没我两年前高。	Mi hermano no es tan alto como yo hace dos años.
我強烈推薦任何想學習一門手藝的人都去讀這本書。	Recomiendo encarecidamente este libro a cualquiera que quiera aprender un oficio.
我彈鋼琴為她伴奏。	Toco el piano para acompañarla.
我当过老师。	Fui profesor.
我很乏味。	Soy aburrido.
我很受惊吓的。	Estoy muy asustado.
我很好。你呢？	Estoy bien. ¿Y tú?
我很好，你呢？	Estoy bien, ¿y tú?
我很後悔當時沒有把握機會認識她。	Lamento no haber aprovechado la oportunidad para conocerla entonces.
我很快樂能參加你的派對。	Estoy muy feliz de asistir a tu fiesta.
我很惊讶您竟然那么天真。	Me sorprende que seas tan ingenuo.
我很感激。	Estoy muy agradecido.
我很抱歉今天您来的时候没能见您。	Lamento no haber podido verle hoy cuando vino.
我很抱歉误会了您。	Lamento haberle malinterpretado.
我很擔心您的健康。	Me preocupa su salud.
我很期待能再見到您。	Espero con ansias volver a verle.
我很榮幸能見到你。	Es un honor conocerte.
我很激动。	Estoy emocionado.
我很疑惑为什么天气变冷的时候我会觉得很孤单。	Me pregunto por qué me siento solo cuando hace frío.
我很遗憾您没有和我们一起来。	Lamento que no haya venido con nosotros.
我很酷。	Soy genial.
我很高兴你们成功了。	Me alegra que hayan tenido éxito.
我得到了一雙新鞋。	Conseguí un par de zapatos nuevos.
我得告訴我先生。	Tengo que decírselo a mi esposo.
我得奋斗。	Tengo que luchar.
我得查找一下我的笔。	Tengo que buscar mi bolígrafo.
我從1980年開始一直在神戶。	He estado en Kobe desde 1980.
我從1985年開始就一直住在東京。	He estado viviendo en Tokio desde 1985.
我從中國到日本。	Vine de China a Japón.
我從他的書學到了很多。	Aprendí mucho de su libro.
我從來沒有見過他。	Nunca lo he visto.
我從倫敦訂購了一些書。	Pedí algunos libros desde Londres.
我從倫敦訂購了一本書。	Pedí un libro desde Londres.
我從她那裡得到這些舊錢幣。	Obtuve estas monedas antiguas de ella.
我從小到大都是個酷兒小孩，從學校、老師或大多數同學那裡得不到任何支持，感到孤立無援，覺得自己從根本上就是有問題的。我很高興現況已有所改變，但對於那股反對支持與肯定酷兒兒童之風氣的反動勢力感到厭惡。	Desde pequeño hasta grande fui un niño queer, sin recibir apoyo de la escuela, los profesores o la mayoría de los compañeros, sintiéndome aislado y creyendo que fundamentalmente estaba mal. Me alegra que la situación haya cambiado, pero me repugna la reacción contra el apoyo y la afirmación de los niños queer.
我忘记他叫什么名字了。	Olvidé cómo se llama.
我忙于应付期末考试。	Estoy ocupado preparándome para los exámenes finales.
我快看不到你了。	Pronto no podré verte.
我快饿死了。	Me muero de hambre.
我怀疑这是辆黑车。	Sospecho que este es un coche ilegal.
我怎么联系你？	¿Cómo puedo contactarte?
我怎么能忘记您交付我的任务？	¿Cómo podría olvidar la tarea que me encomendó?
我怎樣才能連絡到你?	¿Cómo puedo contactarte?
我怕她不會接受我的解釋。	Temo que ella no acepte mi explicación.
我恐怕他一點以前是不會來的。	Me temo que no vendrá antes de la una.
我恳求您了。	Se lo ruego.
我想你不会那么做的吧。	Creo que no harías eso.
我想再去那裡一次。	Quiero ir allí otra vez.
我想加入你们的团对。	Quiero unirme a su grupo.
我想加入你們的團隊。	Quiero unirme a su equipo.
我想去洗手間。	Quiero ir al baño.
我想变成您。	Quiero convertirme en usted.
我想吃大盘鸡！	¡Quiero comer pollo con patatas grandes!
我想和你說幾句話。	Quiero decirte algunas palabras.
我想她不会在家里。	Creo que ella no estará en casa.
我想她想要的是束縛與支配。	Creo que lo que ella quiere es atadura y dominio.
我想從這家公司辭職。	Quiero renunciar a esta empresa.
我想念我的孩子。	Extraño a mis hijos.
我想您要拿到驾照根本不难。	Creo que obtener la licencia de conducir no es difícil para usted.
我想您马上来。	Quiero que venga de inmediato.
我想我不该让汤姆做那件事。	Creo que no debería dejar que Tom hiciera eso.
我想挣点钱，所以我一周打三天小时工。	Quiero ganar algo de dinero, así que trabajo a tiempo parcial tres días a la semana.
我想死	Quiero morir.
我想用媒體播放器聽音樂，卻出現了錯誤訊息，不能播放。	Quiero escuchar música con el reproductor multimedia, pero aparece un mensaje de error y no puedo reproducirla.
我想睡点觉。	Quiero dormir un poco.
我想睡觉。	Quiero dormir.
我想給你介紹一下我身旁這位朋友。	Quiero presentarte a este amigo que está a mi lado.
我想要一张1比250000的得克萨斯州的地图。	Quiero un mapa de Texas a escala 1:250,000.
我想要你睡在它上边。	Quiero que duermas encima de él.
我想要備受好評的可靠品牌。	Quiero marcas confiables y bien valoradas.
我想要再确认一下我的航班。	Quiero confirmar mi vuelo de nuevo.
我想要大家伙帮我个忙。	Quiero que todos me ayuden con un favor.
我想要本书。	Quiero un libro.
我想要本书。书店在什么地方？	Quiero un libro. ¿Dónde está la librería?
我想解決這個問題，可是白費功夫。	Quiero resolver este problema, pero es en vano.
我想讓你幫我們查出來誰殺了湯姆。	Quiero que nos ayudes a descubrir quién mató a Tom.
我想读。	Quiero leer.
我想，但我不能。	Quiero, pero no puedo.
我感到凄清与孤独。	Siento soledad y desamparo.
我感覺昏沉沉的。	Me siento aturdido.
我感觉你不是很热。	Siento que no estás muy caliente.
我感觉就像做梦一样。	Siento que es como un sueño.
我感觉昏昏沉沉的。	Me siento somnoliento.
我感觉有些轻飘飘了。	Me siento un poco ligero.
我感觉窗子一整晚都开着。	Siento que la ventana estuvo abierta toda la noche.
我感謝你。	Te agradezco.
我憑什麼需要幫她們？	¿Por qué debería ayudarlas?
我應該拿那些錢的。	Debería haber tomado ese dinero.
我應該現在拿票嗎？	¿Debo tomar el boleto ahora?
我或許不應該告訴你，但我真的被你的美麗迷倒了。	Quizás no debería decírtelo, pero realmente estoy cautivado por tu belleza.
我才不是討厭咧。	No es que lo odie.
我才沒想哭。	No es que quiera llorar.
我打了湯姆。	Golpeé a Tom.
我打了网球。	Jugué al tenis.
我打網球了。	Jugué al tenis.
我找過他很多次。	Lo busqué muchas veces.
我把它给他们了。	Se lo di a ellos.
我把我的相機借給了湯姆和保拉。	Presté mi cámara a Tom y Paula.
我把汤姆和玛丽的鞋系在一起。	Até los zapatos de Tom y Mary juntos.
我把玛丽介绍给我的父母了。	Presenté a Mary a mis padres.
我把蛀牙拔掉了。	Me saqué la muela cariada.
我把這包餅吃完了。	Me terminé este paquete de galletas.
我拿到了他還給我的錢。	Recibí el dinero que me devolvió.
我指望你了。	Contaba contigo.
我提出这一点之前，我的鞋和我去睡觉。	Antes de mencionar esto, mis zapatos y yo nos fuimos a dormir.
我搆不到它。	No lo alcanzo.
我搆不到那罐番茄罐頭。	No alcanzo esa lata de tomates.
我收到了你的来信并很高兴地读了。	Recibí tu carta y la leí con mucho gusto.
我收到了您的信。	Recibí su carta.
我放棄了所有生存的希望。	Abandoné toda esperanza de sobrevivir.
我教你说英语。	Te enseño a hablar inglés.
我教历史。	Enseño historia.
我教英文。	Enseño inglés.
我教英语。	Enseño inglés.
我无法想象另一个星球上的生物。	No puedo imaginar seres vivos en otro planeta.
我时间有点来不及，只能出门买大饼油条。	No tengo tiempo suficiente, así que solo puedo salir a comprar palitos de masa fritos y youtiao.
我明天去預約洗牙。	Mañana voy a pedir cita para limpiarme los dientes.
我明白。	Entiendo.
我明白了。	Lo he entendido.
我明白你们的意思了吗？	¿He entendido lo que quieren decir?
我明白她想说什么了？	¿He entendido lo que ella quiere decir?
我星期天在家。	Estoy en casa el domingo.
我昨天剛收到你的信。	Ayer recibí tu carta.
我昨天收到了你的信。	Ayer recibí tu carta.
我昨天晚上買的書到了。	El libro que compré anoche ha llegado.
我昨天没有去看望父母，今天才去。	Ayer no fui a visitar a mis padres, sino que fui hoy.
我昨晚在哪里。	Dónde estuve anoche.
我昨晚買的書到了。	El libro que compré anoche ha llegado.
我是不会系领带的。	No me pondré una corbata.
我是个脚踏实地的人。	Soy una persona con los pies en la tierra.
我是你的代理人。	Soy tu agente.
我是你的律师。	Soy tu abogado.
我是在网上卖的衣服。	Vendo ropa en línea.
我是基督教徒，而他則是佛教徒。	Soy cristiano, mientras que él es budista.
我是對的。	Tengo razón.
我是时候停下了。	Es hora de que me detenga.
我是沙尔利。	Soy Charlie.
我是瑪莉。	Soy Mary.
我是突厥人。	Soy turco.
我是英国人。	Soy británico.
我是陰陽人。	Soy intersexual.
我更喜欢茶喝咖啡。	Prefiero el té al café.
我曾住在高圆寺。	Solía vivir en Kōenji.
我最后一次被汤姆骗。	Fui engañado por Tom por última vez.
我最喜歡吃葡萄果凍。	Lo que más me gusta es la gelatina de uva.
我最有趣的朋友是Jessie。	Mi amigo más interesante es Jessie.
我最讨厌那种在安静的公共场合随便说话的人。	Lo que más odio es a la gente que habla sin cuidado en lugares públicos silenciosos.
我最近见到过詹姆斯。	Últimamente he visto a James.
我會儘量協助你們的。	Haré todo lo posible por ayudarles.
我會儘量協助妳們的。	Haré todo lo posible por ayudarles.
我會儘量協助您。	Haré todo lo posible por ayudarle.
我會儘量幫助你們的。	Haré todo lo posible por ayudarles.
我會儘量幫助妳們的。	Haré todo lo posible por ayudarles.
我會儘量幫助您。	Haré todo lo posible por ayudarle.
我會去拿一些玻璃杯。	Iré a buscar algunos vasos.
我會在明天之前把你的手錶修理好。	Arreglaré tu reloj antes de mañana.
我會在電台前等你。	Te esperaré frente a la estación de radio.
我會寫五十四個漢字。	Escribiré cincuenta y cuatro caracteres chinos.
我會將重要日期記在行事曆上，這樣就不會忘。	Anotaré las fechas importantes en el calendario para no olvidarlas.
我會把這個工作留給你。	Dejaré este trabajo para ti.
我會活到老工作到老。	Trabajaré hasta que sea viejo.
我會為這次行動負起全責。	Asumiré toda la responsabilidad por esta acción.
我會研究你的報告。	Estudiaré tu informe.
我會給你們看些照片。	Les mostraré algunas fotos.
我會自己走。	Caminaré solo.
我會記下來。	Lo anotaré.
我會說一點日文。	Hablo un poco de japonés.
我會說中文。	Hablo chino.
我會說中文，但是我不會讀中文。	Hablo chino, pero no sé leer chino.
我會說俄語。	Hablo ruso.
我會說日語。	Hablo japonés.
我會說漢語。	Hablo chino.
我會說阿拉伯語。	Hablo árabe.
我會說韓語。	Hablo coreano.
我會請你吃壽司。	Te invitaré a comer sushi.
我會講一點希臘語。	Hablo un poco de griego.
我會講五門語言。	Hablo cinco idiomas.
我會講英語。	Hablo inglés.
我會踢足球。	Juego al fútbol.
我會開車。	Sé conducir.
我有一天醒來發現上帝將毛髮植在了我的面頰上，我給它剃了。我次日醒來又發現上帝在我的臉上種了毛髮，我又給它剃了。當我第三天發現上帝再一次把毛髮植在我臉上時，我絕定接受上帝的旨意。我就這樣有了鬍子。	Un día me desperté y descubrí que Dios había plantado vello en mis mejillas, y me lo afeité. Al día siguiente me desperté y encontré que Dios había vuelto a sembrar vello en mi cara, y me lo afeité de nuevo. Cuando al tercer día vi que Dios había plantado vello en mi cara otra vez, decidí aceptar la voluntad de Dios. Así fue como tuve barba.
我有一段美好的舊時光。	Tuve un buen tiempo en el pasado.
我有一雙黑色的眼睛。	Tengo ojos negros.
我有三个堂兄。	Tengo tres primos.
我有两张洗澡票在那儿，今天和我一起去洗澡吗？	Tengo dos boletos para el baño allí, ¿vienes a bañarte conmigo hoy?
我有个东西您该看看。	Tengo algo que deberías ver.
我有个黄鱼脑袋。	Tengo un cerebro de pescado amarillo.
我有個驚喜要給你們。	Tengo una sorpresa para ustedes.
我有幫忙。	Yo ayudé.
我有点喜欢他。	Me gusta un poco él.
我有蜜大腿。	Tengo muslos de miel.
我有问题，就像其他人一样。	Tengo problemas, como cualquier otra persona.
我有點醉菸。	Estoy un poco borracho de humo.
我朋友哪里买过什么东西！	¡Mi amigo nunca compró nada en ningún lado!
我期待你的幫助。	Espero tu ayuda.
我期待听到你在这件事上的想法 。	Espero escuchar tu opinión sobre este asunto.
我期待在波士顿见你们。	Espero verlos en Boston.
我期待很快就能收到你的信。	Espero recibir tu carta pronto.
我期待您的消息。	Espero su mensaje.
我期待收到你的來信。	Espero recibir tu carta.
我期待收到您的來信。	Espero recibir su carta.
我本不该告诉您什么的。	No debí haberle dicho nada.
我本來打算去那裡。	Originalmente planeaba ir allí.
我本该和汤姆一起去澳大利亚。	Debí haber ido a Australia con Tom.
我来问个有点傻的问题。	Vengo a hacer una pregunta un poco tonta.
我根本不把你放在眼里！	¡No te tengo en absoluto en cuenta!
我欠你四十塊錢。	Te debo cuarenta yuanes.
我欠您多少？	¿Cuánto le debo?
我止不住打喷嚏。	No puedo dejar de estornudar.
我正在把价格涨一倍。	Estoy duplicando el precio.
我正考慮到你。	Estoy pensando en ti.
我正要去签到。	Estoy a punto de registrarme.
我母親教插花藝術。	Mi madre enseña el arte de arreglar flores.
我每个星期日礼拜完都买甜甜圈。	Todos los domingos, después del culto, compro donas.
我每天都會打電話給你。	Te llamo todos los días.
我每隔一天拜訪他。	Lo visito cada dos días.
我比你和他們聊得更多。	Hablo más con ellos que tú.
我決定從此以後不再穿內衣了。	Decidí no usar ropa interior de ahora en adelante.
我沒想提任何建議。	No pensaba dar ninguna sugerencia.
我沒想要冒犯您。	No tenía intención de ofenderlo.
我沒想要叫醒您。	No tenía intención de despertarlo.
我沒想要嚇唬您。	No tenía intención de asustarlo.
我沒想要打擾您。	No tenía intención de molestarlo.
我沒有勇氣把事實告訴她。	No tengo el valor de decirle la verdad.
我沒有想要讓你不知所措。	No tenía intención de hacerte sentir perdido.
我沒有罷工。	No estoy en huelga.
我沒有聽清楚你的姓。	No he escuchado bien tu apellido.
我沒穿內衣。	No llevo ropa interior.
我沒聽說她會來。	No he oído que ella venga.
我沒辦法相信你。	No puedo creerte.
我没事写点句子让他人学习。	Escribo algunas frases para que otros aprendan.
我没听到您的姓。	No he oído su apellido.
我没听懂您的意思。	No he entendido lo que quiere decir.
我没在等到你的回应之前添加了句子，真是糟糕。	Añadí la frase antes de esperar tu respuesta, qué mal.
我没打算和她做朋友。	No tengo intención de hacerme amiga de ella.
我没时间跟您碰头。	No tengo tiempo para reunirme con usted.
我没有其他更好的事情去做。	No tengo nada mejor que hacer.
我没有反对你。	No me opongo a ti.
我没有喜欢过。	Nunca he gustado.
我没有想住在波士顿。	No tengo intención de vivir en Boston.
我没有权力。	No tengo poder.
我没有看医生。	No he ido al médico.
我没有跟他见过面。	No me he encontrado con él.
我没有遇见她。	No me he encontrado con ella.
我没有预定这个。	No he reservado esto.
我洗我的蘋果。	Lavo mi manzana.
我渴得要命。	Estoy muerto de sed.
我為你煮馬鈴薯。	Te cocino patatas.
我為我的兒子向您致謝。	Le agradezco por mi hijo.
我無法做比這更多的了。	No puedo hacer más que esto.
我無法把我的視線從她身上移開。	No puedo apartar la mirada de ella.
我焦急地在等着去聚会。	Espero ansiosamente ir a la fiesta.
我爱你胜过她。	Te quiero más que a ella.
我爱您。	Le quiero.
我爱添好运的点心。	Me encantan los dim sum de Tim Ho Wan.
我爱虚构的语言。	Amo los idiomas ficticios.
我父亲一直很冷静。	Mi padre siempre ha estado tranquilo.
我父亲和我时不时地去钓鱼。	Mi padre y yo vamos a pescar de vez en cuando.
我父亲是个大夫。	Mi padre es médico.
我父亲爱世上的每一个人。	Mi padre ama a todos en el mundo.
我父亲用一把锯子切木头。	Mi padre corta madera con una sierra.
我父親一點也不懂藝術。	Mi padre no entiende nada de arte.
我父親是一名辦公室職員。	Mi padre es oficinista.
我父親沒有吃很多的水果。	Mi padre no come mucha fruta.
我父親為我做了個架子。	Mi padre me hizo un estante.
我爷爷喜欢步行。	A mi abuelo le gusta caminar.
我爸九點回家。	Mi papá vuelve a casa a las nueve.
我爸爸不喝多少烧酒。	Mi papá no bebe mucho licor de arroz.
我特别不喜欢她。	A mí no me gusta ella en absoluto.
我猜想您喜欢他。	Supongo que a usted le gusta él.
我现在能走了吗？	¿Puedo irme ahora?
我現在正在反駁你的論點。	Ahora estoy refutando tu argumento.
我甚至不喜歡你	Ni siquiera me gustas tú.
我生她的氣。	Estoy enojado con ella.
我用现金付款。	Pago en efectivo.
我用現金支付。	Pago en efectivo.
我發誓再也不跟她說話了。	Juro que nunca volveré a hablar con ella.
我的內衣髒了	Mi ropa interior está sucia.
我的兩個姊妹並非都結婚了。	No ambas de mis dos hermanas están casadas.
我的口味变重了。	Mi gusto se ha vuelto más fuerte.
我的名字不是“你們”。	Mi nombre no es "vosotros".
我的名字是瑪莉。	Mi nombre es María.
我的名字是瑪麗。	Mi nombre es María.
我的喉嚨裡有一隻青蛙。	Tengo una rana en la garganta.
我的嘴裂开了。	Mi boca se ha partido.
我的头疼。	Me duele la cabeza.
我的帽子被風吹到大街上，我很感謝他幫我接住了。	Mi sombrero fue llevado por el viento a la calle, y le agradezco mucho que me lo haya atrapado.
我的是藍色的，帶有紅色。	El mío es azul, con rojo.
我的母親是希臘人。	Mi madre es griega.
我的氣墊船裝滿了鱔魚	Mi aerodeslizador está lleno de anguilas.
我的牙很痛。	Me duele mucho el diente.
我的牛排要生的。	Quiero mi filete crudo.
我的祖母無法看得很清楚。	Mi abuela no puede ver muy bien.
我的祖父早起。	Mi abuelo se levanta temprano.
我的祖父通常在六點鐘吃早餐。	Mi abuelo normalmente desayuna a las seis.
我的老师教我负数也可以开平方根。	Mi profesor me enseñó que los números negativos también pueden tener raíz cuadrada.
我的肩膀很痠。	Me duelen los hombros.
我的脚痛。	Me duele el pie.
我的腿还是很痛。	Mi pierna todavía duele mucho.
我的膝蓋疼。	Me duele la rodilla.
我的航班晚点了。	Mi vuelo se ha retrasado.
我的裁縫很有錢。	Mi sastre es muy rico.
我的计划是参观苏格兰的古堡。	Mi plan es visitar los castillos de Escocia.
我的車子很耗油。	Mi coche consume mucha gasolina.
我的車是Toyota做的。	Mi coche está hecho por Toyota.
我的车出了点事。	Mi coche tuvo un pequeño accidente.
我的车我上个月修好了，后来又坏了。	Mi coche lo arreglé el mes pasado, pero luego se volvió a estropear.
我的錢從來不多。	Mi dinero nunca es mucho.
我的首席策略师大卫-艾克斯罗德，他一直是追随我的伙伴。你们组建了政治史上最好的竞选团队，是你们成就了今天，我永远感谢你们为此所作出的牺牲。	Mi estratega jefe, David Axelrod, siempre ha sido un compañero que me sigue. Ustedes formaron el mejor equipo de campaña en la historia política, y son ustedes quienes me han hecho llegar hasta aquí. Siempre les agradeceré los sacrificios que han hecho por esto.
我相信規律的運動。	Creo en el ejercicio regular.
我看不出任何理由。	No veo ninguna razón.
我看不见啊！	¡No veo nada!
我看我犯了箇錯。	Creo que cometí un error.
我看未必。	No lo creo.
我看的比Tom知道得多。	Yo veo más de lo que Tom sabe.
我看见一架直升飞机在头顶飞。	Veo un helicóptero volando sobre mi cabeza.
我看這不正常。	Creo que esto no es normal.
我看錯了。	Me equivoqué al ver.
我真怕蜘蛛。	De verdad tengo miedo a las arañas.
我真是不好意思！	¡De verdad me da vergüenza!
我真的很愛他姐姐。	De verdad amo a su hermana.
我睡觉了。	Me fui a dormir.
我知道了！	¡Ya lo sé!
我知道你們都是誰。	Sé quiénes son todos ustedes.
我知道她不爱它。	Sé que ella no lo ama.
我知道您接下来会问：“您毒杀了多少人？”	Sé que a continuación preguntará: "¿A cuántas personas envenenó?"
我知道我接下來去哪裡。	Sé a dónde voy después.
我知道汤姆会成为一位优秀的篮球教练。这就是为什么我聘用了他。	Sé que Tom será un excelente entrenador de baloncesto. Por eso lo contraté.
我知道湯姆累。	Sé que Tom está cansado.
我知道眼睛為什麼長在前面嗎？	¿Sé por qué los ojos están al frente?
我知道这对您来说很重要。	Sé que esto es importante para usted.
我知道，您也很忙。	Sé que usted también está muy ocupado.
我确实喜欢我的同事。	De verdad me gustan mis colegas.
我确实很好，谢谢您。	De verdad estoy bien, gracias.
我确实看见他了。	De verdad lo vi.
我祝你生日快乐。	Te deseo un feliz cumpleaños.
我祝您好运。	Le deseo buena suerte.
我穿好衣服以后就吃早饭。	Después de vestirme, desayuno.
我突然跳起来的时候把花瓶桌子上的打翻了。	Cuando me levanté de repente, derribé el jarrón de la mesa.
我站著等公車。	Estoy de pie esperando el autobús.
我等了她们。	Las esperé.
我等湯姆。	Espero a Tom.
我給了湯姆一箇。	Le di uno a Tom.
我給你買點東西喝吧。	Te compro algo de beber.
我緊張得說不出話來了。	Estoy tan nervioso que no puedo hablar.
我總是覺得她在隱瞞東西。	Siempre siento que ella está ocultando algo.
我结婚了，而且有两个孩子。	Estoy casado y tengo dos hijos.
我给你一本书。	Te doy un libro.
我给你介绍介绍我的朋友。	Te presento a mi amigo.
我给你钱。	Te doy dinero.
我習慣早餐之前出去散步。	Suelo salir a caminar antes del desayuno.
我老了。	Soy viejo.
我聖誕節不在。	No estaré en Navidad.
我聽她的埋怨聽得十分厭煩。	Estoy muy harto de escuchar sus quejas.
我聽說你彈鋼琴。	He oído que tocas el piano.
我肯定他的小弟弟很小。	Estoy seguro de que su hermanito es muy pequeño.
我背不好。	Tengo la espalda mala.
我能以100美元的价格卖了二手车。	Puedo vender el coche usado por 100 dólares.
我能借一下您的自行车吗？	¿Puedo tomar prestada tu bicicleta?
我能問你們一些問題嗎？	¿Puedo hacerles algunas preguntas?
我能嘗點你的麵包嗎？	¿Puedo probar un poco de tu pan?
我能回答您的问题。	Puedo responder a su pregunta.
我能回答這個問題。	Puedo responder a esta pregunta.
我能帮你们什么么？	¿Puedo ayudarles en algo?
我能帮忙吗？	¿Puedo ayudar?
我能幫你。	Puedo ayudarte.
我能幫你嗎？	¿Puedo ayudarte?
我能用一下你的字典吗？	¿Puedo usar tu diccionario?
我能聽到她在臥室裡抽泣。	Puedo oírla sollozando en el dormitorio.
我能聽到湯姆哭。	Puedo oír llorar a Tom.
我能跟你私下谈一分钟吗？	¿Puedo hablar contigo en privado un minuto?
我能问您一个问题吗？	¿Puedo hacerle una pregunta?
我能闻到他呼吸中的酒精味。	Puedo oler el alcohol en su aliento.
我脱衣服。	Me quito la ropa.
我自己走進了樹林裡。	Entré solo en el bosque.
我與他聯繫。	Me pongo en contacto con él.
我若能來就會來。	Si puedo venir, vendré.
我要一夸脫的牛奶。	Quiero un cuarto de leche.
我要他提行李箱。	Quiero que él lleve la maleta.
我要他擦亮我的皮鞋。	Quiero que él lustre mis zapatos.
我要你切腹。	Quiero que te hagas el harakiri.
我要你別和湯姆去波士頓。	Quiero que no vayas a Boston con Tom.
我要你去。	Quiero que vayas.
我要去打汤姆，但是他避开了。	Iba a golpear a Tom, pero él esquivó.
我要恭喜你。	Quiero felicitarte.
我要感謝我的選舉搭檔，這位先生全心全意競選，為與他在史克蘭頓街頭一起長大的男男女女代言，并和我一起乘火車回德拉瓦州，他就是副總統當選人，拜登先生。	Quiero agradecer a mi compañero de fórmula, quien hizo campaña de todo corazón, hablando por los hombres y mujeres con quienes creció en las calles de Scranton, y viajó conmigo en tren de regreso a Delaware, él es el vicepresidente electo, el señor Biden.
我要是嫁给别人就好了。	Ojalá me hubiera casado con otra persona.
我要是會說英語就好了。	Ojalá supiera hablar inglés.
我要枪毙了他。	Voy a fusilarlo.
我要求他明天去那裡。	Le exijo que vaya allí mañana.
我要求你們現在就走。	Les exijo que se vayan ahora.
我要给我妈妈一个卉。	Le daré una flor a mi madre.
我要讓你下海餵鯊魚。	Te haré alimentar a los tiburones en el mar.
我見過他。	Lo he visto.
我見過你的女朋友。	He visto a tu novia.
我覺得我們不應該那樣做。	Creo que no deberíamos hacer eso.
我覺得我好像從惡夢中驚醒。	Siento como si me hubiera despertado de una pesadilla.
我覺得我沒錢了。	Siento que ya no tengo dinero.
我覺得自己好像被你的眼睛吸住了。	Siento que estoy atrapado por tus ojos.
我觉得这盏灯短路了，因为只有我摇线的时候灯才会亮。	Creo que esta lámpara está en cortocircuito, porque solo se enciende cuando muevo el cable.
我設法及時到那裡。	Logré llegar allí a tiempo.
我設法讓他明白了。	Logré que él entendiera.
我試圖解決這個問題。	Intento resolver este problema.
我試著要告訴你。	Intento decirte.
我該早點回家。	Debería haber vuelto a casa más temprano.
我認為你是唯一在乎的人。	Creo que eres el único que se preocupa.
我認為她要殺我。	Creo que ella quiere matarme.
我認為我們要一起做。	Creo que tenemos que hacerlo juntos.
我認為我要坐巴士去。	Creo que tomaré el autobús.
我認爲要保持平衡。	Creo que hay que mantener el equilibrio.
我請你。	Te invito.
我請肯幫助我。	Le pido a Ken que me ayude.
我講因特語。	Hablo interlingua.
我警告過他，但他不理會警告。	Lo advertí, pero ignoró la advertencia.
我讀書讀膩了。	Estoy harto de leer.
我认为汤姆一点教学经验都没有。	Creo que Tom no tiene nada de experiencia docente.
我认为汤姆不知道玛丽不开心。	Creo que Tom no sabe que Mary está triste.
我认为汤姆不知道玛丽不快乐。	Creo que Tom no sabe que Mary no es feliz.
我认为汤姆不知道玛丽不高兴。	Creo que Tom no sabe que Mary está descontenta.
我认为汤姆和玛丽不必那样做。	Creo que Tom y Mary no tienen que hacer eso.
我认为这可以撒些盐。	Creo que esto se puede echar un poco de sal.
我认识她的姐姐。	Conozco a su hermana.
我讨厌走球。	Odio caminar la pelota.
我让一个有着奇怪玻璃眼珠的老太太帮我算了命。	Una anciana con extraños ojos de vidrio me leyó la suerte.
我试图逃跑。	Intenté escapar.
我试着在河里游泳。	Intenté nadar en el río.
我试着消磨时间。	Intento matar el tiempo.
我试着用左手写字。	Intento escribir con la mano izquierda.
我试着用法语提问。	Intento preguntar en francés.
我试试。	Lo intento.
我试试思想。	Intento pensar.
我该去买东西了，我一小时后回来。	Debo ir a comprar, vuelvo en una hora.
我该在哪儿等您？	¿Dónde debo esperarlo?
我该说，他的行为是典范。	Debo decir que su comportamiento es ejemplar.
我读错了。	Leí mal.
我買了一支手錶給她。	Le compré un reloj a ella.
我買了一臺最高貭素的電腦。	Compré una computadora de la más alta calidad.
我買了乳酪和一點牛奶。	Compré queso y un poco de leche.
我買的東西已經都送來了。	Todo lo que compré ya ha llegado.
我買磁帶。	Compro cintas.
我责备过他很多次了。	Lo he reprendido muchas veces.
我走路去。	Voy caminando.
我跑。	Corro.
我跑得尽可能快。	Corro tan rápido como puedo.
我跟不上汤姆的逻辑。	No sigo la lógica de Tom.
我跟他没啥共同点。	No tengo nada en común con él.
我跟你說段歷史。	Te cuento una historia.
我跟她说了心里话。	Le dije lo que sentía.
我跟那個芬蘭豎琴手懷孕了，他就是我昨晚告訴你的那個人。	Estoy embarazada del arpista finlandés, el que te conté anoche.
我还是应该买你的书。	Aun así, debería comprar tu libro.
我还有话要对您说。	Aún tengo algo que decirle.
我还能帮汤姆做些别的什么吗？	¿Puedo ayudar a Tom en algo más?
我这个星期放假了。	Esta semana estoy de vacaciones.
我迷路了，能不能请您帮我一下？	Estoy perdido, ¿podría ayudarme?
我选择了克里姆这个穆斯林名字。	Elegí el nombre musulmán de Kerim.
我這次頭痛就是好不起來。	Este dolor de cabeza no se me quita.
我這麼遲才回信，真不好意思。	Siento mucho haber tardado tanto en responder.
我週末又待在家，看《海綿寶寶》和《叔比狗》。	El fin de semana me quedé en casa viendo Bob Esponja y Scooby-Doo.
我遇見了以前的班主任時，他問候了我的父母。	Cuando me encontré con mi antiguo tutor, preguntó por mis padres.
我避免跟老闆討論箇人話題。	Evito hablar de temas personales con el jefe.
我還不知道湯姆生了病。	Aún no sabía que Tom estaba enfermo.
我還以為他會來開會。	Pensé que vendría a la reunión.
我還以為你說了什麼呢。	Pensé que habías dicho algo.
我還來得及嗎？	¿Aún llego a tiempo?
我還是開車送你回家吧。	Mejor te llevo a casa en coche.
我還要更放鬆。	Necesito relajarme más.
我還要獲得很多。	Todavía tengo que obtener mucho.
我還記得很多年前有一次我在溫哥華的市中心過馬路，一個印第安女人看著我說道：「別笑！」我能從她的臉上看出異域的西方文化真的框住了她的生活。	Todavía recuerdo que hace muchos años, una vez cruzaba la calle en el centro de Vancouver, una mujer indígena me miró y dijo: «¡No sonrías!» Podía ver en su rostro que la cultura occidental extranjera realmente había enmarcado su vida.
我那時還是一個七歲的小女孩。	En ese entonces yo era una niña de siete años.
我需要一條延長線。	Necesito una extensión.
我需要你们的合作。	Necesito su cooperación.
我需要助推起动我的车。	Necesito que me ayuden a arrancar mi coche.
我需要為錯誤負責。	Necesito asumir la responsabilidad por el error.
我非常乐于独处。	Disfruto mucho de la soledad.
我非常厉害。	Soy muy bueno.
我非常樂意和你們樂團一起唱歌。	Estoy muy dispuesto a cantar con su orquesta.
我預料會有麻煩。	Anticipo que habrá problemas.
我願意接受你的報價。	Estoy dispuesto a aceptar su oferta.
我餵過狗了。	Ya he alimentado al perro.
我饿得跟饿虎扑羊似的。	Tengo tanta hambre como un tigre hambriento que se abalanza sobre su presa.
我馬上到你那兒。	Voy para allá ahora mismo.
我馬上準備好。	Estoy listo en seguida.
我马上把帐单拿给您。	Le traigo la cuenta ahora mismo.
戒煙容易，戒你太難！	¡Dejar de fumar es fácil, dejarte a ti es demasiado difícil!
截至上週，我還沒有收到答覆。	Hasta la semana pasada, todavía no había recibido respuesta.
戰士知道自己的力量和弱點。	El guerrero conoce sus fuerzas y debilidades.
戰爭如火如荼。	La guerra está en pleno apogeo.
戴蒙給我看了他的郵票冊。	Damon me mostró su álbum de sellos.
房屋一片死寂。	La casa estaba en un silencio sepulcral.
所以之前我認為我的約會，或者更確切的說，下線後的網聚將只有我和她，但是事情並非那麼簡單。	Así que antes pensaba que mi cita, o más bien, la reunión en línea después de desconectarme, sería solo ella y yo, pero las cosas no eran tan simples.
所以我叫你不要一个人去咯。	Por eso te dije que no fueras solo.
所以这就是Tatoeba。	Así que esto es Tatoeba.
所以？	¿Y entonces?
所有人的作品，不管是文學、音樂、畫作、建築或者任何載體的，都是他自己的肖像。	Todas las obras de una persona, ya sean literarias, musicales, pictóricas, arquitectónicas o de cualquier soporte, son su propio retrato.
所有人都可以用這本詞典。	Todos pueden usar este diccionario.
所有人都開始講柏柏語，我一個字也聽不懂。	Todos empezaron a hablar bereber, y yo no entendía ni una palabra.
所有人，都请说 cheese 。	Todos, por favor, digan "cheese".
所有小孩都听老师的话。	Todos los niños obedecen al maestro.
所有您必須要做的事就是努力地學好英語。	Todo lo que tiene que hacer es esforzarse por aprender bien el inglés.
所有您要做的，就是等待。	Todo lo que tiene que hacer es esperar.
打扰一下，你能把糖递给我吗？	Disculpe, ¿puede pasarme el azúcar?
打电话。	Hacer una llamada telefónica.
打網球怎麼樣？	¿Qué tal jugar al tenis?
打鐵趁熱。	Aprovechar el momento.
扭转治疗是酷刑。	La terapia de conversión es tortura.
把下周日空出来。	Reserva el próximo domingo.
把你的牙刷干净。	Cepíllate los dientes.
把枕套換了。	Cambia la funda de la almohada.
把钥匙带给你的兄弟。	Lleva las llaves a tu hermano.
抓住。	Agarra.
抓到了。	Lo agarré.
抓到你了!	¡Te agarré!
抓贼啊！	¡Al ladrón!
报告者详尽地说明了他的研究方法。	El informante explicó detalladamente su método de investigación.
抱歉這麼長時間沒有聯絡您。	Disculpa por no haberme comunicado contigo durante tanto tiempo.
抱歉，我打错了。	Disculpa, marqué mal.
抱歉，我沒能早點回覆你的信。	Disculpa, no pude responder tu carta antes.
抱歉，打错了。	Disculpa, marqué mal.
抱歉，这是我的球拍。	Disculpa, esta es mi raqueta.
抱歉？	¿Disculpa?
拉多斯瓦夫西，馬立克和馬切伊喜歡在PlayStation2上玩遊戲。	Radosław, Marek y Maciej disfrutan jugando en la PlayStation 2.
拉斐爾萊唐表示，在巴西，職業棋手很難獲得贊助，因為西洋棋在巴西並不流行。	Rafael Leitão indicó que en Brasil es difícil para los ajedrecistas profesionales obtener patrocinios, porque el ajedrez no es popular allí.
拖堂情况对于学生们而言十分常见。	La prolongación de las clases es muy común para los estudiantes.
拳不離手，曲不離口。	El puño no se aparta de la mano, la canción no se aparta de la boca.
拿上你們的指南針。	Tomen sus brújulas.
拿走。	Tómalo.
拿走吧。	Tómalo.
振奋起来！	¡Anímate!
据报纸说，天气很好，但就天气来看，我觉得会下雨。	Según el periódico, el clima es bueno, pero por cómo se ve, creo que lloverá.
据说美国人把一个人的收入视为评判他能力的重要尺度。	Se dice que los estadounidenses consideran los ingresos de una persona como una medida importante de su capacidad.
掌管指揮所。	Toma el mando del puesto de comando.
採用他的主意。	Adopta su idea.
接下来你们想去哪里？	¿A dónde quieren ir después?
接受对方的准则就是给予他权力。	Aceptar las normas del otro es darle poder.
推！	¡Empuja!
提交。	Presenta.
提交！	¡Presenta!
握著我的手。我們兩個將要建立一個烏托邦。	Toma mi mano. Los dos construiremos una utopía.
搖籃裡學的帶到墳墓。	Lo aprendido en la cuna se lleva a la tumba.
搜尋！	¡Busca!
搞什么	¿Qué rayos?
搞什么啊？	¿Qué rayos?
搞定了！	¡Listo!
搞这狗屁玩意，我可是老人家了。	Haciendo esta porquería, ya soy un anciano.
撒油那啦！	¡Sayonara!
撤回前言。	Retiro lo dicho.
撤退！	¡Retirada!
操你妈！	¡Que te jodan!
操你媽。	Que te jodan.
操！	¡Joder!
據我所知，你的信在那本書下面。	Según lo que sé, tu carta está debajo de ese libro.
擠大豆肯定是很累人的工作，需要不停地擠壓。	Exprimir soja es sin duda un trabajo agotador, que requiere exprimir sin parar.
擦擦妳們的鼻子。	Límpiense las narices.
收到。	Recibido.
收音機廣播充斥著有關最近爆炸的新聞。	Las transmisiones de radio están llenas de noticias sobre la reciente explosión.
放下。	Suéltalo.
放下你们的武器。	Suelten sus armas.
放学后我打了网球。	Después de la escuela jugué al tenis.
放屁！	¡Pedos!
放松吧。	Relájate.
放松点吧。	Relájate un poco.
放棄。	Abandona.
放棄吧。	Abandona ya.
放輕鬆。	Tómalo con calma.
放開！	¡Suéltame!
故事与历史真相接近。	La historia se acerca a la verdad histórica.
敏男能說流利的英語。	Minnan habla inglés con fluidez.
救命呀！	¡Socorro!
救命！	¡Auxilio!
教室很乾淨。	El aula está muy limpia.
教授他教英語會話。	El profesor enseña conversación en inglés.
数以千计的人涌向了诺姆。	Miles de personas se dirigieron a Nome.
數大便是美。	La cantidad grande es belleza.
斯堪的纳维亚现在已经不流行戴维京人那种有角的头盔了。	En Escandinavia ya no está de moda usar cascos con cuernos como los vikingos.
斯库拉依然对雅妮念念不忘。	Escila todavía no puede olvidar a Yani.
斯科特是第一个到达极点的人。	Scott fue la primera persona en llegar al polo.
旅行是令人快乐的。	Viajar es alegre.
无事掘小，小事掘大。	No caves pequeño lo pequeño, ni caves grande lo grande.
无法靠近敌人	No se puede acercar al enemigo.
既然你们这么说，那让我再想想。	Ya que ustedes dicen eso, déjame pensarlo de nuevo.
日本东面太平洋。	Al este de Japón está el océano Pacífico.
日本人有黑色的眼睛。	Los japoneses tienen ojos negros.
日本文化愛好者可能會喜歡《早期古日文中的作格與裸名詞》這篇文章。	Los amantes de la cultura japonesa podrían disfrutar el artículo "Ergatividad y nombres desnudos en el japonés antiguo temprano".
早知道我不應該打電話給他。	Si lo hubiera sabido, no le habría llamado por teléfono.
早！	¡Buenos días!
时间到了。	Se acabó el tiempo.
明天下午之前我会把它完成。	Mañana antes del mediodía lo terminaré.
明天也可以来吗？	¿Puedo venir también mañana?
明天他工作吗？	¿Mañana trabaja él?
明天你能準備好離開嗎？	¿Mañana puedes estar listo para irte?
明天您想作什么？	¿Mañana qué quiere hacer usted?
明天我要早起	Mañana me levantaré temprano.
明天早上前這個女孩就會把它做好。	Mañana por la mañana esta chica lo terminará.
明天是她五歲生日。	Mañana es su quinto cumpleaños.
明天會有風。	Mañana habrá viento.
明天的天气预报怎么说？	¿Qué dice el pronóstico del tiempo para mañana?
明天要看流星雨啊！	¡Mañana veremos la lluvia de meteoros!
明天，他将登上月球。	Mañana, él pisará la luna.
明白。	Entiendo.
星星沒有被看到。	Las estrellas no fueron vistas.
星期一你必須繳交報告。	El lunes debes entregar el informe.
星期三下午我在。	El miércoles por la tarde estoy.
星期三在嗎？	¿El miércoles estás?
星期六你們上體育課。	El sábado ustedes tienen clase de educación física.
星期天他会一个人来。	El domingo él vendrá solo.
星期天几号?	¿El domingo qué fecha es?
星期天前我們將會待在這裡。	Antes del domingo estaremos aquí.
星期天我十二點起床。	El domingo me levanto a las doce.
昨天我休息了。	Ayer descansé.
昨天打電話的時候，她應該到家了。	Cuando llamé ayer, ella ya debía haber llegado a casa.
昨天晚上喬跟你在一起嗎？	¿Anoche estuvo Joe contigo?
昨天要視天氣好的話，我們就會去動物園了。	Ayer, si el tiempo hubiera sido bueno, habríamos ido al zoológico.
昨天，我跟汤姆很帮忙却不能去了。	Ayer, Tom y yo estábamos muy dispuestos a ayudar pero no pudimos ir.
昨晚你有没有去见汤姆？	¿Anoche fuiste a ver a Tom?
是你吗？	¿Eres tú?
是我发现她的。她当时已经失去了意识，所以我把她送到了疗养院。	Fui yo quien la encontró. Ella ya había perdido el conocimiento, así que la llevé al sanatorio.
是我的。	Es mío.
是榮！	¡Es Rong!
是汤姆让我做的。	Fue Tom quien me hizo hacerlo.
是誰讓她來的？	¿Quién la dejó venir?
時間就是生命，保羅。如果你不告訴她你現在的感覺，你永遠不會有第二次機會。	El tiempo es vida, Paul. Si no le dices lo que sientes ahora, nunca tendrás una segunda oportunidad.
晚上好，女人与男人。	Buenas noches, mujeres y hombres.
晚了！牆上雜誌就要發布了！	¡Es tarde! ¡La revista de la pared se publicará pronto!
普丁是戰犯。	Putin es un criminal de guerra.
普丁殺死了納瓦尼。	Putin mató a Navalni.
晴天霹雳。	Un rayo en cielo despejado.
曲奇的窩是一個平放的木桶。	La guarida de Cookie es un barril colocado horizontalmente.
更清晰些。	Más claro.
書是不會讀得太多的。	Nunca se leen demasiados libros.
曼纳德离开巴亚，好和她的母亲住在一起。	Manad dejó Bahía para vivir con su madre.
最大可能假想事故什么时候会发生？	¿Cuándo ocurrirá el accidente hipotético más grave posible?
最近怎么样？	¿Cómo estás últimamente?
會不會是因為昨天沒寫作業，被留下來了？	¿Será porque ayer no hiciste la tarea y te quedaste castigado?
有一个男人和一个女人。	Hay un hombre y una mujer.
有一些事情汤姆没有告诉玛利亚	Hay algunas cosas que Tom no le dijo a María.
有一台笔记本电脑很实用。	Tener una computadora portátil es muy práctico.
有一天你会意识到它。	Un día te darás cuenta de ello.
有一隻大蒼蠅在天花板上。	Hay una mosca grande en el techo.
有三个幸存者。	Hay tres sobrevivientes.
有三票反對。	Hay tres votos en contra.
有个小伙子在我的瑜伽班里。	Hay un chico en mi clase de yoga.
有个问题你没有想到。	Hay un problema que no se te ocurrió.
有个问题想请教您，可以吗？	Tengo una pregunta que quisiera consultarle, ¿puedo?
有了我，我们已经多一个人了。	Conmigo, ya somos una persona más.
有了，在中国人民的心中。	Existe, en el corazón del pueblo chino.
有了，在中国人民的心里。	Existe, en el corazón del pueblo chino.
有二十五座的車嗎？	¿Hay un coche de veinticinco asientos?
有些人將齊柏林飛船視為有史以來最偉大的樂團。	Algunos consideran a Led Zeppelin como la mejor banda de todos los tiempos.
有些人觉得法语是一种难的语言。	Algunos piensan que el francés es un idioma difícil.
有些人質疑他的誠實。	Algunos dudan de su honestidad.
有些人，你才剛離開，就已經開始想念了。	Hay personas que, apenas te alejas, ya empiezas a extrañar.
有人叫你來這嗎？	¿Alguien te llamó para que vinieras aquí?
有人把他们的雨伞落在走道里。	Alguien dejó su paraguas en el pasillo.
有人穿错了我的鞋。	Alguien se puso mis zapatos por error.
有什么事就请直说吧。	Si tienes algo que decir, dilo directamente.
有什麼是你不能證明確相信的呢？	¿Hay algo que no puedas probar pero en lo que creas?
有今天有點頭疼。	Hoy tengo un poco de dolor de cabeza.
有你的電話。	Hay una llamada para ti.
有個警察走了過來。	Un policía se acercó.
有個陌生人從後面拍了拍我的肩。我肯定他是認錯人了。	Un desconocido me tocó el hombro por detrás. Estoy seguro de que me confundió con otra persona.
有其父必有其子。	De tal palo, tal astilla.
有几个小孩受伤了？	¿Cuántos niños resultaron heridos?
有可能已經讀過這本書了。	Es posible que ya haya leído este libro.
有吗？	¿De verdad?
有多少無辜的人在越南被殺了?	¿Cuántos inocentes fueron asesinados en Vietnam?
有时候不知道的。	A veces no se sabe.
有沒有尾巴的貓。	Hay gatos sin cola.
有没有糖？	¿Hay azúcar?
有火吗？	¿Hay fuego?
有罢工。	Hay una huelga.
有！	¡Hay!
服務員，買單。	Camarero, la cuenta.
服務生，買單。	Mesero, la cuenta.
望着天花板发呆,还不如读一读小说。	Mirar al techo sin hacer nada es mejor que leer una novela.
木头会漂浮。	La madera flota.
木星是太陽系裡最大大行星。	Júpiter es el planeta más grande del sistema solar.
未來尚未發生。	El futuro aún no ha ocurrido.
未來很渺茫。	El futuro es muy incierto.
未来的人类：“古代文明人所创造的这台Unix机器、它的历法只到2038年1月19日这一天就为止了，因此我确信那一天必将是地球灭亡之日。”	Los humanos del futuro: "Esta máquina Unix creada por los antiguos civilizados, su calendario solo llega hasta el 19 de enero de 2038, por lo tanto, estoy seguro de que ese día será el día de la destrucción de la Tierra."
本住在新加坡。	Ben vive en Singapur.
权力之争，非我即敌。	La lucha por el poder: o eres mío o eres enemigo.
来吧。	Ven.
来吧！	¡Ven!
来吧，摸一下。	Ven, toca un poco.
来迟了吗？	¿Llegaste tarde?
杨不是很喜欢我的朋友。	A Yang no le gustan mucho mis amigos.
杰克快速掷界外球给他的队友。	Jack lanzó rápidamente el balón lateral a su compañero.
柏柏語對我來說很重要。	El bereber es muy importante para mí.
某天晚上，他又累又沮丧地回到了家。	Una noche, volvió a casa cansado y frustrado.
树上的叶子随着冬天的到来而掉落。	Las hojas del árbol caen con la llegada del invierno.
根本不想聽我說。	No quiere escucharme en absoluto.
格雷先生不喜歡他的工作。	Al señor Gray no le gusta su trabajo.
桌子上只有一本书。	En la mesa solo hay un libro.
桌子上的书是谁的？	¿De quién es el libro sobre la mesa?
桌子旁邊的木椅上，坐著葛萊姆斯比羅伊洛特醫生。他身穿一件灰色長睡袍，腳踝裸露在袍擺之下，腳上穿著紅色無跟土耳其便鞋。	En la silla de madera junto a la mesa, está sentado el doctor Grimesby Roylott. Lleva una bata larga gris, con los tobillos desnudos bajo el dobladillo, y zapatos turcos rojos sin tacón.
梭羅垂涎於這種植物強壯的紫色莖稈，將其製成藤條，而知更鳥則以深紅色汁液的漿果為食。	Thoreau codiciaba los fuertes tallos púrpuras de esta planta, los convertía en bastones, mientras que los petirrojos se alimentaban de las bayas de jugo rojo oscuro.
检查一下所有人。	Revisa a todos.
检查一下！	¡Revisa!
極目遠望，除了一大片小麥田以外，就甚麼也看不見了。	Mirando a lo lejos, no se ve nada más que un gran campo de trigo.
楼下有人在等您。	Abajo hay alguien esperándolo.
樹葉的顏色好美。	El color de las hojas es muy hermoso.
欢迎!	¡Bienvenido!
欢迎。	Bienvenido.
欢迎你们！	¡Bienvenidos!
欢迎你加入我们。	Te damos la bienvenida a unirte a nosotros.
欢迎光临！	¡Bienvenido!
欢迎再来。	Bienvenido de nuevo.
欢迎回来。	Bienvenido de vuelta.
欢迎回来。我们想您了!	Bienvenido de vuelta. ¡Te hemos extrañado!
欢迎来到阿拉卡茹.	Bienvenido a Aracaju.
欢迎！	¡Bienvenido!
歡迎來到維基詞典。	Bienvenido al Wikcionario.
歡迎留下來。	Bienvenido a quedarte.
歡迎訂閱！	¡Suscríbete!
正在下雨，孩子们没有在院子里玩儿。	Está lloviendo, los niños no están jugando en el patio.
正确！	¡Correcto!
此前我父亲从没出过国。	Antes de esto, mi padre nunca había salido del país.
此計劃建議謹慎行事。	Este plan sugiere actuar con cautela.
死了妻子的人叫做鰥夫。	Un hombre que ha perdido a su esposa se llama viudo.
死！	¡Muere!
殘害陰陽人嬰兒幾乎是每個恐跨者都支持的事情。	Mutilar a bebés intersexuales es algo que casi todos los transfóbicos apoyan.
母親每個月給妹妹兩千日元。	Mi madre le da dos mil yenes a mi hermana cada mes.
每个人似乎都很紧张。	Todos parecen estar muy nerviosos.
每个人都很特别。	Todos son especiales.
每个人都是注定要死的。	Todos están destinados a morir.
每个人都有他的长处和短处。	Cada persona tiene sus fortalezas y debilidades.
每个人都遇到过困难。	Todos han enfrentado dificultades.
每个人都需要做了这个。	Todos necesitan haber hecho esto.
每個盤子裡都有一塊薯片。	En cada plato hay una papa frita.
每天吸一根香煙是個好習慣。	Fumar un cigarrillo al día es un buen hábito.
每天晚上都不想睡觉	Cada noche no quiero dormir.
每天都可能是你的忌日。	Cada día podría ser tu aniversario de muerte.
每箇人都向往幸福。	Todos anhelan la felicidad.
比爾會騎自行車。	Bill sabe andar en bicicleta.
比賽甚麼時候開始？	¿Cuándo comienza la competencia?
比起上Facebook，我更喜欢去外面。	Prefiero salir afuera que usar Facebook.
比起小说，他更喜欢诗歌。	Prefiere la poesía a la novela.
比起歌舞伎，我更喜欢能乐表演，因为我觉得后者比前者优雅。	Prefiero el teatro Noh al Kabuki, porque creo que el primero es más elegante que el segundo.
水是冰的。	El agua está fría.
水是非常必要的。	El agua es muy necesaria.
水果以苹果为最佳。	La manzana es la mejor fruta.
水结成冰了。	El agua se ha congelado en hielo.
永別。	Adiós para siempre.
永远。	Para siempre.
永远不要再跟我说谎了。	Nunca más me mientas.
永遠！	¡Para siempre!
汤姆不会迟到吧?	¿Tom no llegará tarde, verdad?
汤姆不同意做。	Tom no acepta hacerlo.
汤姆不必谢我。	Tom no tiene que agradecerme.
汤姆不知道了为什么玛丽很累了。	Tom no sabe por qué María está muy cansada.
汤姆不知道他现在应该做什么。	Tom no sabe qué debería hacer ahora.
汤姆不知道我是加拿大人。	Tom no sabe que soy canadiense.
汤姆不知道我是谁	Tom no sabe quién soy.
汤姆不知道玛丽为什么不去做。	Tom no sabe por qué María no va a hacerlo.
汤姆不知道玛丽真实的意思。	Tom no sabe el verdadero significado de María.
汤姆不管玛丽的要求。	Tom no se preocupa por las peticiones de María.
汤姆不管给我付多少钱，我都不会再为他工作一次。	No importa cuánto me pague Tom, no volveré a trabajar para él.
汤姆不肯和我说话。	Tom se niega a hablar conmigo.
汤姆不能阅读。	Tom no puede leer.
汤姆不高兴。	Tom no está contento.
汤姆为什么兴奋？	¿Por qué está emocionado Tom?
汤姆为玛丽洗碗。	Tom lava los platos para María.
汤姆也来。	Tom también viene.
汤姆买了新笔记本。	Tom compró un cuaderno nuevo.
汤姆享受园艺。	Tom disfruta de la jardinería.
汤姆什么都不想喝。	Tom no quiere beber nada.
汤姆仍然拒绝做那件事。	Tom todavía se niega a hacer eso.
汤姆从来没有学过法语。	Tom nunca ha aprendido francés.
汤姆会和玛丽说他很忙。	Tom le dirá a María que está muy ocupado.
汤姆出了桩事故。	Tom tuvo un accidente.
汤姆又孤单又不幸。	Tom está solo e infeliz.
汤姆可能想让你帮他。	Tom quizás quiera que lo ayudes.
汤姆可能要。	Tom quizás quiera.
汤姆吃猫粮。	Tom come comida para gatos.
汤姆告诉玛丽雪可能会下一整天。	Tom le dijo a María que podría nevar todo el día.
汤姆和我说明天玛丽会离开。	Tom me dijo que María se irá mañana.
汤姆和我说玛丽是他喜欢的类型。	Tom me dijo que María es su tipo.
汤姆和玛丽说他自己做得到。	Tom le dijo a María que él mismo puede hacerlo.
汤姆喜欢热的。	A Tom le gusta lo caliente.
汤姆喝咖啡吗？	¿Toma Tom café?
汤姆在医院待得久吗？	¿Tom se queda mucho tiempo en el hospital?
汤姆在屋顶一边爬一边修理烟囱。	Tom trepa por el techo mientras repara la chimenea.
汤姆在车厢里找到玛丽的雨伞。	Tom encontró el paraguas de María en el vagón.
汤姆孩子们在阁楼。	Los hijos de Tom están en el ático.
汤姆害怕晚上一个人出门儿。	Tom tiene miedo de salir solo de noche.
汤姆害羞。	Tom es tímido.
汤姆就是有点紧张。	Tom está un poco nervioso.
汤姆已经习惯了。	Tom ya está acostumbrado.
汤姆应当被责备。	Tom debe ser culpado.
汤姆开的车。	El coche que conduce Tom.
汤姆必须去医院。	Tom debe ir al hospital.
汤姆必须马上去做。	Tom debe hacerlo de inmediato.
汤姆快跟上了，不是吗？	Tom casi alcanza, ¿verdad?
汤姆想在它上面睡觉。	Tom quiere dormir sobre eso.
汤姆感兴趣吗？	¿Tom está interesado?
汤姆扔掉了他的旧书。	Tom tiró sus libros viejos.
汤姆是个共产主义者。	Tom es comunista.
汤姆是个寡欲的人。	Tom es una persona de pocos deseos.
汤姆是十个孩子里年纪最小的。	Tom es el menor de diez hijos.
汤姆是唯一一个有相机的人。	Tom es el único que tiene una cámara.
汤姆是唯一不得不那样做的人	Tom es el único que tuvo que hacerlo.
汤姆是如何出狱的？	¿Cómo salió Tom de la cárcel?
汤姆是容易相处的类型。	Tom es una persona fácil de tratar.
汤姆是怎么说服玛丽照顾他的小孩的呢？	¿Cómo convenció Tom a María de cuidar a sus hijos?
汤姆是我第一个男朋友。	Tom fue mi primer novio.
汤姆是玛丽的唯一个儿童。	Tom es el único hijo de María.
汤姆最终没来。	Tom finalmente no vino.
汤姆有可能对你撒谎了。	Es posible que Tom te haya mentido.
汤姆有很友好的微笑。	Tom tiene una sonrisa muy amable.
汤姆有点沮丧。	Tom está un poco deprimido.
汤姆有点醉。	Tom está un poco borracho.
汤姆服从命令。	Tom obedece las órdenes.
汤姆检查电视时间表，看看在上映什么。	Tom revisa la programación de televisión para ver qué están dando.
汤姆正在客厅里等着。	Tom está esperando en la sala de estar.
汤姆正在自己房间里看书。	Tom está leyendo en su propia habitación.
汤姆正站在房间的角落。	Tom está de pie en la esquina de la habitación.
汤姆没给我我跟他要的。	Tom no me dio lo que le pedí.
汤姆泪流满面。	Tom está llorando a lágrima viva.
汤姆甚至不和玛丽说话了。	Tom ya ni siquiera habla con María.
汤姆甚至拒绝听我的建议。	Tom incluso se niega a escuchar mi consejo.
汤姆甚至连怎么煎鸡蛋都不知道。	Tom ni siquiera sabe cómo freír un huevo.
汤姆的孩子不会说法语。	Los hijos de Tom no hablan francés.
汤姆的教练喜欢他。	Al entrenador de Tom le gusta él.
汤姆的车在这里停车了。	El coche de Tom se detuvo aquí.
汤姆看他在镜中的映像。	Tom mira su reflejo en el espejo.
汤姆真的不喜欢你。	A Tom realmente no le gustas.
汤姆真的很努力。	Tom realmente se esfuerza.
汤姆睡了。	Tom durmió.
汤姆睡着了。	Tom se durmió.
汤姆睡着了。我应该叫醒他吗？	Tom se durmió. ¿Debería despertarlo?
汤姆睡过头了。	Tom se quedó dormido.
汤姆瞎了。	Tom está ciego.
汤姆知道我不喜欢他。	Tom sabe que no me gusta.
汤姆知道玛丽不高兴。	Tom sabe que Mary está infeliz.
汤姆知道玛丽是怎么死的。	Tom sabe cómo murió Mary.
汤姆离开了玛丽面前的那家咖啡馆。	Tom salió de la cafetería frente a Mary.
汤姆竭尽全力追赶。	Tom hizo todo lo posible por alcanzar.
汤姆经常步行去学校。	Tom suele ir a la escuela caminando.
汤姆给玛丽半个苹果。	Tom le dio media manzana a Mary.
汤姆绝不会忘记那样做。	Tom nunca olvidará hacer eso.
汤姆绝对不会赢。	Tom definitivamente no ganará.
汤姆绝对是喜欢上了玛丽。	Tom definitivamente se ha enamorado de Mary.
汤姆自动退出了Tatoeba。	Tom se retiró automáticamente de Tatoeba.
汤姆被萨米骂了一顿。	Tom fue regañado por Sami.
汤姆要我帮助他吗？	¿Tom quiere que lo ayude?
汤姆觉得，300块钱不够买齐他需要的东西。	Tom piensa que 300 yuanes no son suficientes para comprar todo lo que necesita.
汤姆试着杀死玛丽。	Tom intentó matar a Mary.
汤姆说他不能游泳。	Tom dijo que no sabe nadar.
汤姆说玛丽可能还在学法语。	Tom dijo que Mary todavía podría estar aprendiendo francés.
汤姆说，你们生气了。	Tom dijo que ustedes están enojados.
汤姆说，您什么都能修好。	Tom dijo que usted puede arreglar cualquier cosa.
汤姆赚不少钱。	Tom gana bastante dinero.
汤姆跟着。	Tom sigue.
汤姆还早。	Tom todavía es temprano.
汤姆醉得连我都认不出来了。	Tom está tan borracho que ni siquiera me reconoce.
汤姆错过了它。	Tom lo perdió.
汤姆问我我的电话号码。	Tom me preguntó mi número de teléfono.
汤姆除了去之外别无选择。	Tom no tiene más opción que ir.
汤姆！	¡Tom!
汤没我爱你。	La sopa no te amo.
沒人吃蛋糕。	Nadie come pastel.
沒人會否認的。	Nadie lo negará.
沒人跟他玩。	Nadie juega con él.
沒問題！	¡No hay problema!
沒有人會因為太老而不能學習。	Nadie es demasiado viejo para aprender.
沒有女人會喜歡穿二手裙子；可是二手男人呢，她們卻照要不誤。	Ninguna mujer querrá usar un vestido de segunda mano; pero en cuanto a hombres de segunda mano, ellas los aceptan sin problema.
沒有學生缺席。	No hay estudiantes ausentes.
沒有玫瑰花是不長刺的。	No hay rosa sin espinas.
沒有防傻的安全系統。	No hay sistema de seguridad a prueba de tontos.
沒錯，我在說這個句子的錯誤。	Sí, estoy hablando del error de esta oración.
沒，我什麼都沒在吃。	No, no estoy comiendo nada.
没事。	No pasa nada.
没办法。	No hay manera.
没有你们，就没有这个组织。	Sin ustedes, no existiría esta organización.
没有你的钥匙的话，你还是进不去，所以你不放来跟我们一起吃晚饭。	Sin tu llave, aún no podrás entrar, así que mejor ven a cenar con nosotros.
没有办法。	No hay solución.
没有糖。	No hay azúcar.
没有谁比你们辛苦。	Nadie trabaja más duro que ustedes.
没有调查就没有发言权。	Sin investigación, no hay derecho a hablar.
没有错误。	No hay errores.
没有音乐的话，生命是错误的。	Sin música, la vida es un error.
没照片。	No hay fotos.
没问题。	No hay problema.
没问题！	¡No hay problema!
油墨快没了。	La tinta se está acabando.
注意你们的食品。	Cuiden su comida.
注意，你们最迟要在五点钟之前到这儿。	Atención, deben llegar aquí antes de las cinco como máximo.
泽兰语是种地区语言。	El zelandés es una lengua regional.
洗你們的手。	Lávense las manos.
洗您的脚。	Lávese los pies.
洗手间没人。	El baño está vacío.
活到老，學到老。	Vive hasta viejo, aprende hasta viejo.
海龍公式說明了三角形的面積如何表示為其邊長的函數。	La fórmula de Herón explica cómo se expresa el área de un triángulo en función de sus lados.
海龟下蛋。	Las tortugas marinas ponen huevos.
涉及到波兰语。	Se refiere al polaco.
清晨，鲍勃遇见了她的祖父。	Por la mañana, Bob se encontró con su abuelo.
測驗結果顯示他有多發憤上學。	Los resultados del examen muestran cuánto se esforzó en ir a la escuela.
游戏结束。	Juego terminado.
湯姆不喜歡這個主意。	A Tom no le gusta esta idea.
湯姆不會單板滑雪。	Tom no sabe hacer snowboard.
湯姆不會說謝謝。	Tom no sabe decir gracias.
湯姆不知道它壞成什麼樣。	Tom no sabe lo mal que está.
湯姆不知道瑪麗在說甚麼。	Tom no sabe de qué habla María.
湯姆不老。	Tom no es viejo.
湯姆什麼麵包也沒有買。	Tom no compró nada de pan.
湯姆仔細聽。	Tom escucha con atención.
湯姆來看你們了。	Tom ha venido a veros.
湯姆來看妳們了。	Tom ha venido a veros.
湯姆做了飯。	Tom ha cocinado.
湯姆做老師的時候，有時會將學生們分開。	Cuando Tom era profesor, a veces separaba a los estudiantes.
湯姆再也不給瑪莉送花了。	Tom ya no le envía flores a Mary.
湯姆只是在瞎混。	Tom solo está perdiendo el tiempo.
湯姆只是非常累。	Tom solo está muy cansado.
湯姆向瑪莉隱瞞約翰的事。	Tom le oculta a Mary lo de John.
湯姆和瑪莉跑得一般快。	Tom y Mary corren igual de rápido.
湯姆和瑪麗等煩了。	Tom y Mary se cansaron de esperar.
湯姆和瑪麗說他們不必等那麼久。	Tom y Mary dijeron que no tenían que esperar tanto.
湯姆和瑪麗說，等我們到的時候，他們已經走了。	Tom y Mary dijeron que, cuando llegáramos, ellos ya se habrían ido.
湯姆和瑪麗都不會做那件事。	Ni Tom ni Mary pueden hacer eso.
湯姆在偷聽。	Tom está escuchando a escondidas.
湯姆在外面等。	Tom espera afuera.
湯姆在外頭鏟雪。	Tom está paleando nieve afuera.
湯姆在客廳長沙發上睡覺。	Tom duerme en el sofá de la sala.
湯姆在家因為他病了。	Tom está en casa porque está enfermo.
湯姆在波士頓學新聞學。	Tom estudia periodismo en Boston.
湯姆在瑪麗身上花時間。	Tom dedica tiempo a Mary.
湯姆在自言自語。	Tom habla solo.
湯姆在藏甚麼。	Tom está escondiendo algo.
湯姆在虛張聲勢。	Tom está fanfarroneando.
湯姆在這以東三哩的地方住。	Tom vive a tres millas al este de aquí.
湯姆在馬桶上。	Tom está en el inodoro.
湯姆好想知道。	Tom tiene muchas ganas de saber.
湯姆家有個游泳池。	En casa de Tom hay una piscina.
湯姆對咖啡因有依賴，是嗎？	Tom es dependiente de la cafeína, ¿verdad?
湯姆屯了很多垃圾。	Tom acumula mucha basura.
湯姆幫不了，只能笑笑。	Tom no puede evitar sonreír.
湯姆很安靜。	Tom es muy callado.
湯姆從不失手。	Tom nunca falla.
湯姆從不想試試。	Tom nunca quiere intentarlo.
湯姆從不高興。	Tom nunca está contento.
湯姆必須賣了他的房子。	Tom tiene que vender su casa.
湯姆想在發出錄取通知前先確認申請人的品行證明。	Tom quiere verificar la conducta del solicitante antes de enviar la carta de admisión.
湯姆慫了。	Tom se acobardó.
湯姆斯小姐教我們的歷史。	La señorita Tomes nos enseña historia.
湯姆是一個魚素者。	Tom es pescetariano.
湯姆是我所知道的最高的人。	Tom es la persona más alta que conozco.
湯姆是空中少爺。	Tom es auxiliar de vuelo.
湯姆會等。	Tom esperará.
湯姆有兩個兄弟姊妹。	Tom tiene dos hermanos.
湯姆有幫忙。	Tom ayudó.
湯姆正在緩刑中。	Tom está en libertad condicional.
湯姆比他的母親高。	Tom es más alto que su madre.
湯姆沒有錯。	Tom no tiene la culpa.
湯姆派了你們來嗎？	¿Tom los envió a ustedes?
湯姆現在真的需要幫助。	Tom realmente necesita ayuda ahora.
湯姆登上了月球。	Tom aterrizó en la luna.
湯姆發現自己是陰陽人。	Tom descubrió que es hermafrodita.
湯姆看了展覽會。	Tom vio la exposición.
湯姆看來完全輸了。	Tom parece completamente derrotado.
湯姆知道瑪麗在這裡。	Tom sabe que María está aquí.
湯姆穿著昨天穿的衣服。	Tom lleva la ropa que usó ayer.
湯姆答應再試一次。	Tom prometió intentarlo de nuevo.
湯姆累了。	Tom está cansado.
湯姆綁著馬尾。	Tom lleva una coleta.
湯姆聽起來不太擔心。	Tom no parece muy preocupado.
湯姆能改變。	Tom puede cambiar.
湯姆要做個決定。	Tom tiene que tomar una decisión.
湯姆要睡著了。	Tom se está quedando dormido.
湯姆試圖敲碎一顆核桃而不損壞果仁。	Tom intentó romper una nuez sin dañar la almendra.
湯姆該休息。	Tom debería descansar.
湯姆認為他是騎士。	Tom cree que es un caballero.
湯姆說他在找誰？	¿Tom dijo a quién busca?
湯姆說他會讓瑪麗去做。	Tom dijo que dejaría que María lo hiciera.
湯姆說是誰了嗎？	¿Tom dijo quién fue?
湯姆說法語比瑪麗好嗎？	¿Tom habla francés mejor que María?
湯姆說瑪莉不幫助他。	Tom dice que María no lo ayuda.
湯姆貓有幫忙。	Tom el gato ayudó.
湯姆跑了下去。	Tom corrió escaleras abajo.
湯姆跟瑪麗說他們想減肥。	Tom les dijo a María que quieren adelgazar.
湯姆還是不安。	Tom sigue inquieto.
湯姆，你的電話！	¡Tom, tu teléfono!
湯姆？	¿Tom?
滚。	Vete.
滾。	Rueda.
滾出去！	¡Fuera de aquí!
滾！	¡Rueda!
演唱会现在开始。	El concierto comienza ahora.
演奏Humppa舞曲吧！	¡Toca una canción de Humppa!
漢字很難讀。	Los caracteres chinos son difíciles de leer.
澤倫斯基是戰爭英雄。	Zelenski es un héroe de guerra.
澳大利亚土著已经吃了上千年袋鼠。	Los aborígenes australianos han comido canguro durante mil años.
澳大利亚在欧洲是最大的电能生产国之一。	Australia es uno de los mayores productores de energía eléctrica en Europa.
濕衣服貼著你的皮膚。	La ropa mojada se pega a tu piel.
火啊！	¡Fuego!
火星上有兩個小「月亮」，分別是福波斯和戴摩斯。	Marte tiene dos pequeñas "lunas", llamadas Fobos y Deimos.
火車十分鐘後離開。	El tren sale en diez minutos.
火車在今天下午一點半出發。	El tren sale a la una y media de la tarde.
火！	¡Fuego!
灯泡发光。	La bombilla emite luz.
為什麼你們在打噴嚏？	¿Por qué estornudan ustedes?
為什麼選擇這所學校？	¿Por qué eliges esta escuela?
為甚麼湯姆不能來我們這裡？	¿Por qué Tom no puede venir aquí?
烂泥扶不上墙。	El barro podrido no se puede pegar a la pared.
热天气不仅仅意味着人们觉得有点不高兴。	El clima caluroso no solo significa que la gente se siente un poco molesta.
無花果由榕小蜂授粉。	La higuera es polinizada por la avispa del higo.
無須多言，基本人權應當被尊重。	No hace falta decir más, los derechos humanos básicos deben ser respetados.
然後！	¡Entonces!
照相機被別人借走了。	La cámara fue prestada por otra persona.
照镜子。	Mírate en el espejo.
燃料短缺。	Hay escasez de combustible.
燔柴祭天是一種古老的儀式。	Quemar leña para sacrificar al cielo es un ritual antiguo.
爆炸！	¡Explosión!
爭論是它是沒有用的。	Discutir sobre ello es inútil.
爱丁堡已经供应一个繁忙而传统的城市，有许多历史性的建筑物和名胜。	Edimburgo ha sido una ciudad bulliciosa y tradicional, con muchos edificios históricos y lugares de interés.
爱丽丝正在自己的房间里睡觉。	Alicia está durmiendo en su propia habitación.
爱你们的同学！爱你们的父母！爱你们的国家！	¡Amen a sus compañeros! ¡Amen a sus padres! ¡Amen a su país!
爲什麼所有的小伙子都喜歡她？	¿Por qué todos los jóvenes la quieren?
父母把他們的嬰兒取名為晃。	Los padres nombraron a su bebé Akira.
爸爸回家了。	Papá ha vuelto a casa.
爸爸用火燒雞肉	Papá cocina pollo con fuego.
牆上掛著極漂亮的圖畫。	En la pared cuelgan cuadros muy hermosos.
牌没洗开。	Las cartas no se han barajado bien.
牙医用X光检查你的牙齿。	El dentista examina tus dientes con rayos X.
牛！	¡Vaca!
状态已经崩溃了。	El estado ya se ha derrumbado.
狐狸吃母鸡。	El zorro se come a la gallina.
狗和猫你更喜欢哪一个？	¿Cuál prefieres más, el perro o el gato?
狗追兔子。	El perro persigue al conejo.
独眼巨人有多少个眼睛？	¿Cuántos ojos tiene un cíclope?
狼靠腿吃飯。	El lobo vive de sus patas.
猎人在田野追兔子	El cazador persigue al conejo en el campo.
猜猜看！	¡Adivina!
猴子屁股坐不住。	El trasero del mono no puede quedarse quieto.
獸控是什麼？	¿Qué es ser furry?
玛丽不参加投票。	María no participa en la votación.
玛丽和我只是朋友。	María y yo solo somos amigos.
玛丽在她的床位上读书。	María lee en su cama.
玛丽希望能够出去玩耍。	María espera poder salir a jugar.
玛丽怀了双胞胎。	María está embarazada de gemelos.
玛丽打开了她的窗户。	María abrió su ventana.
玛丽说她很生气。	María dice que está muy enojada.
玩得开心点！	¡Diviértete!
玩得開心。	Diviértete.
现在我将把我的父母介绍给你。	Ahora te presentaré a mis padres.
现在我有很多现金。	Ahora tengo mucho efectivo.
现在我来告诉你的真相。	Ahora te diré la verdad.
现在我要向你介绍我的父母。	Ahora voy a presentarte a mis padres.
现在有票。	Ahora hay boletos.
现在的天气怎么样了？	¿Cómo está el clima ahora?
现场有10名警员。	Hay 10 agentes de policía en el lugar.
玻璃杯內裝滿了牛奶。	El vaso está lleno de leche.
珍不如瑪麗高。	Zhen no es tan alta como María.
珍外出購物。	Zhen salió de compras.
珍年紀跟我一樣大。	Zhen tiene la misma edad que yo.
珍游泳游得比由美好。	Zhen nada mejor que Youmei.
珍的這個球拍比我昨天買的那個重了一點點。	Esta raqueta de Zhen es un poco más pesada que la que compré ayer.
珍看起來很高興。	Zhen parece muy feliz.
現在三點。	Son las tres.
現在你們忙嗎？	¿Están ocupados ahora?
現在儲存！	¡Guardar ahora!
現在差不多是火車要到的時間。	Ahora es casi la hora de que llegue el tren.
現在您忙嗎？	¿Está usted ocupado ahora?
現在是三時正。	Son las tres en punto.
現在電視上沒有甚麼好看的。	Ahora no hay nada bueno en la televisión.
琳达是大会的参赛者之一。	Linda es una de las participantes de la conferencia.
瑪撒拉！	¡Mazala!
瑪格為圖畫上色。	Mag colorea el dibujo.
瑪莉和凱特談論學校和好朋友的事。	Mary y Kate hablan sobre la escuela y las amigas.
瑪莉把頭髮編成雙馬尾。	Mary se trenza el cabello en dos coletas.
瑪莉與弟弟吵了一架。	Mary se peleó con su hermano.
瑪莉通常把長髮紮成雙馬尾。	Mary suele atarse el cabello largo en dos coletas.
瑪麗在機場。	María está en el aeropuerto.
瑪麗幫她媽媽做飯	María ayuda a su madre a cocinar.
瑪麗舞跳得很好。	María baila muy bien.
瓶子裏只剩下一丁點牛奶。	En la botella solo queda un poco de leche.
甜点是什么？	¿Cuál es el postre?
生日同乐！	¡Feliz cumpleaños!
生活中最好的一天。	El mejor día de la vida.
用希腊语说吧！	¡Dilo en griego!
用林堡语怎么说林堡语？	¿Cómo se dice limburgués en limburgués?
用疑问代词表任指格式改写下面的句子，根据需要可以增加或者减少一些词语。	Reescribe la siguiente oración usando pronombres interrogativos para indicar referencia general, añadiendo o quitando palabras según sea necesario.
用筷子夹豆腐时候要轻一点。	Al recoger el tofu con palillos, hazlo con suavidad.
用這些錢你怎麼來的?	¿Cómo conseguiste este dinero?
田森是在一九四五年，也就是第二次世界大戰結束的那一年出生的。	Tansen nació en 1945, el año en que terminó la Segunda Guerra Mundial.
由于特大海啸的灾害，核能融炉遭受损害，造成了原子能发电站爆炸。	Debido al desastre del gran tsunami, el reactor nuclear sufrió daños, causando la explosión de la central nuclear.
由你决定。	Tú decides.
由我来做.	Yo lo hago.
由美英語說得非常好。	Yumi habla inglés muy bien.
电闪雷鸣。	Relámpagos y truenos.
留下来！	¡Quédate!
當你在指「發明」的時候，不要用「發現」這個字。	Cuando te refieras a "inventar", no uses la palabra "descubrir".
當她回來的時後，我就離開。	Cuando ella regrese, yo me iré.
當您打電話來的時候我已經把信寄給您了。	Cuando usted llamó, ya le había enviado la carta.
病房里很冷。	Hace frío en la sala del hospital.
痛！	¡Duele!
癌症是人类的大敌。	El cáncer es un gran enemigo de la humanidad.
發生了什麼事嗎？	¿Ha ocurrido algo?
白色的地氈很難保持乾淨。	La alfombra blanca es difícil de mantener limpia.
白鸽是种美丽的鸟类。	La paloma blanca es un ave hermosa.
盘子在哪里？	¿Dónde está el plato?
盧卡斯在雞尾酒派對。	Lucas está en la fiesta de cóctel.
目前我问题很多。	Actualmente tengo muchos problemas.
目前正在考虑是否由她来做这项工作。	Actualmente se está considerando si ella hará este trabajo.
直到下周。	Hasta la próxima semana.
直到今早我才知道了真相。	Hasta esta mañana supe la verdad.
直接和我说我要做什么。	Dime directamente qué tengo que hacer.
省省吧！	¡Ahorra tus palabras!
看不懂。	No lo entiendo.
看來，他很快樂。	Parece que él es feliz.
看来您终于回到俄罗斯了。	Parece que finalmente has vuelto a Rusia.
看看那边的考拉。	Mira los koalas de allí.
看着我	Mírame.
看那山！	¡Mira esa montaña!
看！	¡Mira!
真好。	Qué bien.
真对不起，刚才都怪我，没注意到您。	Lo siento mucho, todo fue mi culpa, no te noté.
真正的答案令人驚訝。	La verdadera respuesta es sorprendente.
真的嗎？	¿De verdad?
真的希望他们做夫妻白头偕劳。	Realmente espero que sean esposos y envejezcan juntos.
真的很冰冷。	Está realmente helado.
真的？	¿De verdad?
睡在沙发上。	Duerme en el sofá.
石头、剪子、布。	Piedra, papel, tijera.
石头剪刀布！	¡Piedra, papel, tijera!
硬着头皮。	Aprieta los dientes.
社会变态者是冷漠的。	Los sociópatas son fríos.
祝你們有快樂的一週。	Les deseo una feliz semana.
祝你胃口好！	¡Buen provecho!
祝各位高中统考顺利！	¡Les deseo éxito en el examen general de secundaria!
祝好胃口！	¡Buen provecho!
祝您好运。	Te deseo buena suerte.
祝贺！	¡Felicidades!
祝順風。	¡Buen viento!
禁止入内。	Prohibida la entrada.
离下课还有十分钟。	Faltan diez minutos para que termine la clase.
科學幻想的簡稱是科幻。	La abreviatura de ciencia ficción es ciencia ficción.
秘密的禮物公開的獎勵。	Regalo secreto, recompensa pública.
穿上。	Póntelo.
穿絲襪！	¡Usa medias!
穿那么薄，小心感冒。	Viste tan fino, ten cuidado de no resfriarte.
突然间，玛丽和我孤身一人。	De repente, Mary y yo estábamos solos.
突然，敵人的炸彈像雨點一樣落向我們。	De repente, las bombas enemigas cayeron sobre nosotros como lluvia.
窮人無親戚。	El pobre no tiene parientes.
窮鼠囓狸。	El ratón pobre muerde al gato.
立即儲存！	¡Guarda inmediatamente!
立即走！	¡Vete ahora mismo!
立即開始。	Comienza inmediatamente.
站住！	¡Alto!
站在窗口的是你們的老闆嗎？	¿Es vuestro jefe el que está en la ventana?
章鱼在海里。	El pulpo está en el mar.
第三季國民生產總值較上一季成長了1％。	El PIB del tercer trimestre creció un 1% respecto al trimestre anterior.
等一下再打电话给你，可以吗？	¿Puedo llamarte más tarde?
等一下請打電話到我住的旅館。	Por favor, llama al hotel donde me alojo más tarde.
等到警察來的時候，天大概也黑了吧。	Cuando llegue la policía, probablemente ya será de noche.
等等。	Espera.
等等！	¡Espera!
箇人電腦非常有用。	La computadora personal es muy útil.
算了。	Déjalo.
篮子里有很多鸡蛋。	En la cesta hay muchos huevos.
簡單！	¡Simple!
系上您的安全带。	Abróchese el cinturón de seguridad.
約翰有五顆蘋果。	Juan tiene cinco manzanas.
納美語好學嗎？	¿Es fácil aprender el na'vi?
紙燒得快。	El papel se quema rápido.
素颜太害羞了，请不要盯着我看。	Su Yan es muy tímida, por favor no me mires fijamente.
累死了！	¡Estoy muerto de cansancio!
終於明白啦？	¿Por fin lo entiendes?
終於被我等到了。	Por fin lo he esperado.
終於！	¡Por fin!
組織幫助窮人。	La organización ayuda a los pobres.
組織很大。	La organización es grande.
結果並不可觀。	El resultado no es impresionante.
絕對不饒你！	¡No te perdonaré jamás!
給您。	Se lo doy.
給我挑一顆蘋果。	Elígeme una manzana.
總讀數表的身高體重指數分類（體重過輕、超重或肥胖）不適用於運動員、兒童、老人和體弱者。	La clasificación del índice de masa corporal (bajo peso, sobrepeso u obesidad) del total de lecturas no se aplica a atletas, niños, ancianos y personas débiles.
繩子按米賣。	La cuerda se vende por metro.
繼續談論！	¡Continúa discutiendo!
繼續！	¡Continúa!
约翰的主意我不太喜欢，这个我们知道就好。	La idea de Juan no me gusta mucho, esto lo sabemos solo nosotros.
纯素食者们闻起来更好。	Los veganos huelen mejor.
终于！	¡Por fin!
给你添麻烦啦！	¡Te he causado problemas!
给我年轻的朋友讲个美丽的故事。	Cuéntale una historia hermosa a mi joven amigo.
给我报告。	Dame el informe.
给我老公打电话。	Llama a mi esposo.
给汤姆多一点时间吧。	Dale más tiempo a Tom.
继续努力。	Sigue esforzándote.
绿色植物可以食物自给自足。	Las plantas verdes pueden autoabastecerse de alimento.
罗杰斯先生和史密斯小姐昨天宣布订婚。	El señor Rogers y la señorita Smith anunciaron su compromiso ayer.
羅伯特的健康狀況日益惡化。	La salud de Robert empeora cada día.
羅德里戈把麗瑪扔了回去。	Rodrigo arrojó a Lima de vuelta.
羅德里格搜尋房間。	Rodrigo busca en la habitación.
美国政府一直视英国为美国的宠物。	El gobierno de Estados Unidos siempre ha considerado a Gran Bretaña como su mascota.
美国的政治看起来很有趣，特别是在选举总统期间。	La política estadounidense parece interesante, especialmente durante la elección presidencial.
美好的一切。	Todo lo hermoso.
美驻留在看的那个人的眼里。	La belleza reside en los ojos de quien la mira.
翻譯是歐洲的語言。	La traducción es el idioma de Europa.
翻譯這個詞。	Traduce esta palabra.
翻译正在试图给尽可能多的细节和消息。	El traductor está intentando dar tantos detalles y mensajes como sea posible.
老人保持强健很重要。	Es importante que el anciano se mantenga fuerte.
老实说，我们是来抓您的。	Honestamente, hemos venido a arrestarlo.
老实说，我别做了作业。	Honestamente, no hice la tarea.
老師要我們保持安靜。	El profesor nos pidió que guardáramos silencio.
耐心點。	Ten paciencia.
耶！	¡Sí!
聽到你父親去世的消息我很難過。	Lamento mucho saber de la muerte de tu padre.
聽著！	¡Escucha!
聽說你兒子參與了學生運動。	He oído que tu hijo participó en el movimiento estudiantil.
聽！	¡Oye!
肯是個足球員。	Ken es futbolista.
肯穿上了他的衣服。	Ken se puso su ropa.
背癢。	Me pica la espalda.
胡说！	¡Tonterías!
能不能请你等几分钟？	¿Podrías esperar unos minutos?
能到这里来一下吗。	¿Podrías venir aquí un momento?
能把胡椒遞給我嗎？	¿Podrías pasarme la pimienta?
能理解我。	Puede entenderme.
能請你離開嗎？	¿Podrías irte, por favor?
脚上的伤是怎么回事？	¿Qué pasó con la herida en el pie?
自古至今，容忍的总是老百姓，被容忍的总是统治者。	Desde la antigüedad hasta hoy, siempre son los ciudadanos comunes los que toleran, y los gobernantes los que son tolerados.
自由意志主義在科技男的圈子裡很受追捧。	El libertarismo es muy popular entre los círculos de hombres tecnológicos.
航程中瑪麗把她的寶寶放在嬰兒汽車座椅上。	Durante el viaje, María puso a su bebé en el asiento de seguridad para automóvil.
艾力士有多少輛車？	¿Cuántos coches tiene Alex?
芭蕉是最偉大的詩人。	Bashō es el poeta más grande.
苏联学家研究什么呢？	¿Qué estudian los soviéticos?
若没你的帮助，我们大概无法实行这个计划吧。	Sin tu ayuda, probablemente no podríamos llevar a cabo este plan.
若要聲稱性別是二元的，就需要忽視陰陽人，這是不科學的，且純粹屬於意識形態問題。	Para afirmar que el género es binario, es necesario ignorar a las personas intersexuales, lo cual no es científico y es puramente un problema ideológico.
英国人把“subway”叫做“underground”。	Los británicos llaman "subway" al "underground".
英國人很尊重法序和秩序。	Los británicos respetan mucho la ley y el orden.
英特尔公司由那个发明取得着巨大的专利权收入	La empresa Intel obtiene enormes ingresos por patentes de ese invento.
苹果买不了了！	¡Las manzanas ya no se pueden comprar!
苹果是成打卖的。	Las manzanas se venden por docenas.
苹果是非凡的手机。	El Apple es un teléfono extraordinario.
荷兰语是低地法兰克语。	El neerlandés es una lengua franca baja.
莎米擅長客服工作。	Sami es hábil en el trabajo de atención al cliente.
萨沙和马莉娅，我爱你们，我对你们的爱超出了你们的想象。你们已赢得了新的宠物狗，它将和我们一起前往新的白宫。	Sasha y Malia, las amo, mi amor por ustedes supera su imaginación. Se han ganado un nuevo perro mascota, que irá con nosotros a la nueva Casa Blanca.
萨米住在耶路撒冷。	Sami vive en Jerusalén.
萨米和莱拉想要去商场。	Sami y Laila quieren ir al centro comercial.
萨米和蕾拉不说话了。	Sami y Laila dejaron de hablar.
萨米喜欢莱拉的裙子。	A Sami le gusta el vestido de Laila.
萨米太幼稚了。	Sami es demasiado inmaduro.
萨米得去上他的化学课，他会用阿拉伯语和你会面。	Sami tiene que ir a su clase de química, y se reunirá contigo en árabe.
萨米必须跟姐姐坐。	Sami debe sentarse con su hermana.
萨米想知道那女孩是谁。	Sami quiere saber quién es esa chica.
萨米找到蕾拉的电邮地址。	Sami encontró la dirección de correo electrónico de Laila.
萨米是从南边来的。	Sami viene del sur.
萨米是唯一一个能穿上这件衣服的人。	Sami es la única persona que puede ponerse esta ropa.
萨米正在再次移动。	Sami se está moviendo de nuevo.
萨米没有参加蕾拉的婚礼。	Sami no asistió a la boda de Laila.
萨米的汽车在蕾拉的家。	El coche de Sami está en la casa de Laila.
萨米知道了。	Sami lo supo.
萨米读书了。	Sami leyó un libro.
萨米非常讨厌蕾拉。	Sami odia mucho a Laila.
落跑吧！	¡Huye!
葡萄味的果凍是我最喜歡的。	La gelatina de sabor a uva es mi favorita.
葵舞跳得很好。	Kui Wu baila muy bien.
蓝色的电话在桌子上。	El teléfono azul está sobre la mesa.
蓝色的鸟栖息在树枝上，兴致昂扬地唱着歌。	El pájaro azul se posa en la rama, cantando con entusiasmo.
薩米一直在偷偷和萊拉的妹妹交往。	Sami ha estado saliendo en secreto con la hermana de Laila.
薩米不吃豬肉。	Sami no come cerdo.
薩米不會回家。	Sami no volverá a casa.
薩米偷了萊拉的汽水。	Sami robó el refresco de Laila.
薩米和萊拉一起拍了支影片。	Sami y Laila grabaron un video juntos.
薩米是萊拉的奶兒子。	Sami es el hijo de leche de Laila.
薩米有峰巨大的駱駝。	Sami tiene un camello enorme.
薩米當時正在廚房幹話。	Sami estaba haciendo tonterías en la cocina.
薩米的汽水含糖量很高。	El refresco de Sami tiene un alto contenido de azúcar.
薩米的蘇打水中含有大量糖。	El agua con gas de Sami contiene mucha azúcar.
薩米需要沖廁所。	Sami necesita tirar de la cadena del inodoro.
蘇打水讓湯姆感到緊張。	El agua con gas pone nervioso a Tom.
蘇萊曼尼控制伊拉克。	Soleimani controla Irak.
蘋果掉落的地方不會離樹幹很遠。	La manzana no cae lejos del tronco.
虼螂是昆蟲。	El escarabajo pelotero es un insecto.
虽然我没在火车上睡觉。	Aunque no dormí en el tren.
蜜蜂的嗡嗡让我紧张一点。	El zumbido de las abejas me pone un poco nervioso.
蜡烛出去，而不必被扑灭。	La vela se apaga sin necesidad de ser soplada.
蜥蜴！	¡Lagarto!
蟬破土而出後，會蛻皮，等待身體乾燥變硬，然後飛到樹頂覓食和尋找配偶，牠們通過發出響亮的蟬鳴來尋找配偶。	Después de que la cigarra emerge del suelo, muda su piel, espera a que su cuerpo se seque y endurezca, luego vuela a la copa de los árboles para alimentarse y buscar pareja, y se comunican emitiendo fuertes cantos.
蠢。	Estúpido.
蠢货！	¡Estúpido!
血色將至。	La sangre llegará.
行。	Está bien.
行動遲緩的藍色美洲獅從勤奮的貓身下滑過。	El puma azul de movimientos lentos se deslizó por debajo del gato trabajador.
西弗里斯语、萨特弗里斯语和北弗里斯语都是弗里斯语。	El frisón occidental, el frisón de Saterland y el frisón septentrional son todos frisones.
要尊重！	¡Respeta!
要找人代替像他这么有资历的员工很难。	Es difícil encontrar a alguien que reemplace a un empleado tan calificado como él.
要是当时有好好读说明书就好了。	Ojalá hubiera leído bien el manual de instrucciones en ese entonces.
要是没您这样的勇气，就您肯定会被杀死的了。	Sin su valor, seguro que lo habrían matado.
要解开谋杀背后潜藏之谜！	¡Resuelve el misterio oculto detrás del asesinato!
親愛的！	¡Querido!
解决他们。	Acaba con ellos.
討厭。	Molesto.
記賬。	Lleva la contabilidad.
試試看。	Inténtalo.
該你走了。	Te toca a ti.
該政策在兩種意見之間搖擺。	La política oscila entre dos opiniones.
該法案的說客把遊說賄款匯入了競選基金。	Los cabilderos de la ley transfirieron sobornos al fondo de campaña.
認同推動進步。	La identificación impulsa el progreso.
說。	Habla.
說到做到。	Cumple lo que dices.
說句簡單的話。	Di una frase simple.
說實話。	Di la verdad.
說得簡單。	Es fácil decirlo.
說英語吧！	¡Habla inglés!
說英語！	¡Habla inglés!
說！	¡Habla!
誰會想雇湯姆？	¿Quién querría contratar a Tom?
誰比較高，你還是肯？	¿Quién es más alto, tú o Ken?
誰發現了鐳?	¿Quién descubrió el radio?
誰邀請了你們？	¿Quién los invitó a ustedes?
誰？	¿Quién?
課堂上所有的男生都很用功。	Todos los chicos en la clase estudian mucho.
課程於四月開始。	El curso comienza en abril.
調查正在進行中。	La investigación está en curso.
調查的結果十分令人滿意。	Los resultados de la investigación son muy satisfactorios.
調查進行中。	La investigación está en progreso.
請。	Por favor.
請不要客氣。	Por favor, no seas cortés.
請不要這樣打斷我說話。	Por favor, no me interrumpas así mientras hablo.
請以尊嚴對待我。	Por favor, trátame con dignidad.
請你事先把計劃告訴我。	Por favor, dímelo el plan de antemano.
請你借給我一支訂書機好嗎？	¿Podrías prestarme una grapadora?
請你出示你的機票和護照。	Por favor, muestra tu billete de avión y pasaporte.
請你告訴我路怎麼走好嗎？	¿Podrías decirme cómo llegar?
請你在餐桌上守規矩點。	Por favor, compórtate en la mesa.
請你把這份報告拿去影印。	Por favor, saca copias de este informe.
請你盡快回家。	Por favor, vuelve a casa lo antes posible.
請你看看這些文件。	Por favor, echa un vistazo a estos documentos.
請來一杯啤酒。	Por favor, tráeme una cerveza.
請儘量批評。	Por favor, critica todo lo que quieras.
請包起來。	Por favor, envuélvelo.
請問您要等嗎?	¿Quiere esperar, por favor?
請在下箇星期日休息。	Por favor, descansa el próximo domingo.
請安靜地關門。	Por favor, cierra la puerta en silencio.
請安靜點。	Por favor, un poco de silencio.
請將這些行李拿到郵局那邊。	Por favor, lleva estas maletas a la oficina de correos.
請帶我到處看看。	Por favor, llévame a dar una vuelta.
請幫我寄信。	Por favor, ayúdame a enviar la carta.
請您再說一遍好嗎？	¿Podría repetirlo, por favor?
請您在這本書上簽名好嗎?	¿Podría firmar este libro, por favor?
請您把窗戶關起來好嗎？	¿Podría cerrar la ventana, por favor?
請您稍後再來好嗎？	¿Podría volver más tarde, por favor?
請慢用！	¡Buen provecho!
請把您的照片發給我。	Por favor, envíame tu foto.
請明天前還書。	Por favor, devuelve el libro antes de mañana.
請滿點說。	Por favor, hable con claridad.
請為這本書加上假名注音。	Por favor, añada furigana a este libro.
請照平常一樣五加侖。	Por favor, cinco galones como de costumbre.
請盡快回家。	Por favor, vuelva a casa lo antes posible.
請結帳。	Por favor, cobre la cuenta.
請結帳！	¡Por favor, cobre la cuenta!
請給我一杯酒。	Por favor, deme una copa de vino.
請脫去除內褲和內衣外的所有衣物。	Por favor, quítese toda la ropa excepto los calzoncillos y la ropa interior.
請脫掉你的鞋子。	Por favor, quítese los zapatos.
請記在一張帳單上。	Por favor, anótelo en una sola cuenta.
請證明你不是雞。	Por favor, demuestre que no es un pollo.
講。	Hable.
謝謝你的領導。	Gracias por su liderazgo.
謝謝您的貢獻。預計我們很快又會見面。	Gracias por su contribución. Espero que nos veamos pronto de nuevo.
警察沒有拖走你的車。	La policía no remolcó su coche.
警察被认为抓错了一个女人。	Se cree que la policía arrestó a la mujer equivocada.
警方現在認為湯姆和瑪麗的失蹤有干系。	La policía ahora cree que la desaparición de Tom y María está relacionada.
變音符號有助於更準確地理解文字。	Los signos diacríticos ayudan a entender el texto con mayor precisión.
讓我們很快地再次見面。	Volvamos a vernos pronto.
讓我們找關於這一主題有新單字的句子，將其添加到下面的列表：_____;並翻譯它們。	Busquemos oraciones sobre este tema con palabras nuevas, añadámoslas a la lista siguiente: _____; y traduzcámoslas.
讓我們擲幣決定?	¿Decidamos con un lanzamiento de moneda?
讓我們明天參觀一些寺廟。	Visitemos algunos templos mañana.
讓我們校對一下錶吧。	Sincronicemos nuestros relojes.
讓我們知道你什麼時候會到。	Háganos saber cuándo llegará.
讓我們進行討論。	Llevemos a cabo una discusión.
讓我們開始這個派對吧。	¡Empecemos esta fiesta!
讓我再次提醒你3月31日是到期日。	Permítame recordarle nuevamente que el 31 de marzo es la fecha de vencimiento.
讓我向你介紹我的母親。	Permítame presentarle a mi madre.
讓我向您介紹我的妻子。	Permítame presentarle a mi esposa.
讓我在這打斷你。我們不想聽那個話題。	Permítame interrumpirle aquí. No queremos escuchar ese tema.
讓我把你介紹給他。	Permítame presentárselo a él.
讓我給你說明。	Permítame explicarle.
认识您很高兴。	Mucho gusto en conocerle.
让开。	Apártese.
让我为您做这件事！	¡Permítame hacer esto por usted!
让我们先看一下再说。	Primero echemos un vistazo y luego hablemos.
让我们别来，我们就更想来了。	Si nos dicen que no vengamos, más ganas tendremos de venir.
让我们来学习一个特殊的例子。	Aprendamos un caso especial.
让我安心工作。	Déjeme trabajar tranquilo.
让我帮助你们啊！	¡Déjeme ayudarles!
让我来。	Déjame a mí.
让我看看。	Déjame ver.
让我说吧。	Déjame hablar.
议员受到了议会道德委员会的谴责。	El diputado fue censurado por el comité de ética del parlamento.
记好了这教训。	Recuerda bien esta lección.
许多人不能而且不想去理解别人。	Muchas personas no pueden y no quieren entender a los demás.
试一试！	¡Inténtalo!
试试吧。	Pruébalo.
试试看吧！	¡Inténtalo a ver!
说呀！	¡Habla!
说啊！	¡Di!
说时迟，那时快。	En un decir y hacer, todo ocurrió rápidamente.
说苗条比说瘦更有礼貌。	Decir "esbelta" es más cortés que decir "flaca".
说！	¡Di!
请上车。	Suba al coche, por favor.
请你补交作业。	Por favor, entrega la tarea atrasada.
请出示您的票子。	Por favor, muestre su billete.
请别关灯。	Por favor, no apague la luz.
请勿望您的物品。	Por favor, no olvide sus pertenencias.
请叫消防员。	Por favor, llame a los bomberos.
请告诉我你的地址。	Por favor, dime tu dirección.
请在三天内回来。	Por favor, regrese en tres días.
请多关照！	¡Por favor, cuide de mí!
请尽量慢点说。	Por favor, hable lo más despacio posible.
请帮我拿一下鼠标。	Por favor, alcánzame el ratón.
请您能不能尽量慢点说？	¿Podría usted hablar lo más despacio posible, por favor?
请我们去饭店吃晚饭。	Nos invitó a cenar al restaurante.
请把发给你的那张单子看一下，再确认一下所有的句子都很通顺。	Por favor, mira la hoja que te enviaron y confirma que todas las oraciones son fluidas.
请把您的个人地址写给我。	Por favor, escríbeme tu dirección personal.
请把您的护照给我看一下。	Por favor, muéstreme su pasaporte.
请把电视机关掉好吗？	¿Podría apagar el televisor, por favor?
请把真实的情况说出来。	Por favor, di la verdadera situación.
请早点回家。	Por favor, vuelve a casa temprano.
请注意！	¡Por favor, atención!
请给我一杯水。	Por favor, dame un vaso de agua.
请给我她的地址好吗？	¿Podría darme su dirección, por favor?
请给我看看另一个。	Por favor, muéstrame el otro.
请给我看看您的护照。	Por favor, muéstreme su pasaporte.
请让我看一下您的护照好吗？	¿Podría dejarme ver su pasaporte, por favor?
请跟我来。	Por favor, sígame.
请重新考虑一下。	Por favor, reconsidera un poco.
请问可以给您拍张照片吗？	¿Por favor, puedo tomarle una foto?
请问您有多少件行李？	¿Por favor, cuántas piezas de equipaje tiene?
请问我能搭下车吗？我的钱包被偷了。	¿Por favor, puedo pedir un aventón? Me robaron la cartera.
请问最后一次开信箱在什么时间？	¿Por favor, a qué hora fue la última vez que se abrió el buzón?
请问这儿是什么地方？	¿Por favor, qué lugar es este?
请问鸡蛋要什么做法？	¿Por favor, cómo quiere los huevos?
请问，您会说西班牙语吗？	¿Por favor, habla usted español?
请，洗我的背部。	Por favor, lávame la espalda.
读书。	Leer libros.
谁也不在那里。	Nadie está allí.
谁做的这个馅饼？	¿Quién hizo esta tarta?
谁告诉你们汤姆把腿摔断的？	¿Quién les dijo que Tom se rompió la pierna?
谁帮助你母亲？	¿Quién ayuda a tu madre?
谁把中文和日文都会说吧？	¿Quién habla tanto chino como japonés?
谁教你们法语？	¿Quién les enseña francés?
谁是您最喜欢的导演？	¿Quién es su director favorito?
谁来抓住他！	¡Quién lo agarre!
谁照顾孩子？	¿Quién cuida a los niños?
谁诗你最喜欢的老师？	¿Quién es tu profesor favorito?
谁赢了？	¿Quién ganó?
谁跟我一起去？	¿Quién va conmigo?
谁！	¡Quién!
谁，我？	¿Quién, yo?
谁？	¿Quién?
谢谢您的好意。	Gracias por su amabilidad.
谣言被爆是有根据的。	El rumor se reveló con fundamento.
貓兒不在，老鼠玩的輕鬆自在。	Cuando el gato no está, los ratones juegan tranquilos.
貓從樹籬穿過去。	El gato atraviesa el seto.
責任應該由你來負。	La responsabilidad debería recaer en ti.
買到啦？	¿Lo compraste?
貼你心。	Pegado a tu corazón.
賀都非常喜歡運動。	A He Du le gusta mucho hacer deporte.
賭博網站讓用戶投注在將滅絕的物種上，因為墨西哥灣漏油。	Los sitios de apuestas permiten a los usuarios apostar en especies en peligro de extinción debido al derrame de petróleo en el Golfo de México.
贏這場遊戲很重要。	Ganar este juego es muy importante.
贝尔在踢球时需要更加小心，因为他已经得了一次黄牌了。	Bale necesita tener más cuidado al patear el balón, porque ya ha recibido una tarjeta amarilla.
货物运到，我会通知你们的。	Cuando llegue la mercancía, les avisaré.
资产盈利能力或一些其他的价值，它们的主人。	La rentabilidad de los activos o algún otro valor, sus dueños.
赢不了。	No se puede ganar.
走。	Anda.
走不走隨你。	Ir o no ir depende de ti.
走出阿爾及爾。	Sal de Argel.
走前门。	Entra por la puerta delantera.
走廊每天早上都清掃得乾乾淨淨。	El pasillo se limpia a fondo cada mañana.
走的那天，房间11点要空出来。	El día de la partida, la habitación debe estar desocupada a las 11.
走过去一点！	¡Muévete un poco más allá!
走開。	Vete.
走！	¡Ve!
起床!	¡Levántate!
起来吧！	¡Levántate ya!
起立。	Levántense.
起立！	¡Levántense!
趁汤没凉之前喝下。	Bebe la sopa antes de que se enfríe.
趁熱打鐵。	Aprovecha el momento.
超級酷斃宇宙世界霹靂無敵棒。	Súper genial, cósmico, mundial, increíblemente fantástico.
超音速飛行被認為是不可能的。	Se consideraba imposible volar a velocidad supersónica.
趕快!	¡Date prisa!
趴下！	¡Agáchate!
跑到山里躲起来。	Corre a las montañas y escóndete.
跑啊！	¡Corre!
跑進來。	Entra corriendo.
跟他們走吧。	Vete con ellos.
跟她說我正在看新聞。	Dile que estoy viendo las noticias.
跟我一起来唱吧。	Ven a cantar conmigo.
跳。	Salta.
跳进来。	Salta hacia adentro.
跳！	¡Salta!
身手矯健的棕狐狸沒有躍過懶洋洋的狗。	El ágil zorro marrón no saltó sobre el perro perezoso.
躲！	¡Escóndete!
軟弱的醫生使傷口發臭。	El médico débil hace que la herida hieda.
輪到您了。	Es su turno.
车票多少钱?	¿Cuánto cuesta el billete?
车！	¡El coche!
转过来。	Date la vuelta.
轮到我做了。	Me toca a mí hacerlo.
轮胎漏气了。	El neumático se ha desinflado.
过去一百多年，澳大利亚共有二十七例蜘蛛咬人致死的记录。	En los últimos cien años, Australia ha registrado veintisiete casos de muerte por mordedura de araña.
过去，她想帮她们。	En el pasado, ella quería ayudarlas.
还是要说谢谢的。	Aun así, hay que dar las gracias.
还没有。	Todavía no.
这下搞得你今天累死了！	¡Esto te ha dejado muerto de cansancio hoy!
这不是一句话。	Esto no es una frase.
这不是我的包。	Esto no es mi bolso.
这不是我的想法。	Esto no es mi idea.
这不是汤姆要做那件事的主要原因。	Esta no es la razón principal por la que Tom va a hacer eso.
这不是能乱动的。	Esto no se puede mover a la ligera.
这不该啊。	Esto no debería ser así.
这不过是他在谈判最后时刻尽可能最大化利润的尝试。	Esto no es más que su intento de maximizar las ganancias en el último momento de la negociación.
这不酷！	¡Esto no es genial!
这个不会。	Esto no va a pasar.
这个世界语句子是什么意思？	¿Qué significa esta oración en el mundo?
这个价格不合理。	Este precio no es razonable.
这个公司二分之三的雇员是工程师。	Dos tercios de los empleados de esta empresa son ingenieros.
这个几块？	¿Cuánto cuesta esto?
这个卖不卖？	¿Esto se vende o no?
这个女人很胖。	Esta mujer es muy gorda.
这个女士看起来很悲伤，也很疲惫。	Esta señora parece muy triste y también cansada.
这个字怎么念？	¿Cómo se pronuncia esta palabra?
这个学生自暴自弃了。	Este estudiante se ha abandonado a sí mismo.
这个小孩不知好歹。	Este niño no sabe lo que es bueno.
这个屋子里满是烟雾。	Esta habitación está llena de humo.
这个岗位不合适小姑娘。	Este puesto no es adecuado para una chica joven.
这个工作需要实践。	Este trabajo requiere práctica.
这个怪物只吃魔法伤害。	Este monstruo solo recibe daño mágico.
这个房子的主人有一对双胞胎。	El dueño de esta casa tiene un par de gemelos.
这个房间里面很暖和。	Dentro de esta habitación hace mucho calor.
这个新的市场可能改良全部的工业。	Este nuevo mercado podría mejorar toda la industria.
这个晚上发生了什么？	¿Qué pasó esta noche?
这个男人在吃面包。	Este hombre está comiendo pan.
这个男孩子向我扔石头。	Este niño me está tirando piedras.
这个男孩子在吃面包。	Este niño está comiendo pan.
这个男孩子在跑步。	Este niño está corriendo.
这个男孩害怕黑夜。	Este niño le tiene miedo a la oscuridad.
这个老师总是拖堂，占用同学们课间休息的时间，后来他被举报了，真过瘾啊。	Este profesor siempre alarga la clase, ocupando el tiempo de descanso de los estudiantes, y luego fue denunciado, ¡qué alivio!
这个能保暖。	Esto mantiene el calor.
这个让我笑死了！	¡Esto me hace morir de risa!
这个说法一下子就流行开来了。	Esta expresión se popularizó de inmediato.
这个面包的保质期可以吗？	¿Está bien la fecha de caducidad de este pan?
这些东西构成了一顿营养均衡的饭。	Estas cosas constituyen una comida nutricionalmente equilibrada.
这些是你从哪里买的？	¿Dónde compraste estos?
这些是找头。	Estos son el cambio.
这些问题对我们毫无效果。	Estos problemas no nos afectan en absoluto.
这从谁那儿拿的？	¿De quién lo tomaste?
这件事他铭记于心。	Él tiene esto grabado en su corazón.
这件事你告诉他妈没？	¿Le dijiste esto a su madre?
这件事你告诉她妈没？	¿Le dijiste esto a su madre?
这件事情不是你告诉我的。	Esto no fue lo que tú me dijiste.
这位工程师正在法国工作。	Este ingeniero está trabajando en Francia.
这位母亲偶尔会重温她的儿子的信件。	Esta madre ocasionalmente relee las cartas de su hijo.
这儿有张德国的大地图。	Aquí hay un gran mapa de Alemania.
这儿连空气都有辣味儿	Aquí hasta el aire tiene sabor picante.
这十年间，他为了和平尽力。	Durante estos diez años, él se esforzó por la paz.
这只燕子的翅膀受伤了。	El ala de esta golondrina está herida.
这只狗挑了。	Este perro eligió.
这周我一直在工作。	Esta semana he estado trabajando.
这完全是我自己做的。	Esto lo hice completamente yo mismo.
这家企业近6个月以来一直在欠薪。	Esta empresa ha estado retrasando los salarios durante los últimos seis meses.
这家酒店服务很好。	Este hotel tiene un buen servicio.
这将会是巨大的，如果你可以挑选一些面包，然后再回家。	Esto será enorme, si puedes seleccionar un poco de pan y luego volver a casa.
这就是我所说的。	Esto es lo que digo.
这就要看您了。	Esto depende de usted.
这座山被雪覆盖了。	Esta montaña está cubierta de nieve.
这把菜刀不够锋利，所以我用了我的折叠刀来切肉。	Este cuchillo de cocina no es lo suficientemente afilado, así que usé mi navaja plegable para cortar la carne.
这支笔和我昨天掉的那支一样。	Este bolígrafo es igual al que perdí ayer.
这时候公园里的工人拿来了一些小纸牌。	En ese momento, los trabajadores del parque trajeron unas pequeñas tarjetas de papel.
这是一个十分愚蠢的决定。	Esta es una decisión muy estúpida.
这是一个寒冷的早晨。	Esta es una mañana fría.
这是一个愚蠢的问题。	Esta es una pregunta estúpida.
这是一把中式扇子。	Este es un abanico chino.
这是不可能的。	Esto es imposible.
这是个据药。	Esto es un medicamento.
这是个静谧的冬夜。	Esta es una noche tranquila de invierno.
这是他们唯一的选择。	Esta es su única opción.
这是他们应得的。	Esto se lo merecen.
这是你们的胜利。	Esta es su victoria.
这是你们的钥匙。	Estas son sus llaves.
这是你的信。	Esta es tu carta.
这是你的布丁。	Este es tu pudín.
这是你的菜单。	Este es tu menú.
这是冷的。	Esto está frío.
这是初次的感觉，好像天空般晴朗。	Esta es la primera sensación, como si el cielo estuviera despejado.
这是可怕一点儿。	Esto es un poco terrible.
这是季风季节。	Esta es la temporada de monzones.
这是我们多雨的季节。	Esta es nuestra temporada de lluvias.
这是我看过的最差劲的电影了。	Esta es la peor película que he visto.
这是我见过最美的景色了。	Este es el paisaje más hermoso que he visto.
这是我见过的最高的树。	Este es el árbol más alto que he visto.
这是我见过的最高的男人了。	Este es el hombre más alto que he visto.
这是我读过的书里面写的最差的一本了。	Este es el peor libro que he leído de todos los que he leído.
这是找零。	Este es el cambio.
这是是图书馆的书吗？	¿Este es un libro de la biblioteca?
这是狗獾！	¡Esto es un tejón!
这是玛丽、他兄弟以及他们父母的房子。	Esta es la casa de María, su hermano y sus padres.
这是第一点。	Este es el primer punto.
这是给你的票	Este es el boleto para ti.
这是落户。	Esto es establecerse.
这是账单。	Esta es la cuenta.
这是错的。	Esto está mal.
这本书五岁小孩都能读。	Este libro lo puede leer hasta un niño de cinco años.
这本书很好懂，对我来说。	Este libro es muy fácil de entender para mí.
这本书很简单。	Este libro es muy simple.
这本书谁想要就给谁吧。	Este libro se lo daré a quien lo quiera.
这本导游册子或许会对你的旅行有帮助。	Esta guía turística quizás te sea útil para tu viaje.
这朵花的颜色是紫色。	El color de esta flor es púrpura.
这条狗死了。	Este perro está muerto.
这条路上的车辆不多。	No hay muchos vehículos en esta carretera.
这正可以说明您是个骗子。	Esto precisamente demuestra que usted es un mentiroso.
这男人试着安装他自己的天线。	Este hombre intenta instalar su propia antena.
这笔交易是我的，所以你需要去冷静并且同意我	Este trato es mío, así que necesitas calmarte y aceptarlo.
这计划如何？	¿Cómo es este plan?
这首诗是昨晚写的。	Este poema fue escrito anoche.
进攻！	¡Ataquen!
远亲不如近邻。	Un pariente lejano no es tan bueno como un vecino cercano.
追隨你的夢想。	Sigue tus sueños.
退出。	Salir.
退到繩子後面。	Retrocede detrás de la cuerda.
退后。	Retrocede.
送你這輛自行車。	Te regalo esta bicicleta.
這些人是你女兒嗎？	¿Estas personas son tus hijas?
這些照片不是湯姆拍的嗎？	¿No tomó Tom estas fotos?
這些花生長在溫暖的國家。	Estas plantas crecen en países cálidos.
這些都是他的文具。	Todos estos son sus útiles escolares.
這些鍋鏟、烤盅、盤子和馬克杯都來自這套集合。	Estas espátulas, cazuelas, platos y tazas provienen de este conjunto.
這件罩衫是棉的。	Esta blusa es de algodón.
這位就是誰想見你的夫人。	Esta es la señora que quiere verte.
這個合夥事業成功的機會是很大的,關鍵就在於妳是否願意努力、付出而已。	Las posibilidades de éxito de esta empresa conjunta son muy altas, la clave está en si estás dispuesta a esforzarte y dedicarte.
這個女孩做了一把不稱手的弓。	Esta chica hizo un arco que no le quedaba cómodo en la mano.
這個女孩做了一把很難使用的弓。	Esta chica hizo un arco muy difícil de usar.
這個字怎麼寫？	¿Cómo se escribe esta palabra?
這個字母怎麼寫？	¿Cómo se escribe esta letra?
這個年輕的女孩淚流滿面。	Esta joven chica tiene el rostro cubierto de lágrimas.
這個房間太小了。	Esta habitación es demasiado pequeña.
這個房間被紅色的燈照亮了。	Esta habitación está iluminada por una luz roja.
這個會議很重要的，你不要不來。	Esta reunión es muy importante, no debes faltar.
這個月有很多工資。	Este mes hay muchos salarios.
這個機器人失控了。	Este robot se ha descontrolado.
這個沙灘擠滿了遊客	Esta playa está abarrotada de turistas.
這個男人吃了麵包。	Este hombre comió pan.
這個設計很人性化。	Este diseño es muy humanizado.
這做什麽？	¿Qué se hace esto?
這兒的書是我的。	Los libros de aquí son míos.
這兩人中，約翰更高；所有人中，約翰最高。	De estos dos, Juan es más alto; de todos, Juan es el más alto.
這兩天我不忙。	Estos dos días no estoy ocupado.
這名採訪者確認了他的採訪對象。	Este entrevistador confirmó a su entrevistado.
這套電視劇裏的驚察似乎是個濫用職權的壞蛋。	El policía en esta serie de televisión parece un villano que abusa de su poder.
這家銀行一週前被搶劫。	Este banco fue robado hace una semana.
這家電影院擠滿了人。	Este cine está lleno de gente.
這封信是珍自己寫的。	Esta carta fue escrita por la propia Jane.
這封信是肯寫的嗎？	¿Esta carta fue escrita por Ken?
這就是駝鳥肉比牛肉和豬肉貴兩倍多的原因了。	Esta es la razón por la que la carne de avestruz cuesta más del doble que la de res y cerdo.
這幾件睡衣是不分性別的。	Estos pijamas son unisex.
這座山完全被雪覆蓋。	Esta montaña está completamente cubierta de nieve.
這座山完全被雪覆蓋了。	Esta montaña está completamente cubierta de nieve.
這座山被雪所覆蓋。	Esta montaña está cubierta por nieve.
這座山被雪覆蓋著。	Esta montaña está cubierta de nieve.
這座體育館下藏著一個重要的遺址。	Debajo de este estadio se esconde un importante yacimiento.
這張辦公桌是被我用的。	Este escritorio es usado por mí.
這愛爾蘭人什麼都能做。	Este irlandés puede hacer cualquier cosa.
這房子裡的每一扇門都被鎖上了。	Cada puerta de esta casa está cerrada con llave.
這房間太小了，容納不下五十人。	Esta habitación es demasiado pequeña para albergar a cincuenta personas.
這房間是由湯姆清掃的。	Esta habitación fue limpiada por Tom.
這支鋼筆多少錢？	¿Cuánto cuesta esta pluma?
這是一個好主意。	Esta es una buena idea.
這是一個輕鬆取得的勝利。	Esta es una victoria fácilmente obtenida.
這是一座邊境小城。	Esta es una pequeña ciudad fronteriza.
這是不可能的。	Esto es imposible.
這是你不願意一起來的原因嗎？	¿Es esta la razón por la que no quieres venir conmigo?
這是你們家的小貓嗎？	¿Es este el gatito de tu casa?
這是你們的蘋果嗎？	¿Son estas vuestras manzanas?
這是你在網上找到的嗎？	¿Es esto lo que encontraste en internet?
這是你的預約卡。	Esta es tu tarjeta de reserva.
這是你零錢。	Este es tu cambio.
這是多古老的書本呀！	¡Qué libro tan antiguo es este!
這是您的鑰匙。	Esta es su llave.
這是我在你的書桌抽屜裡找到的。	Esto lo encontré en el cajón de tu escritorio.
這是所有他必須做的事。	Esto es todo lo que tiene que hacer.
這是道是非題嗎？	¿Es esta una pregunta de verdadero o falso?
這時，公園裡的工人拿來了一些小紙牌。	En ese momento, los trabajadores del parque trajeron unas pequeñas tarjetas de papel.
這棟很高的房子被茅草屋頂覆蓋著。	Este edificio muy alto está cubierto por un techo de paja.
這棟房裡佈滿了蛛網。	Esta casa está llena de telarañas.
這棵大樹遭到雷擊。	Este gran árbol fue alcanzado por un rayo.
這樣的話我們會浪費很多時間。	De esta manera perderemos mucho tiempo.
這次是真心話。	Esta vez es la verdad sincera.
這次核試驗成功了。	Esta prueba nuclear tuvo éxito.
這沒什麼要緊的。	Esto no tiene importancia.
這玫瑰花很美麗。	Esta rosa es muy hermosa.
這班火車如此的擁擠以至於我整個車程都必須站著。	Este tren está tan lleno que tuve que estar de pie todo el trayecto.
這班火車已經到了。	Este tren ya ha llegado.
這班飛機準時起飛。	Este avión despegó puntualmente.
這由你來決定。	Esto depende de ti.
這發明是多年來耐心實驗的成果。	Este invento es el resultado de años de experimentación paciente.
這真是個好主意。	Esta es realmente una buena idea.
這確實。	Esto es cierto.
這種事我一點也不怕。	No le temo en absoluto a este tipo de cosas.
這節樓梯吱吱響。	Este tramo de escaleras cruje.
這裡是溫暖的。	Aquí es cálido.
這裡有一張我全家的照片。	Aquí hay una foto de toda mi familia.
這裡有刀叉和湯匙。	Aquí hay cuchillo, tenedor y cuchara.
這裡面裝滿了陳年葡萄酒和肥美的鹿肉。	Esto está lleno de vino añejo y venado gordo.
這麼說是安全的。	Decir esto es seguro.
通过创造一个更像家乡并有许多绿色植物和社区建筑物的城市地区，住在城市里快要代表想到在爱丁堡水边地生活，工作也娱乐的两万个人会有更简单、没有压力生活方式。	Al crear un área urbana que se asemeje más a un hogar y tenga muchas plantas verdes y edificios comunitarios, vivir en la ciudad casi significa que las veinte mil personas que piensan en vivir, trabajar y divertirse junto al agua en Edimburgo tendrán un estilo de vida más simple y sin estrés.
逮到了。	Atrapado.
週五上午時間非常緊迫。	El viernes por la mañana el tiempo es muy ajustado.
週六你沒必要來辦公室。	El sábado no es necesario que vengas a la oficina.
過去兩年以來湯姆都在偷錢，而且這段時間裡瑪莉都知道。	Durante los últimos dos años, Tom ha estado robando dinero, y durante ese tiempo, Mary lo ha sabido.
道本語屬於極簡主義。	El toki pona pertenece al minimalismo.
還有五十公里就到巴黎了。	Faltan cincuenta kilómetros para llegar a París.
那个孤僻的人以观察蚂蚁取乐。	La persona solitaria se entretiene observando hormigas.
那个相当能说得通。	Eso tiene bastante sentido.
那个逃犯在离这里五十英里的小镇上现身过后又消失了。	El fugitivo apareció en un pueblo a cincuenta millas de aquí y luego desapareció.
那么你下午到过几个地方？	Entonces, ¿por la tarde estuviste en varios lugares?
那么吃的话，肚子会吃坏的噢。	Entonces, si comes, te dolerá el estómago.
那么硬卡怎么用呢？	Entonces, ¿cómo se usa la tarjeta dura?
那么，您决定了吗？	Entonces, ¿ha decidido usted?
那些人从哪来的？	¿De dónde vienen esas personas?
那些花死了。	Esas flores se murieron.
那個呀！	¡Eso!
那個地點的書店無法賺足夠的錢生存下去。	La librería en ese lugar no puede ganar suficiente dinero para sobrevivir.
那個女孩喝柳橙汁。	Esa niña bebe jugo de naranja.
那個小偷在公交車上摸到了一部手機。	Ese ladrón tocó un teléfono móvil en el autobús.
那個小孩子很沒有規矩。	Ese niño no tiene modales.
那個男生從後門進來了。	Ese chico entró por la puerta trasera.
那儿有笔?	¿Hay un bolígrafo allí?
那又怎樣?	¿Y qué?
那多山地区还没有高速路。所有货运被驮在人的背上或在马的背上。	Esa región montañosa aún no tiene autopistas. Toda la carga se transporta a lomo de personas o de caballos.
那天我不行。	Ese día no puedo.
那天晚上，大學给留学生和中国的学习外语学生举行一个会议。	Esa noche, la universidad celebró una reunión para los estudiantes internacionales y los estudiantes chinos de idiomas extranjeros.
那孩子要六歲了。	Ese niño va a cumplir seis años.
那家店賣筆記本嗎？	¿Esa tienda vende cuadernos?
那就發生在我身上。	Eso me pasó a mí.
那座红楼顶的房子是我叔叔的。	Esa casa con techo rojo es de mi tío.
那时汤姆相当一个兽医。	En ese entonces, Tom quería ser veterinario.
那是我的台词！	¡Esa es mi línea!
那是我的錯。	Esa es mi culpa.
那是我真的很喜歡的椅子。	Esa es una silla que realmente me gusta.
那是新买的鞋子吗？	¿Esos son zapatos nuevos comprados?
那是新学校什么时候开学？	¿Cuándo abre la nueva escuela?
那是汤姆的选择。	Esa es la elección de Tom.
那更好吗？	¿Eso es mejor?
那本书不在桌子上。	Ese libro no está sobre la mesa.
那本書有趣嗎？	¿Ese libro es interesante?
那条新裙子让她很满意。	Esa falda nueva la dejó muy satisfecha.
那条连衣裙真的很适合她。	Ese vestido realmente le queda muy bien.
那架飞机五点起飞。	Ese avión despega a las cinco.
那條領帶很適合你的襯衫。	Esa corbata combina muy bien con tu camisa.
那留下了印象。	Eso dejó una impresión.
那真整潔。	Eso está muy ordenado.
那聞起來像奶酪。	Eso huele a queso.
那辆汽车真的很贵。	Ese coche es realmente caro.
那辆车十分新。	Ese coche es muy nuevo.
那里有多少队伍？	¿Cuántas filas hay allí?
那里的气候怎么样?	¿Cómo es el clima allí?
那隻鸚鵡死了。	Ese loro está muerto.
那，你們喜歡吃什麼呢？	Entonces, ¿qué les gusta comer?
邪教！	¡Culto!
郵箱在哪裡？	¿Dónde está el buzón?
都很好。	Todos están bien.
都是。	Todos lo son.
都给我。	Dámelos todos.
酸性腐蚀了金属。	El ácido corroió el metal.
醒醒吧。	Despierta.
醒醒！	¡Despierta!
醫生治愈我。	El médico me curó.
里瑪做的。	Lo hizo Lima.
重复！	¡Repite!
鋌而走險。	Arriesgarse.
錯。	Incorrecto.
錯在哪裡？	¿Dónde está el error?
錯！	¡Error!
钱包里有两张银行卡。	En la cartera hay dos tarjetas bancarias.
钱是他想要的最后的东西。	El dinero es lo último que él quiere.
锕在1899年被他发现。	El actinio fue descubierto por él en 1899.
错误是经常出现还是偶尔出现？错误是否能够模仿？	¿El error aparece con frecuencia u ocasionalmente? ¿Se puede imitar el error?
错误！	¡Error!
镜子被摔碎了。	El espejo se rompió.
長號:狂野可能有趣，但盡量不要發出粗啞的音符。	Trombón: lo salvaje puede ser divertido, pero procura no emitir notas ásperas.
长年累月东奔西走忙死了，生活太没有规律了。	Años de ir y venir me tienen muerto de cansancio, la vida es demasiado irregular.
长话短说，她上了禁飞名单，回来时还可能有一架无人飞机跟着我们。	En resumen, ella está en la lista de no vuelo, y al regresar podría haber un dron siguiéndonos.
門口站著一個奇怪的女人。	En la puerta hay una mujer extraña de pie.
閃亮亮！	¡Brillante!
閉嘴！	¡Cállate!
開啟野戰手電筒不會幫助你在黑暗中看得到。	Encender una linterna de campaña no te ayudará a ver en la oscuridad.
開始談論。	Empieza a hablar.
開闢新天地。	Abre nuevos caminos.
關掉收音機！	¡Apaga la radio!
關於這一點，我的想法和你不同。	En este punto, mi opinión difiere de la tuya.
闭上你们的眼睛。	Cierren los ojos.
闭嘴。	Cállate.
问她问题的时候她冷冷地瞪了我一眼。	Cuando le hice una pregunta, me lanzó una mirada fría.
问我简单些的。	Pregúntame algo más simple.
闻一下。	Huélelo.
阿姨，您别客气，喝杯开水就行。	Tía, no sea cortés, tome un vaso de agua hervida.
阿尔及利亚与我们隔着半个世界的距离。	Argelia está a medio mundo de distancia de nosotros.
阿尔法、贝塔和咖玛是希腊文字。	Alfa, beta y gamma son letras griegas.
阿爾吉利亞沒有冰川。	Argelia no tiene glaciares.
阿里似乎对蚁类研究很感兴趣。	Ali parece muy interesado en el estudio de las hormigas.
阿里是伊斯坦堡人。	Ali es de Estambul.
阿里穆罕默德蓋迪總理週六在奈洛比對記者表示，他的政府強烈譴責所謂的「令人髮指、犯罪且不人道的行為」。	El primer ministro Ali Mohamed Gedi dijo a los periodistas en Nairobi el sábado que su gobierno condena enérgicamente el llamado "acto atroz, criminal e inhumano".
阿非利康族是源在南非形成的民族。	El pueblo afrikáner es una etnia formada en Sudáfrica.
附近有个车站。	Cerca hay una estación.
院子里的是狗屋。	Lo que está en el patio es la caseta del perro.
除了蘇打水，我什麼都不喝。	Excepto agua con gas, no bebo nada más.
除此之外，别无办法。	Aparte de esto, no hay otra solución.
除死无大事，讨饭到了家。	No hay nada más grave que la muerte, y mendigar es el último recurso.
除非你去做，否則你永遠不知道。	A menos que lo hagas, nunca lo sabrás.
陰陽人與跨性別是兩碼事。	Hermafrodita y transgénero son dos cosas diferentes.
随便！	¡Como quieras!
随着北朝鲜在26号宣布了按照六方谈话上达成的共识所制定的核计划发展，美国将其从美国的恐怖主义捐助国的名单上去除。被绑架者的家属表达了不安，因为这有可能造成对绑架问题的放弃。	Con la declaración de Corea del Norte el día 26 sobre el desarrollo del plan nuclear según el consenso alcanzado en las conversaciones a seis bandas, Estados Unidos la eliminó de su lista de países patrocinadores del terrorismo. Las familias de los secuestrados expresaron su preocupación, ya que esto podría llevar al abandono del tema de los secuestros.
隔壁家的姐姐的孩子都7岁大了。	El hijo de la hermana de al lado ya tiene siete años.
隔壁家的狗很是危險。	El perro de al lado es muy peligroso.
隨便亂弄電是危險的。	Manipular la electricidad al azar es peligroso.
隨地吐痰在新加坡算是犯罪行為。	Escupir en el suelo en Singapur se considera un delito.
隨然大家一致反對，但瑪麗和約翰還是結了婚。	Aunque todos se opusieron, Mary y John se casaron de todos modos.
难道不该有人帮汤姆吗？	¿Acaso no debería alguien ayudar a Tom?
难道你不想念什么吗？	¿Acaso no extrañas nada?
雄辯如銀，沉默如金。	La elocuencia es plata, el silencio es oro.
雅妮像中了圈套的狼一样惊慌	Yani estaba tan asustada como un lobo atrapado en una trampa.
集結！	¡Reúnanse!
雖然冷戰已經過了這麼多年，俄羅斯人和德國人之間的仇恨還是沒有消除，在蘇聯曾經侵佔過的地區，這種仇恨就更深了。	Aunque han pasado tantos años desde la Guerra Fría, el odio entre rusos y alemanes aún no se ha disipado, y es aún más profundo en las regiones que la Unión Soviética ocupó.
雖然我只是在網上看了幾則新聞，但也大概知道了整件事的來龍去脈。	Aunque solo leí algunas noticias en internet, ya entendí aproximadamente todo el contexto del asunto.
雞肉是生的。	El pollo está crudo.
雨不停，我们不会出去。	Si no deja de llover, no saldremos.
零在一前面。	El cero está delante del uno.
電話前面有四本中文書。	Hay cuatro libros de chino delante del teléfono.
需要叫救护车吗？	¿Necesita una ambulancia?
霧在十時左右開始散了。	La niebla empezó a disiparse alrededor de las diez.
青年农民和外出务工农民是农村网民的主力军，在对诸如网络音乐、网络游戏、网络影视等互联网娱乐功能的使用上，农村网民和城镇网民相当。	Los jóvenes agricultores y los agricultores migrantes son la fuerza principal de los internautas rurales; en el uso de funciones de entretenimiento en internet como la música en línea, los juegos en línea y el cine y la televisión en línea, los internautas rurales y urbanos son similares.
非上上智，无了了心。	Sin la sabiduría suprema, no hay un corazón claro.
非常不幸地通知您，您被辞退了。	Lamento informarle que ha sido despedido.
非死不可是什麼？	¿Qué significa "no morir no es"?
非洲是转移的大洲。	África es un continente en transición.
靠！	¡Carajo!
鞠躬！	¡Inclínate!
韓國允許了國際原子能總署的視察。	Corea permitió la inspección del Organismo Internacional de Energía Atómica.
韓語很難學，但韓文學起來很快。	El coreano es difícil de aprender, pero el hangul se aprende rápido.
願你們平安！	¡Que tengan paz!
願你平安！	¡Que tengas paz!
顯然地勢必要做些什麼。	Evidentemente, es necesario hacer algo.
预定在一点半与博士见面。	Está previsto reunirse con el doctor a la una y media.
额...	Eh...
風很大，但不冷。	Hace mucho viento, pero no hace frío.
风暴几个小时没有减弱了。	La tormenta no ha disminuido durante varias horas.
飛行員用無線電與機場溝通。	El piloto se comunica con el aeropuerto por radio.
飞机向城市投下了炸弹。	El avión lanzó bombas sobre la ciudad.
飞机降落在新山一机场。	El avión aterrizó en el aeropuerto de Tan Son Nhat.
食物和被子被送到难民手中。	La comida y las mantas fueron entregadas a los refugiados.
馬麻，我硬了。	Mamá, estoy duro.
駝鳥不會在空中飛。	El avestruz no vuela en el aire.
马力很可爱，不是么？	Mali es muy lindo, ¿no es así?
马尼夸根湖是加拿大魁北克的环形湖，是2亿年前一场巨大冲击形成的陨石坑遗迹。	El lago Manicouagan es un lago circular en Quebec, Canadá, que es el vestigio de un cráter de impacto formado por un gran impacto hace 200 millones de años.
马蒂亚斯来自乌拉圭。他是乌拉圭人。	Matías es de Uruguay. Él es uruguayo.
高岛平时虽然一副很帅气的样子，但是在他女友面前却是一副神魂颠倒的样子。	Takashima suele parecer muy guapo, pero frente a su novia parece completamente embobado.
鮑伯一定出意外了。	Bob debe haber tenido un accidente.
鮑伯和瑪麗亞說話時很少不惹她生氣。	Bob rara vez habla con María sin enfadarla.
鮑伯早上做早餐。	Bob prepara el desayuno por la mañana.
鱼在海里。	El pez está en el mar.
鳥兒歌唱。	Los pájaros cantan.
鳥類飛行。	Las aves vuelan.
鴯鶓和鴕鳥有什麼區別？	¿Cuál es la diferencia entre el emú y el avestruz?
鷹嘴豆泥	Hummus de garbanzo
麦克以建议的口气说了些话。	Mike dijo algo en tono de sugerencia.
麻煩從A市到B市的兩張單程車票。	Dos billetes de ida de la ciudad A a la ciudad B, por favor.
麻煩您那樣做。	Por favor, haga eso.
麻煩牛排三分熟和一份馬鈴薯。	Un filete término medio y una papa, por favor.
黑的电话比白的花钱多。	El teléfono negro cuesta más que el blanco.
齊莉不是想傷害莉馬。	Qili no quiere lastimar a Lima.
齊莉努力追上里馬。	Qili se esfuerza por alcanzar a Lima.
齊莉坐在暗處。	Qili se sienta en un lugar oscuro.
齊莉被搜查了。	Qili fue registrada.
齊莉製作了蘋果醬。	Qili hizo mermelada de manzana.
齊莉需要用叉子吃這個東西。	Qili necesita usar un tenedor para comer esto.
齊裡看到橡樹上有一個很大的爪痕。	Qili vio una gran marca de garra en el roble.
齊里出生於三月或四月。	Qili nació en marzo o abril.
齊里向里瑪示範如何正確修剪棕櫚樹。	Qili le muestra a Lima cómo podar correctamente la palmera.
齊里和里瑪甚至沒有打電話通知學校。	Qili y Lima ni siquiera llamaron para avisar a la escuela.
齊里問里瑪是不是再給他打電話。	Qili le pregunta a Lima si le vuelve a llamar.
齊里在車庫裡裝上了用來掛園藝工具的掛鉤。	Qili instaló ganchos en el garaje para colgar herramientas de jardinería.
齊里在那房子裡只住了幾個月。	Qili solo vivió unos meses en esa casa.
齊里是一隻正在逃避獵人追殺的吸血鬼。	Qili es un vampiro que huye de los cazadores.
齊里獨自跳舞。	Qili baila solo.
齊里被叫上台。	Qili fue llamado al escenario.
